datetime_utc,datetime_local,pm25,pm1,um003,relativehumidity,temperature,hour,hour_sin,hour_cos,pm25_lag_1,pm25_lag_2,pm25_lag_3,rh_lag_1,rh_lag_2,rh_lag_3,temp_lag_1,temp_lag_2,temp_lag_3,pm25_rolling_std_6h,velocity_1h,velocity_now,target_delta
2026-07-02 10:00:00+00:00,2026-07-02T17:00:00+07:00,37.5,25.2,1515.0,49.0,27.6,10.0,0.49999999999999994,-0.8660254037844387,39.7,41.6,33.0,44.0,34.0,33.0,29.8,34.7,33.9,13.629441172206274,-1.8999999999999986,-2.200000000000003,14.700000000000003
2026-07-02 11:00:00+00:00,2026-07-02T18:00:00+07:00,52.2,34.1,2458.0,51.0,26.8,11.0,0.258819045102521,-0.9659258262890682,37.5,39.7,41.6,49.0,44.0,34.0,27.6,29.8,34.7,12.361013982138932,-2.200000000000003,14.700000000000003,-5.200000000000003
2026-07-02 12:00:00+00:00,2026-07-02T19:00:00+07:00,47.0,31.1,2146.0,50.0,26.2,12.0,1.2246467991473532e-16,-1.0,52.2,37.5,39.7,51.0,49.0,44.0,26.8,27.6,29.8,14.392173799208974,14.700000000000003,-5.200000000000003,14.0
2026-07-02 13:00:00+00:00,2026-07-02T20:00:00+07:00,61.0,39.1,2900.0,50.0,25.5,13.0,-0.2588190451025208,-0.9659258262890683,47.0,52.2,37.5,50.0,51.0,49.0,26.2,26.8,27.6,6.864012431999333,-5.200000000000003,14.0,11.200000000000003
2026-07-02 14:00:00+00:00,2026-07-02T21:00:00+07:00,72.2,45.6,3456.0,52.0,24.7,14.0,-0.4999999999999997,-0.8660254037844388,61.0,47.0,52.2,50.0,50.0,51.0,25.5,26.2,26.8,8.87963963232618,14.0,11.200000000000003,0.5
2026-07-02 15:00:00+00:00,2026-07-02T22:00:00+07:00,72.7,46.7,3531.0,53.0,24.0,15.0,-0.7071067811865471,-0.7071067811865479,72.2,61.0,47.0,52.0,50.0,50.0,24.7,25.5,26.2,13.226186147184729,11.200000000000003,0.5,-11.100000000000001
2026-07-02 16:00:00+00:00,2026-07-02T23:00:00+07:00,61.6,40.4,3042.0,53.0,23.7,16.0,-0.8660254037844384,-0.5000000000000004,72.7,72.2,61.0,53.0,52.0,50.0,24.0,24.7,25.5,14.119206776585749,0.5,-11.100000000000001,4.899999999999999
2026-07-02 17:00:00+00:00,2026-07-03T00:00:00+07:00,66.5,43.1,3253.0,55.0,23.2,17.0,-0.9659258262890683,-0.25881904510252063,61.6,72.7,72.2,53.0,53.0,52.0,23.7,24.0,24.7,10.354210093805042,-11.100000000000001,4.899999999999999,-16.0
2026-07-02 18:00:00+00:00,2026-07-03T01:00:00+07:00,50.5,33.6,2483.0,55.0,22.8,18.0,-1.0,-1.8369701987210297e-16,66.5,61.6,72.7,55.0,53.0,53.0,23.2,23.7,24.0,9.501999789517424,4.899999999999999,-16.0,-5.200000000000003
2026-07-02 19:00:00+00:00,2026-07-03T02:00:00+07:00,45.3,30.2,2063.0,56.0,22.5,19.0,-0.9659258262890684,0.2588190451025203,50.5,66.5,61.6,55.0,55.0,53.0,22.8,23.2,23.7,8.320436687257239,-16.0,-5.200000000000003,-7.699999999999996
2026-07-02 20:00:00+00:00,2026-07-03T03:00:00+07:00,37.6,25.3,1520.0,56.0,22.2,20.0,-0.8660254037844386,0.5000000000000001,45.3,50.5,66.5,56.0,55.0,55.0,22.5,22.8,23.2,11.387478503455212,-5.200000000000003,-7.699999999999996,161.20000000000002
2026-07-02 21:00:00+00:00,2026-07-03T04:00:00+07:00,198.8,110.4,8104.0,57.0,21.8,21.0,-0.7071067811865477,0.7071067811865474,37.6,45.3,50.5,56.0,56.0,55.0,22.2,22.5,22.8,13.440684506377798,-7.699999999999996,161.20000000000002,-39.900000000000006
2026-07-02 22:00:00+00:00,2026-07-03T05:00:00+07:00,158.9,84.3,6288.0,57.0,21.5,22.0,-0.5000000000000004,0.8660254037844384,198.8,37.6,45.3,57.0,56.0,56.0,21.8,22.2,22.5,60.73165292223376,161.20000000000002,-39.900000000000006,-54.10000000000001
2026-07-02 23:00:00+00:00,2026-07-03T06:00:00+07:00,104.8,61.4,4590.0,57.0,21.8,23.0,-0.25881904510252157,0.9659258262890681,158.9,198.8,37.6,57.0,57.0,56.0,21.5,21.8,22.2,68.39499006993623,-39.900000000000006,-54.10000000000001,-31.099999999999994
2026-07-03 00:00:00+00:00,2026-07-03T07:00:00+07:00,73.7,47.7,3575.0,54.0,22.8,0.0,0.0,1.0,104.8,158.9,198.8,57.0,57.0,57.0,21.8,21.5,21.8,67.21158878249108,-54.10000000000001,-31.099999999999994,-33.1
2026-07-03 01:00:00+00:00,2026-07-03T08:00:00+07:00,40.6,27.1,1724.0,52.0,24.5,1.0,0.25881904510252074,0.9659258262890683,73.7,104.8,158.9,54.0,57.0,57.0,22.8,21.8,21.5,64.45219675594217,-31.099999999999994,-33.1,0.3999999999999986
2026-07-03 02:00:00+00:00,2026-07-03T09:00:00+07:00,41.0,27.2,1707.0,47.0,26.1,2.0,0.49999999999999994,0.8660254037844387,40.6,73.7,104.8,52.0,54.0,57.0,24.5,22.8,21.8,65.31912430521412,-33.1,0.3999999999999986,-0.7000000000000028
2026-07-03 03:00:00+00:00,2026-07-03T10:00:00+07:00,40.3,26.9,1667.0,43.0,27.3,3.0,0.7071067811865475,0.7071067811865476,41.0,40.6,73.7,47.0,52.0,54.0,26.1,24.5,22.8,64.65590975824779,0.3999999999999986,-0.7000000000000028,2.0
2026-07-03 04:00:00+00:00,2026-07-03T11:00:00+07:00,42.3,28.1,1832.0,40.0,29.1,4.0,0.8660254037844386,0.5000000000000001,40.3,41.0,40.6,43.0,47.0,52.0,27.3,26.1,24.5,47.87060684804401,-0.7000000000000028,2.0,1.9000000000000057
2026-07-03 05:00:00+00:00,2026-07-03T12:00:00+07:00,44.2,29.6,1978.0,39.0,30.6,5.0,0.9659258262890683,0.25881904510252074,42.3,40.3,41.0,40.0,43.0,47.0,29.1,27.3,26.1,26.771583193129477,2.0,1.9000000000000057,-1.2000000000000028
2026-07-03 06:00:00+00:00,2026-07-03T13:00:00+07:00,43.0,28.8,1908.0,39.0,31.2,6.0,1.0,6.123233995736766e-17,44.2,42.3,40.3,39.0,40.0,43.0,30.6,29.1,27.3,13.15042458123107,1.9000000000000057,-1.2000000000000028,-1.1000000000000014
2026-07-03 07:00:00+00:00,2026-07-03T14:00:00+07:00,41.9,28.4,1844.0,35.0,34.0,7.0,0.9659258262890683,-0.25881904510252063,43.0,44.2,42.3,39.0,39.0,40.0,31.2,30.6,29.1,1.531012736712659,-1.2000000000000028,-1.1000000000000014,-0.10000000000000142
2026-07-03 08:00:00+00:00,2026-07-03T15:00:00+07:00,41.8,28.6,1871.0,32.0,36.5,8.0,0.8660254037844387,-0.4999999999999998,41.9,43.0,44.2,35.0,39.0,39.0,34.0,31.2,30.6,1.3963046467885118,-1.1000000000000014,-0.10000000000000142,2.200000000000003
2026-07-03 09:00:00+00:00,2026-07-03T16:00:00+07:00,44.0,29.5,1963.0,45.0,29.9,9.0,0.7071067811865476,-0.7071067811865475,41.8,41.9,43.0,32.0,35.0,39.0,36.5,34.0,31.2,1.303456942126056,-0.10000000000000142,2.200000000000003,5.600000000000001
2026-07-03 10:00:00+00:00,2026-07-03T17:00:00+07:00,49.6,32.8,2379.0,49.0,27.9,10.0,0.49999999999999994,-0.8660254037844387,44.0,41.8,41.9,45.0,32.0,35.0,29.9,36.5,34.0,1.046263191861235,2.200000000000003,5.600000000000001,2.6000000000000014
2026-07-03 11:00:00+00:00,2026-07-03T18:00:00+07:00,52.2,33.9,2510.0,51.0,27.2,11.0,0.258819045102521,-0.9659258262890682,49.6,44.0,41.8,49.0,45.0,32.0,27.9,29.9,36.5,2.8847299122525194,5.600000000000001,2.6000000000000014,-1.1000000000000014
2026-07-03 12:00:00+00:00,2026-07-03T19:00:00+07:00,51.1,33.5,2465.0,52.0,26.5,12.0,1.2246467991473532e-16,-1.0,52.2,49.6,44.0,51.0,49.0,45.0,27.2,27.9,29.9,4.400189389860993,2.6000000000000014,-1.1000000000000014,19.199999999999996
2026-07-03 13:00:00+00:00,2026-07-03T20:00:00+07:00,70.3,44.7,3344.0,53.0,25.9,13.0,-0.2588190451025208,-0.9659258262890683,51.1,52.2,49.6,52.0,51.0,49.0,26.5,27.2,27.9,4.739901546092081,-1.1000000000000014,19.199999999999996,21.10000000000001
2026-07-03 14:00:00+00:00,2026-07-03T21:00:00+07:00,91.4,57.3,4266.0,56.0,25.2,14.0,-0.4999999999999997,-0.8660254037844388,70.3,51.1,52.2,53.0,52.0,51.0,25.9,26.5,27.2,10.08007936476605,19.199999999999996,21.10000000000001,0.29999999999999716
2026-07-03 15:00:00+00:00,2026-07-03T22:00:00+07:00,91.7,58.5,4360.0,56.0,24.5,15.0,-0.7071067811865471,-0.7071067811865479,91.4,70.3,51.1,56.0,53.0,52.0,25.2,25.9,26.5,17.865795998685705,21.10000000000001,0.29999999999999716,-10.200000000000003
2026-07-03 16:00:00+00:00,2026-07-03T23:00:00+07:00,81.5,51.4,3885.0,57.0,24.1,16.0,-0.8660254037844384,-0.5000000000000004,91.7,91.4,70.3,56.0,56.0,53.0,24.5,25.2,25.9,19.939249400783847,0.29999999999999716,-10.200000000000003,5.099999999999994
2026-07-03 17:00:00+00:00,2026-07-04T00:00:00+07:00,86.6,54.1,4054.0,57.0,23.8,17.0,-0.9659258262890683,-0.25881904510252063,81.5,91.7,91.4,57.0,56.0,56.0,24.1,24.5,25.2,18.330484627163088,-10.200000000000003,5.099999999999994,-8.899999999999991
2026-07-03 18:00:00+00:00,2026-07-04T01:00:00+07:00,77.7,49.1,3688.0,57.0,23.4,18.0,-1.0,-1.8369701987210297e-16,86.6,81.5,91.7,57.0,57.0,56.0,23.8,24.1,24.5,15.702441423761652,5.099999999999994,-8.899999999999991,11.299999999999997
2026-07-03 19:00:00+00:00,2026-07-04T02:00:00+07:00,89.0,55.3,4146.0,59.0,23.1,19.0,-0.9659258262890684,0.2588190451025203,77.7,86.6,81.5,57.0,57.0,57.0,23.4,23.8,24.1,8.373768566183442,-8.899999999999991,11.299999999999997,-2.0
2026-07-03 20:00:00+00:00,2026-07-04T03:00:00+07:00,87.0,53.9,4044.0,60.0,22.7,20.0,-0.8660254037844386,0.5000000000000001,89.0,77.7,86.6,59.0,57.0,57.0,23.1,23.4,23.8,5.648864192620532,11.299999999999997,-2.0,-1.7000000000000028
2026-07-03 21:00:00+00:00,2026-07-04T04:00:00+07:00,85.3,52.6,3940.0,59.0,22.7,21.0,-0.7071067811865477,0.7071067811865474,87.0,89.0,77.7,60.0,59.0,57.0,22.7,23.1,23.4,5.117584065422859,-2.0,-1.7000000000000028,12.5
2026-07-03 22:00:00+00:00,2026-07-04T05:00:00+07:00,97.8,59.3,4426.0,58.0,22.3,22.0,-0.5000000000000004,0.8660254037844384,85.3,87.0,89.0,59.0,60.0,59.0,22.7,22.7,23.1,4.166253312830284,-1.7000000000000028,12.5,3.200000000000003
2026-07-03 23:00:00+00:00,2026-07-04T06:00:00+07:00,101.0,63.2,4720.0,59.0,22.4,23.0,-0.25881904510252157,0.9659258262890681,97.8,85.3,87.0,58.0,59.0,60.0,22.3,22.7,22.7,6.478477187323491,12.5,3.200000000000003,26.400000000000006
2026-07-04 00:00:00+00:00,2026-07-04T07:00:00+07:00,127.4,78.6,5853.0,58.0,23.5,0.0,0.0,1.0,101.0,97.8,85.3,59.0,58.0,59.0,22.4,22.3,22.7,8.537134570022442,3.200000000000003,26.400000000000006,-26.30000000000001
2026-07-04 01:00:00+00:00,2026-07-04T08:00:00+07:00,101.1,63.0,4563.0,54.0,25.4,1.0,0.25881904510252074,0.9659258262890683,127.4,101.0,97.8,58.0,59.0,58.0,23.5,22.4,22.3,15.72671824210878,26.400000000000006,-26.30000000000001,-70.1
2026-07-04 02:00:00+00:00,2026-07-04T09:00:00+07:00,31.0,20.5,1139.0,47.0,27.4,2.0,0.49999999999999994,0.8660254037844387,101.1,127.4,101.0,54.0,58.0,59.0,25.4,23.5,22.4,15.118686009924215,-26.30000000000001,-70.1,-2.1999999999999993
2026-07-04 03:00:00+00:00,2026-07-04T10:00:00+07:00,28.8,19.8,1036.0,43.0,28.8,3.0,0.7071067811865475,0.7071067811865476,31.0,101.1,127.4,47.0,54.0,58.0,27.4,25.4,23.5,32.26372576129431,-70.1,-2.1999999999999993,7.199999999999999
2026-07-04 04:00:00+00:00,2026-07-04T11:00:00+07:00,36.0,24.3,1428.0,43.0,30.1,4.0,0.8660254037844386,0.5000000000000001,28.8,31.0,101.1,43.0,47.0,54.0,28.8,27.4,25.4,41.1432821571963,-2.1999999999999993,7.199999999999999,-4.199999999999999
2026-07-04 05:00:00+00:00,2026-07-04T12:00:00+07:00,31.8,21.9,1211.0,41.0,31.1,5.0,0.9659258262890683,0.25881904510252074,36.0,28.8,31.0,43.0,43.0,47.0,30.1,28.8,27.4,43.80120622387769,7.199999999999999,-4.199999999999999,-1.3000000000000007
2026-07-04 06:00:00+00:00,2026-07-04T13:00:00+07:00,30.5,21.4,1154.0,39.0,32.2,6.0,1.0,6.123233995736766e-17,31.8,36.0,28.8,41.0,43.0,43.0,31.1,30.1,28.8,43.39381292304226,-4.199999999999999,-1.3000000000000007,1.6000000000000014
2026-07-04 07:00:00+00:00,2026-07-04T14:00:00+07:00,32.1,22.1,1229.0,35.0,34.7,7.0,0.9659258262890683,-0.25881904510252063,30.5,31.8,36.0,39.0,41.0,43.0,32.2,31.1,30.1,28.466471505966105,-1.3000000000000007,1.6000000000000014,4.399999999999999
2026-07-04 08:00:00+00:00,2026-07-04T15:00:00+07:00,36.5,25.0,1482.0,32.0,37.0,8.0,0.8660254037844387,-0.4999999999999998,32.1,30.5,31.8,35.0,39.0,41.0,34.7,32.2,31.1,2.408318915753049,1.6000000000000014,4.399999999999999,4.200000000000003
2026-07-04 09:00:00+00:00,2026-07-04T16:00:00+07:00,40.7,27.0,1680.0,45.0,30.4,9.0,0.7071067811865476,-0.7071067811865475,36.5,32.1,30.5,32.0,35.0,39.0,37.0,34.7,32.2,3.049863384914334,4.399999999999999,4.200000000000003,-1.9000000000000057
2026-07-04 10:00:00+00:00,2026-07-04T17:00:00+07:00,38.8,25.5,1551.0,51.0,28.0,10.0,0.49999999999999994,-0.8660254037844387,40.7,36.5,32.1,45.0,32.0,35.0,30.4,37.0,34.7,3.8387497964800437,4.200000000000003,-1.9000000000000057,-0.3999999999999986
2026-07-04 11:00:00+00:00,2026-07-04T18:00:00+07:00,38.4,25.1,1494.0,54.0,27.2,11.0,0.258819045102521,-0.9659258262890682,38.8,40.7,36.5,51.0,45.0,32.0,28.0,30.4,37.0,4.196506483569696,-1.9000000000000057,-0.3999999999999986,-5.600000000000001
2026-07-04 12:00:00+00:00,2026-07-04T19:00:00+07:00,32.8,22.0,1197.0,56.0,26.8,12.0,1.2246467991473532e-16,-1.0,38.4,38.8,40.7,54.0,51.0,45.0,27.2,28.0,30.4,4.030715403826361,-0.3999999999999986,-5.600000000000001,-7.199999999999996
2026-07-04 13:00:00+00:00,2026-07-04T20:00:00+07:00,25.6,16.9,905.0,56.0,26.4,13.0,-0.2588190451025208,-0.9659258262890683,32.8,38.4,38.8,56.0,54.0,51.0,26.8,27.2,28.0,3.4518111188152587,-5.600000000000001,-7.199999999999996,7.399999999999999
2026-07-04 14:00:00+00:00,2026-07-04T21:00:00+07:00,33.0,22.1,1255.0,57.0,26.1,14.0,-0.4999999999999997,-0.8660254037844388,25.6,32.8,38.4,56.0,56.0,54.0,26.4,26.8,27.2,5.525094267670254,-7.199999999999996,7.399999999999999,0.7999999999999972
2026-07-04 15:00:00+00:00,2026-07-04T22:00:00+07:00,33.8,22.6,1275.0,58.0,25.5,15.0,-0.7071067811865471,-0.7071067811865479,33.0,25.6,32.8,57.0,56.0,56.0,26.1,26.4,26.8,5.578679652627705,7.399999999999999,0.7999999999999972,10.5
2026-07-04 16:00:00+00:00,2026-07-04T23:00:00+07:00,44.3,28.4,1855.0,57.0,25.0,16.0,-0.8660254037844384,-0.5000000000000004,33.8,33.0,25.6,58.0,57.0,56.0,25.5,26.1,26.4,4.7961095344708,0.7999999999999972,10.5,29.10000000000001
2026-07-04 17:00:00+00:00,2026-07-05T00:00:00+07:00,73.4,44.8,3375.0,57.0,24.4,17.0,-0.9659258262890683,-0.25881904510252063,44.3,33.8,33.0,57.0,58.0,57.0,25.0,25.5,26.1,6.26027155960311,10.5,29.10000000000001,-8.700000000000003
2026-07-04 18:00:00+00:00,2026-07-05T01:00:00+07:00,64.7,40.0,3000.0,57.0,23.8,18.0,-1.0,-1.8369701987210297e-16,73.4,44.3,33.8,57.0,57.0,58.0,24.4,25.0,25.5,17.200513558223943,29.10000000000001,-8.700000000000003,-1.0
2026-07-04 19:00:00+00:00,2026-07-05T02:00:00+07:00,63.7,39.3,2959.0,57.0,23.5,19.0,-0.9659258262890684,0.2588190451025203,64.7,73.4,44.3,57.0,57.0,57.0,23.8,24.4,25.0,19.168202836989753,-8.700000000000003,-1.0,-7.600000000000001
2026-07-04 20:00:00+00:00,2026-07-05T03:00:00+07:00,56.1,35.1,2618.0,57.0,23.3,20.0,-0.8660254037844386,0.5000000000000001,63.7,64.7,73.4,57.0,57.0,57.0,23.5,23.8,24.4,17.36395692231427,-1.0,-7.600000000000001,-5.200000000000003
2026-07-04 21:00:00+00:00,2026-07-05T04:00:00+07:00,50.9,32.4,2356.0,58.0,23.1,21.0,-0.7071067811865477,0.7071067811865474,56.1,63.7,64.7,57.0,57.0,57.0,23.3,23.5,23.8,14.61150231837876,-7.600000000000001,-5.200000000000003,37.699999999999996
2026-07-04 22:00:00+00:00,2026-07-05T05:00:00+07:00,88.6,52.5,3944.0,60.0,22.7,22.0,-0.5000000000000004,0.8660254037844384,50.9,56.1,63.7,58.0,57.0,57.0,23.1,23.3,23.5,10.506331424431147,-5.200000000000003,37.699999999999996,44.099999999999994
2026-07-04 23:00:00+00:00,2026-07-05T06:00:00+07:00,132.7,79.4,5892.0,61.0,22.8,23.0,-0.25881904510252157,0.9659258262890681,88.6,50.9,56.1,60.0,58.0,57.0,22.7,23.1,23.3,13.402935001956108,37.699999999999996,44.099999999999994,-27.799999999999983
2026-07-05 00:00:00+00:00,2026-07-05T07:00:00+07:00,104.9,64.2,4767.0,55.0,24.0,0.0,0.0,1.0,132.7,88.6,50.9,61.0,60.0,58.0,22.8,22.7,23.1,30.589437174728562,44.099999999999994,-27.799999999999983,-31.400000000000006
2026-07-05 01:00:00+00:00,2026-07-05T08:00:00+07:00,73.5,45.8,3321.0,52.0,25.8,1.0,0.25881904510252074,0.9659258262890683,104.9,132.7,88.6,55.0,61.0,60.0,24.0,22.8,22.7,31.96050166481543,-27.799999999999983,-31.400000000000006,-33.3
2026-07-05 02:00:00+00:00,2026-07-05T09:00:00+07:00,40.2,26.0,1594.0,48.0,27.5,2.0,0.49999999999999994,0.8660254037844387,73.5,104.9,132.7,52.0,55.0,61.0,25.8,24.0,22.8,31.024877114986353,-31.400000000000006,-33.3,0.0
2026-07-05 03:00:00+00:00,2026-07-05T10:00:00+07:00,40.2,26.7,1639.0,44.0,28.7,3.0,0.7071067811865475,0.7071067811865476,40.2,73.5,104.9,48.0,52.0,55.0,27.5,25.8,24.0,34.42359655817507,-33.3,0.0,-0.30000000000000426
2026-07-05 04:00:00+00:00,2026-07-05T11:00:00+07:00,39.9,26.5,1618.0,42.0,30.3,4.0,0.8660254037844386,0.5000000000000001,40.2,40.2,73.5,44.0,48.0,52.0,28.7,27.5,25.8,36.55567899337486,0.0,-0.30000000000000426,-1.2999999999999972
2026-07-05 05:00:00+00:00,2026-07-05T12:00:00+07:00,38.6,25.6,1570.0,40.0,30.8,5.0,0.9659258262890683,0.25881904510252074,39.9,40.2,40.2,42.0,44.0,48.0,30.3,28.7,27.5,39.552446194894145,-0.30000000000000426,-1.2999999999999972,5.399999999999999
2026-07-05 06:00:00+00:00,2026-07-05T13:00:00+07:00,44.0,29.3,1948.0,39.0,32.7,6.0,1.0,6.123233995736766e-17,38.6,39.9,40.2,40.0,42.0,44.0,30.8,30.3,28.7,27.41688652394093,-1.2999999999999972,5.399999999999999,-6.0
2026-07-05 07:00:00+00:00,2026-07-05T14:00:00+07:00,38.0,25.6,1567.0,37.0,34.2,7.0,0.9659258262890683,-0.25881904510252063,44.0,38.6,39.9,39.0,40.0,42.0,32.7,30.8,30.3,13.560776772244566,5.399999999999999,-6.0,-3.5
2026-07-05 08:00:00+00:00,2026-07-05T15:00:00+07:00,34.5,23.5,1374.0,33.0,35.7,8.0,0.8660254037844387,-0.4999999999999998,38.0,44.0,38.6,37.0,39.0,40.0,34.2,32.7,30.8,2.093561558678807,-6.0,-3.5,4.700000000000003
2026-07-05 09:00:00+00:00,2026-07-05T16:00:00+07:00,39.2,26.3,1605.0,43.0,30.3,9.0,0.7071067811865476,-0.7071067811865475,34.5,38.0,44.0,33.0,37.0,39.0,35.7,34.2,32.7,3.111912595169904,-3.5,4.700000000000003,10.299999999999997
2026-07-05 10:00:00+00:00,2026-07-05T17:00:00+07:00,49.5,32.5,2327.0,49.0,28.3,10.0,0.49999999999999994,-0.8660254037844387,39.2,34.5,38.0,43.0,33.0,37.0,30.3,35.7,34.2,3.074193661213239,4.700000000000003,10.299999999999997,1.3999999999999986
2026-07-05 11:00:00+00:00,2026-07-05T18:00:00+07:00,50.9,33.3,2415.0,53.0,27.6,11.0,0.258819045102521,-0.9659258262890682,49.5,39.2,34.5,49.0,43.0,33.0,28.3,30.3,35.7,5.304589208095624,10.299999999999997,1.3999999999999986,-8.5
2026-07-05 12:00:00+00:00,2026-07-05T19:00:00+07:00,42.4,28.2,1833.0,53.0,27.1,12.0,1.2246467991473532e-16,-1.0,50.9,49.5,39.2,53.0,49.0,43.0,27.6,28.3,30.3,6.584046374885715,1.3999999999999986,-8.5,5.800000000000004
2026-07-05 13:00:00+00:00,2026-07-05T20:00:00+07:00,48.2,32.0,2264.0,56.0,26.8,13.0,-0.2588190451025208,-0.9659258262890683,42.4,50.9,49.5,53.0,53.0,49.0,27.1,27.6,28.3,6.552378702932667,-8.5,5.800000000000004,-0.10000000000000142
2026-07-05 14:00:00+00:00,2026-07-05T21:00:00+07:00,48.1,31.5,2209.0,57.0,26.5,14.0,-0.4999999999999997,-0.8660254037844388,48.2,42.4,50.9,56.0,53.0,53.0,26.8,27.1,27.6,6.500282045161315,5.800000000000004,-0.10000000000000142,-8.100000000000001
2026-07-05 15:00:00+00:00,2026-07-05T22:00:00+07:00,40.0,26.6,1643.0,57.0,26.2,15.0,-0.7071067811865471,-0.7071067811865479,48.1,48.2,42.4,57.0,56.0,53.0,26.5,26.8,27.1,4.556936105175042,-0.10000000000000142,-8.100000000000001,0.5
2026-07-05 16:00:00+00:00,2026-07-05T23:00:00+07:00,40.5,26.7,1683.0,58.0,25.7,16.0,-0.8660254037844384,-0.5000000000000004,40.0,48.1,48.2,57.0,57.0,56.0,26.2,26.5,26.8,4.3097177015029615,-8.100000000000001,0.5,13.299999999999997
2026-07-05 17:00:00+00:00,2026-07-06T00:00:00+07:00,53.8,34.9,2564.0,61.0,25.0,17.0,-0.9659258262890683,-0.25881904510252063,40.5,40.0,48.1,58.0,57.0,57.0,25.7,26.2,26.5,4.618838237765758,0.5,13.299999999999997,5.0
2026-07-05 18:00:00+00:00,2026-07-06T01:00:00+07:00,58.8,37.2,2807.0,61.0,24.8,18.0,-1.0,-1.8369701987210297e-16,53.8,40.5,40.0,61.0,58.0,57.0,25.0,25.7,26.2,5.4369108876254995,13.299999999999997,5.0,1.7000000000000028
2026-07-05 19:00:00+00:00,2026-07-06T02:00:00+07:00,60.5,37.6,2829.0,60.0,24.5,19.0,-0.9659258262890684,0.2588190451025203,58.8,53.8,40.5,61.0,61.0,58.0,24.8,25.0,25.7,7.351915850079415,5.0,1.7000000000000028,2.299999999999997
2026-07-05 20:00:00+00:00,2026-07-06T03:00:00+07:00,62.8,37.7,2852.0,57.0,24.0,20.0,-0.8660254037844386,0.5000000000000001,60.5,58.8,53.8,60.0,61.0,61.0,24.5,24.8,25.0,8.89391177529045,1.7000000000000028,2.299999999999997,-5.0
2026-07-05 21:00:00+00:00,2026-07-06T04:00:00+07:00,57.8,35.7,2610.0,60.0,24.0,21.0,-0.7071067811865477,0.7071067811865474,62.8,60.5,58.8,57.0,60.0,61.0,24.0,24.5,24.8,10.113291584180272,2.299999999999997,-5.0,-20.5
2026-07-05 22:00:00+00:00,2026-07-06T05:00:00+07:00,37.3,24.7,1463.0,59.0,24.0,22.0,-0.5000000000000004,0.8660254037844384,57.8,62.8,60.5,60.0,57.0,60.0,24.0,24.0,24.5,8.026456254162643,-5.0,-20.5,-5.399999999999999
2026-07-05 23:00:00+00:00,2026-07-06T06:00:00+07:00,31.9,21.9,1191.0,57.0,24.0,23.0,-0.25881904510252157,0.9659258262890681,37.3,57.8,62.8,59.0,60.0,57.0,24.0,24.0,24.0,9.251306214078795,-20.5,-5.399999999999999,5.200000000000003
2026-07-06 00:00:00+00:00,2026-07-06T07:00:00+07:00,37.1,24.9,1524.0,57.0,24.8,0.0,0.0,1.0,31.9,37.3,57.8,57.0,59.0,60.0,24.0,24.0,24.0,13.322674906588798,-5.399999999999999,5.200000000000003,18.799999999999997
2026-07-06 01:00:00+00:00,2026-07-06T08:00:00+07:00,55.9,35.9,2626.0,56.0,25.5,1.0,0.25881904510252074,0.9659258262890683,37.1,31.9,37.3,57.0,57.0,59.0,24.8,24.0,24.0,13.883659459954428,5.200000000000003,18.799999999999997,11.800000000000004
2026-07-06 02:00:00+00:00,2026-07-06T09:00:00+07:00,67.7,41.6,3112.0,52.0,26.3,2.0,0.49999999999999994,0.8660254037844387,55.9,37.1,31.9,56.0,57.0,57.0,25.5,24.8,24.0,13.156696647207774,18.799999999999997,11.800000000000004,-8.400000000000006
2026-07-06 03:00:00+00:00,2026-07-06T10:00:00+07:00,59.3,37.8,2835.0,49.0,27.6,3.0,0.7071067811865475,0.7071067811865476,67.7,55.9,37.1,52.0,56.0,57.0,26.3,25.5,24.8,14.415512477882364,11.800000000000004,-8.400000000000006,-13.899999999999999
2026-07-06 04:00:00+00:00,2026-07-06T11:00:00+07:00,45.4,30.2,2035.0,43.0,29.3,4.0,0.8660254037844386,0.5000000000000001,59.3,67.7,55.9,49.0,52.0,56.0,27.6,26.3,25.5,14.631882995704355,-8.400000000000006,-13.899999999999999,-8.399999999999999
2026-07-06 05:00:00+00:00,2026-07-06T12:00:00+07:00,37.0,25.2,1529.0,39.0,30.9,5.0,0.9659258262890683,0.25881904510252074,45.4,59.3,67.7,43.0,49.0,52.0,29.3,27.6,26.3,13.7735616308921,-13.899999999999999,-8.399999999999999,8.600000000000001
2026-07-06 06:00:00+00:00,2026-07-06T13:00:00+07:00,45.6,30.3,2106.0,40.0,30.9,6.0,1.0,6.123233995736766e-17,37.0,45.4,59.3,39.0,43.0,49.0,30.9,29.3,27.6,12.571396103853523,-8.399999999999999,8.600000000000001,-2.1000000000000014
2026-07-06 07:00:00+00:00,2026-07-06T14:00:00+07:00,43.5,29.2,1927.0,42.0,31.2,7.0,0.9659258262890683,-0.25881904510252063,45.6,37.0,45.4,40.0,39.0,43.0,30.9,30.9,29.3,11.174151720226956,8.600000000000001,-2.1000000000000014,-3.5
2026-07-06 08:00:00+00:00,2026-07-06T15:00:00+07:00,40.0,27.4,1698.0,32.0,36.6,8.0,0.8660254037844387,-0.4999999999999998,43.5,45.6,37.0,42.0,40.0,39.0,31.2,30.9,30.9,11.412055029659786,-2.1000000000000014,-3.5,5.299999999999997
2026-07-06 09:00:00+00:00,2026-07-06T16:00:00+07:00,45.3,30.3,2050.0,41.0,30.6,9.0,0.7071067811865476,-0.7071067811865475,40.0,43.5,45.6,32.0,42.0,40.0,36.6,31.2,30.9,7.6961462217558765,-3.5,5.299999999999997,14.800000000000004
2026-07-06 10:00:00+00:00,2026-07-06T17:00:00+07:00,60.1,39.3,2916.0,46.0,28.4,10.0,0.49999999999999994,-0.8660254037844387,45.3,40.0,43.5,41.0,32.0,42.0,30.6,36.6,31.2,3.5445733170551414,5.299999999999997,14.800000000000004,-16.5
2026-07-06 11:00:00+00:00,2026-07-06T18:00:00+07:00,43.6,29.1,1894.0,54.0,27.3,11.0,0.258819045102521,-0.9659258262890682,60.1,45.3,40.0,46.0,41.0,32.0,28.4,30.6,36.6,7.9916831769021375,14.800000000000004,-16.5,-3.3000000000000043
2026-07-06 12:00:00+00:00,2026-07-06T19:00:00+07:00,40.3,27.4,1707.0,56.0,26.9,12.0,1.2246467991473532e-16,-1.0,43.6,60.1,45.3,54.0,46.0,41.0,27.3,28.4,30.6,7.02474198814314,-16.5,-3.3000000000000043,-7.399999999999999
2026-07-06 13:00:00+00:00,2026-07-06T20:00:00+07:00,32.9,23.1,1292.0,57.0,26.6,13.0,-0.2588190451025208,-0.9659258262890683,40.3,43.6,60.1,56.0,54.0,46.0,26.9,27.3,28.4,7.4577923453692,-3.3000000000000043,-7.399999999999999,-7.0
2026-07-06 14:00:00+00:00,2026-07-06T21:00:00+07:00,25.9,18.4,969.0,57.0,26.2,14.0,-0.4999999999999997,-0.8660254037844388,32.9,40.3,43.6,57.0,56.0,54.0,26.6,26.9,27.3,9.093074287609214,-7.399999999999999,-7.0,-1.1999999999999993
2026-07-06 15:00:00+00:00,2026-07-06T22:00:00+07:00,24.7,17.1,921.0,57.0,25.8,15.0,-0.7071067811865471,-0.7071067811865479,25.9,32.9,40.3,57.0,57.0,56.0,26.2,26.6,26.9,11.691321567726146,-7.0,-1.1999999999999993,1.4000000000000021
2026-07-06 16:00:00+00:00,2026-07-06T23:00:00+07:00,26.1,18.1,963.0,56.0,25.8,16.0,-0.8660254037844384,-0.5000000000000004,24.7,25.9,32.9,57.0,57.0,57.0,25.8,26.2,26.6,13.22367825783142,-1.1999999999999993,1.4000000000000021,-5.200000000000003
2026-07-06 17:00:00+00:00,2026-07-07T00:00:00+07:00,20.9,11.7,793.0,56.0,25.5,17.0,-0.9659258262890683,-0.25881904510252063,26.1,24.7,25.9,56.0,57.0,57.0,25.8,25.8,26.2,8.114123489322411,1.4000000000000021,-5.200000000000003,2.700000000000003
2026-07-06 18:00:00+00:00,2026-07-07T01:00:00+07:00,23.6,14.8,875.0,57.0,25.3,18.0,-1.0,-1.8369701987210297e-16,20.9,26.1,24.7,56.0,56.0,57.0,25.5,25.8,25.8,6.975863148502724,-5.200000000000003,2.700000000000003,-0.7000000000000028
2026-07-06 19:00:00+00:00,2026-07-07T02:00:00+07:00,22.9,14.1,844.0,57.0,25.1,19.0,-0.9659258262890684,0.2588190451025203,23.6,20.9,26.1,57.0,56.0,56.0,25.3,25.5,25.8,4.012189759549875,2.700000000000003,-0.7000000000000028,0.5
2026-07-06 20:00:00+00:00,2026-07-07T03:00:00+07:00,23.4,14.6,860.0,57.0,25.0,20.0,-0.8660254037844386,0.5000000000000001,22.9,23.6,20.9,57.0,57.0,56.0,25.1,25.3,25.5,1.9742509127859114,-0.7000000000000028,0.5,0.3000000000000007
2026-07-06 21:00:00+00:00,2026-07-07T04:00:00+07:00,23.7,15.2,874.0,58.0,24.7,21.0,-0.7071067811865477,0.7071067811865474,23.4,22.9,23.6,57.0,57.0,57.0,25.0,25.1,25.3,1.7481418706641394,0.5,0.3000000000000007,0.6999999999999993
2026-07-06 22:00:00+00:00,2026-07-07T05:00:00+07:00,24.4,15.9,895.0,57.0,24.4,22.0,-0.5000000000000004,0.8660254037844384,23.7,23.4,22.9,58.0,57.0,57.0,24.7,25.0,25.1,1.668132688557986,0.3000000000000007,0.6999999999999993,3.3000000000000007
2026-07-06 23:00:00+00:00,2026-07-07T06:00:00+07:00,27.7,19.7,1031.0,56.0,24.3,23.0,-0.25881904510252157,0.9659258262890681,24.4,23.7,23.4,57.0,58.0,57.0,24.4,24.7,25.0,1.204574613699323,0.6999999999999993,3.3000000000000007,10.8
2026-07-07 00:00:00+00:00,2026-07-07T07:00:00+07:00,38.5,26.2,1593.0,57.0,24.9,0.0,0.0,1.0,27.7,24.4,23.7,56.0,57.0,58.0,24.3,24.4,24.7,1.7428903197379173,3.3000000000000007,10.8,3.700000000000003
2026-07-07 01:00:00+00:00,2026-07-07T08:00:00+07:00,42.2,28.2,1824.0,53.0,25.7,1.0,0.25881904510252074,0.9659258262890683,38.5,27.7,24.4,57.0,56.0,57.0,24.9,24.3,24.4,5.997221578917814,10.8,3.700000000000003,0.19999999999999574
2026-07-07 02:00:00+00:00,2026-07-07T09:00:00+07:00,42.4,28.4,1837.0,51.0,27.0,2.0,0.49999999999999994,0.8660254037844387,42.2,38.5,27.7,53.0,57.0,56.0,25.7,24.9,24.3,8.258187856100104,3.700000000000003,0.19999999999999574,-12.799999999999997
2026-07-07 03:00:00+00:00,2026-07-07T10:00:00+07:00,29.6,19.7,1101.0,49.0,27.3,3.0,0.7071067811865475,0.7071067811865476,42.4,42.2,38.5,51.0,53.0,57.0,27.0,25.7,24.9,8.850480212958745,0.19999999999999574,-12.799999999999997,-11.100000000000001
2026-07-07 04:00:00+00:00,2026-07-07T11:00:00+07:00,18.5,9.7,723.0,45.0,28.4,4.0,0.8660254037844386,0.5000000000000001,29.6,42.4,42.2,49.0,51.0,53.0,27.3,27.0,25.7,7.863247844665808,-12.799999999999997,-11.100000000000001,-8.0
2026-07-07 05:00:00+00:00,2026-07-07T12:00:00+07:00,10.5,6.2,577.0,41.0,29.6,5.0,0.9659258262890683,0.25881904510252074,18.5,29.6,42.4,45.0,49.0,51.0,28.4,27.3,27.0,9.518560815584163,-11.100000000000001,-8.0,1.1999999999999993
2026-07-07 06:00:00+00:00,2026-07-07T13:00:00+07:00,11.7,6.8,608.0,38.0,30.7,6.0,1.0,6.123233995736766e-17,10.5,18.5,29.6,41.0,45.0,49.0,29.6,28.4,27.3,13.3193718570599,-8.0,1.1999999999999993,-0.29999999999999893
2026-07-07 07:00:00+00:00,2026-07-07T14:00:00+07:00,11.4,6.2,581.0,33.0,33.8,7.0,0.9659258262890683,-0.25881904510252063,11.7,10.5,18.5,38.0,41.0,45.0,30.7,29.6,28.4,14.45785830151329,1.1999999999999993,-0.29999999999999893,3.5999999999999996
2026-07-07 08:00:00+00:00,2026-07-07T15:00:00+07:00,15.0,7.7,661.0,29.0,36.6,8.0,0.8660254037844387,-0.4999999999999998,11.4,11.7,10.5,33.0,38.0,41.0,33.8,30.7,29.6,12.856658456482144,-0.29999999999999893,3.5999999999999996,3.8999999999999986
2026-07-07 09:00:00+00:00,2026-07-07T16:00:00+07:00,18.9,9.6,727.0,41.0,29.3,9.0,0.7071067811865476,-0.7071067811865475,15.0,11.4,11.7,29.0,33.0,38.0,36.6,33.8,30.7,7.23917582785715,3.5999999999999996,3.8999999999999986,-0.8999999999999986
2026-07-07 10:00:00+00:00,2026-07-07T17:00:00+07:00,18.0,9.1,716.0,45.0,27.3,10.0,0.49999999999999994,-0.8660254037844387,18.9,15.0,11.4,41.0,29.0,33.0,29.3,36.6,33.8,3.711962643485281,3.8999999999999986,-0.8999999999999986,7.100000000000001
2026-07-07 11:00:00+00:00,2026-07-07T18:00:00+07:00,25.1,16.9,926.0,50.0,26.7,11.0,0.258819045102521,-0.9659258262890682,18.0,18.9,15.0,45.0,41.0,29.0,27.3,29.3,36.6,3.6037480489017986,-0.8999999999999986,7.100000000000001,-1.5
2026-07-07 12:00:00+00:00,2026-07-07T19:00:00+07:00,23.6,15.0,858.0,52.0,26.2,12.0,1.2246467991473532e-16,-1.0,25.1,18.0,18.9,50.0,45.0,41.0,26.7,27.3,29.3,5.158843539654172,7.100000000000001,-1.5,-0.3000000000000007
2026-07-07 13:00:00+00:00,2026-07-07T20:00:00+07:00,23.3,14.5,862.0,53.0,25.8,13.0,-0.2588190451025208,-0.9659258262890683,23.6,25.1,18.0,52.0,50.0,45.0,26.2,26.7,27.3,5.147297025297133,-1.5,-0.3000000000000007,-0.6999999999999993
2026-07-07 14:00:00+00:00,2026-07-07T21:00:00+07:00,22.6,13.2,831.0,55.0,25.3,14.0,-0.4999999999999997,-0.8660254037844388,23.3,23.6,25.1,53.0,52.0,50.0,25.8,26.2,26.7,3.9378928375423294,-0.3000000000000007,-0.6999999999999993,-6.200000000000003
2026-07-07 15:00:00+00:00,2026-07-07T22:00:00+07:00,16.4,8.4,689.0,57.0,25.2,15.0,-0.7071067811865471,-0.7071067811865479,22.6,23.3,23.6,55.0,53.0,52.0,25.3,25.8,26.2,2.820933651583206,-0.6999999999999993,-6.200000000000003,-2.599999999999998
2026-07-07 16:00:00+00:00,2026-07-07T23:00:00+07:00,13.8,7.1,629.0,57.0,25.2,16.0,-0.8660254037844384,-0.5000000000000004,16.4,22.6,23.3,57.0,55.0,53.0,25.2,25.3,25.8,3.466410246922262,-6.200000000000003,-2.599999999999998,14.399999999999999
2026-07-07 17:00:00+00:00,2026-07-08T00:00:00+07:00,28.2,18.3,1243.0,58.0,24.9,17.0,-0.9659258262890683,-0.25881904510252063,13.8,16.4,22.6,57.0,57.0,55.0,25.2,25.2,25.3,4.564646755222934,-2.599999999999998,14.399999999999999,27.500000000000004
2026-07-07 18:00:00+00:00,2026-07-08T01:00:00+07:00,55.7,36.7,2765.0,60.0,23.9,18.0,-1.0,-1.8369701987210297e-16,28.2,13.8,16.4,58.0,57.0,57.0,24.9,25.2,25.2,5.269693223199451,14.399999999999999,27.500000000000004,3.5999999999999943
2026-07-07 19:00:00+00:00,2026-07-08T02:00:00+07:00,59.3,38.9,2923.0,60.0,23.8,19.0,-0.9659258262890684,0.2588190451025203,55.7,28.2,13.8,60.0,58.0,57.0,23.9,24.9,25.2,15.126885557398698,27.500000000000004,3.5999999999999943,-4.799999999999997
2026-07-07 20:00:00+00:00,2026-07-08T03:00:00+07:00,54.5,35.9,2708.0,61.0,23.4,20.0,-0.8660254037844386,0.5000000000000001,59.3,55.7,28.2,60.0,60.0,58.0,23.8,23.9,24.9,19.908356704324962,3.5999999999999943,-4.799999999999997,-3.5
2026-07-07 21:00:00+00:00,2026-07-08T04:00:00+07:00,51.0,33.7,2509.0,62.0,23.2,21.0,-0.7071067811865477,0.7071067811865474,54.5,59.3,55.7,61.0,60.0,60.0,23.4,23.8,23.9,20.91634926717958,-4.799999999999997,-3.5,-3.799999999999997
2026-07-07 22:00:00+00:00,2026-07-08T05:00:00+07:00,47.2,31.3,2179.0,62.0,23.0,22.0,-0.5000000000000004,0.8660254037844384,51.0,54.5,59.3,62.0,61.0,60.0,23.2,23.4,23.8,18.393123715127356,-3.5,-3.799999999999997,-4.200000000000003
2026-07-07 23:00:00+00:00,2026-07-08T06:00:00+07:00,43.0,28.1,1974.0,61.0,23.6,23.0,-0.25881904510252157,0.9659258262890681,47.2,51.0,54.5,62.0,62.0,61.0,23.0,23.2,23.4,11.140092758440131,-3.799999999999997,-4.200000000000003,17.200000000000003
2026-07-08 00:00:00+00:00,2026-07-08T07:00:00+07:00,60.2,39.8,2973.0,59.0,24.0,0.0,0.0,1.0,43.0,47.2,51.0,61.0,62.0,62.0,23.6,23.0,23.2,5.966378019087598,-4.200000000000003,17.200000000000003,-12.800000000000004
2026-07-08 01:00:00+00:00,2026-07-08T08:00:00+07:00,47.4,31.4,2169.0,54.0,25.1,1.0,0.25881904510252074,0.9659258262890683,60.2,43.0,47.2,59.0,61.0,62.0,24.0,23.6,23.0,6.784000786162402,17.200000000000003,-12.800000000000004,-4.5
2026-07-08 02:00:00+00:00,2026-07-08T09:00:00+07:00,42.9,28.3,1820.0,49.0,26.2,2.0,0.49999999999999994,0.8660254037844387,47.4,60.2,43.0,54.0,59.0,61.0,25.1,24.0,23.6,6.116780198763422,-12.800000000000004,-4.5,4.399999999999999
2026-07-08 03:00:00+00:00,2026-07-08T10:00:00+07:00,47.3,31.1,2151.0,46.0,27.5,3.0,0.7071067811865475,0.7071067811865476,42.9,47.4,60.2,49.0,54.0,59.0,26.2,25.1,24.0,6.443110015097512,-4.5,4.399999999999999,-20.4
2026-07-08 04:00:00+00:00,2026-07-08T11:00:00+07:00,26.9,17.6,1016.0,42.0,28.7,4.0,0.8660254037844386,0.5000000000000001,47.3,42.9,47.4,46.0,49.0,54.0,27.5,26.2,25.1,6.345707210388991,4.399999999999999,-20.4,-10.2
2026-07-08 05:00:00+00:00,2026-07-08T12:00:00+07:00,16.7,8.5,699.0,40.0,29.6,5.0,0.9659258262890683,0.25881904510252074,26.9,47.3,42.9,42.0,46.0,49.0,28.7,27.5,26.2,10.744564517310488,-20.4,-10.2,5.5
2026-07-08 06:00:00+00:00,2026-07-08T13:00:00+07:00,22.2,13.1,832.0,38.0,31.1,6.0,1.0,6.123233995736766e-17,16.7,26.9,47.3,40.0,42.0,46.0,29.6,28.7,27.5,15.739589151774101,-10.2,5.5,0.10000000000000142
2026-07-08 07:00:00+00:00,2026-07-08T14:00:00+07:00,22.3,13.7,851.0,35.0,32.4,7.0,0.9659258262890683,-0.25881904510252063,22.2,16.7,26.9,38.0,40.0,42.0,31.1,29.6,28.7,13.598088100905017,5.5,0.10000000000000142,-1.9000000000000021
2026-07-08 08:00:00+00:00,2026-07-08T15:00:00+07:00,20.4,11.2,786.0,27.0,37.4,8.0,0.8660254037844387,-0.4999999999999998,22.3,22.2,16.7,35.0,38.0,40.0,32.4,31.1,29.6,12.42455901296456,0.10000000000000142,-1.9000000000000021,3.0
2026-07-08 09:00:00+00:00,2026-07-08T16:00:00+07:00,23.4,14.4,858.0,39.0,30.0,9.0,0.7071067811865476,-0.7071067811865475,20.4,22.3,22.2,27.0,35.0,38.0,37.4,32.4,31.1,10.958771220654105,-1.9000000000000021,3.0,0.40000000000000213
2026-07-08 10:00:00+00:00,2026-07-08T17:00:00+07:00,23.8,15.0,875.0,43.0,27.4,10.0,0.49999999999999994,-0.8660254037844387,23.4,20.4,22.3,39.0,27.0,35.0,30.0,37.4,32.4,3.3689266342018183,3.0,0.40000000000000213,-2.0
2026-07-08 11:00:00+00:00,2026-07-08T18:00:00+07:00,21.8,11.8,803.0,46.0,26.3,11.0,0.258819045102521,-0.9659258262890682,23.8,23.4,20.4,43.0,39.0,27.0,27.4,30.0,37.4,2.618141834705311,0.40000000000000213,-2.0,1.1999999999999993
2026-07-08 12:00:00+00:00,2026-07-08T19:00:00+07:00,23.0,13.6,852.0,46.0,25.7,12.0,1.2246467991473532e-16,-1.0,21.8,23.8,23.4,46.0,43.0,39.0,26.3,27.4,30.0,1.21064720981572,-2.0,1.1999999999999993,0.6999999999999993
2026-07-08 13:00:00+00:00,2026-07-08T20:00:00+07:00,23.7,14.8,877.0,49.0,25.3,13.0,-0.2588190451025208,-0.9659258262890683,23.0,21.8,23.8,46.0,46.0,43.0,25.7,26.3,27.4,1.2389511693234725,1.1999999999999993,0.6999999999999993,-1.5
2026-07-08 14:00:00+00:00,2026-07-08T21:00:00+07:00,22.2,13.5,831.0,51.0,25.0,14.0,-0.4999999999999997,-0.8660254037844388,23.7,23.0,21.8,49.0,46.0,46.0,25.3,25.7,26.3,1.3332916660036556,0.6999999999999993,-1.5,-3.0
2026-07-08 15:00:00+00:00,2026-07-08T22:00:00+07:00,19.2,10.1,749.0,53.0,24.6,15.0,-0.7071067811865471,-0.7071067811865479,22.2,23.7,23.0,51.0,49.0,46.0,25.0,25.3,25.7,0.8207719943047392,-1.5,-3.0,0.1999999999999993
2026-07-08 16:00:00+00:00,2026-07-08T23:00:00+07:00,19.4,10.5,750.0,56.0,24.3,16.0,-0.8660254037844384,-0.5000000000000004,19.2,22.2,23.7,53.0,51.0,49.0,24.6,25.0,25.3,1.7069465916174913,-3.0,0.1999999999999993,-7.099999999999998
2026-07-08 17:00:00+00:00,2026-07-09T00:00:00+07:00,12.3,6.8,607.0,57.0,23.8,17.0,-0.9659258262890683,-0.25881904510252063,19.4,19.2,22.2,56.0,53.0,51.0,24.3,24.6,25.0,1.863061995739132,0.1999999999999993,-7.099999999999998,25.999999999999996
2026-07-08 18:00:00+00:00,2026-07-09T01:00:00+07:00,38.3,25.4,1677.0,57.0,23.2,18.0,-1.0,-1.8369701987210297e-16,12.3,19.4,19.2,57.0,56.0,53.0,23.8,24.3,24.6,4.190783538508426,-7.099999999999998,25.999999999999996,12.600000000000001
2026-07-08 19:00:00+00:00,2026-07-09T02:00:00+07:00,50.9,33.8,2478.0,59.0,22.8,19.0,-0.9659258262890684,0.2588190451025203,38.3,12.3,19.4,57.0,57.0,56.0,23.2,23.8,24.3,8.668429307933167,25.999999999999996,12.600000000000001,-5.5
2026-07-08 20:00:00+00:00,2026-07-09T03:00:00+07:00,45.4,29.8,1997.0,57.0,22.2,20.0,-0.8660254037844386,0.5000000000000001,50.9,38.3,12.3,59.0,57.0,57.0,22.8,23.2,23.8,14.536952913178562,12.600000000000001,-5.5,-5.199999999999996
2026-07-08 21:00:00+00:00,2026-07-09T04:00:00+07:00,40.2,25.9,1579.0,57.0,21.7,21.0,-0.7071067811865477,0.7071067811865474,45.4,50.9,38.3,57.0,59.0,57.0,22.2,22.8,23.2,16.000677069006787,-5.5,-5.199999999999996,4.599999999999994
2026-07-08 22:00:00+00:00,2026-07-09T05:00:00+07:00,44.8,29.3,1936.0,55.0,21.6,22.0,-0.5000000000000004,0.8660254037844384,40.2,45.4,50.9,57.0,57.0,59.0,21.7,22.2,22.8,15.202028373432332,-5.199999999999996,4.599999999999994,19.900000000000006
2026-07-08 23:00:00+00:00,2026-07-09T06:00:00+07:00,64.7,41.9,3140.0,57.0,21.6,23.0,-0.25881904510252157,0.9659258262890681,44.8,40.2,45.4,55.0,57.0,57.0,21.6,21.7,22.2,13.640344570427004,4.599999999999994,19.900000000000006,86.8
2026-07-09 00:00:00+00:00,2026-07-09T07:00:00+07:00,151.5,93.2,6884.0,55.0,22.5,0.0,0.0,1.0,64.7,44.8,40.2,57.0,55.0,57.0,21.6,21.6,21.7,9.559794279515078,19.900000000000006,86.8,-39.0
2026-07-09 01:00:00+00:00,2026-07-09T08:00:00+07:00,112.5,70.8,5252.0,49.0,23.8,1.0,0.25881904510252074,0.9659258262890683,151.5,64.7,44.8,55.0,57.0,55.0,22.5,21.6,21.6,42.61224002560759,86.8,-39.0,-62.5
2026-07-09 02:00:00+00:00,2026-07-09T09:00:00+07:00,50.0,33.2,2361.0,42.0,25.9,2.0,0.49999999999999994,0.8660254037844387,112.5,151.5,64.7,49.0,55.0,57.0,23.8,22.5,21.6,45.49731493908917,-39.0,-62.5,-24.4
2026-07-09 03:00:00+00:00,2026-07-09T10:00:00+07:00,25.6,16.3,967.0,35.0,27.8,3.0,0.7071067811865475,0.7071067811865476,50.0,112.5,151.5,42.0,49.0,55.0,25.9,23.8,22.5,44.90298059891645,-62.5,-24.4,6.600000000000001
2026-07-09 04:00:00+00:00,2026-07-09T11:00:00+07:00,32.2,21.9,1211.0,32.0,29.2,4.0,0.8660254037844386,0.5000000000000001,25.6,50.0,112.5,35.0,42.0,49.0,27.8,25.9,23.8,47.627418573758526,-24.4,6.600000000000001,1.7999999999999972
2026-07-09 05:00:00+00:00,2026-07-09T12:00:00+07:00,34.0,23.3,1334.0,32.0,29.5,5.0,0.9659258262890683,0.25881904510252074,32.2,25.6,50.0,32.0,35.0,42.0,29.2,27.8,25.9,49.459913060983,6.600000000000001,1.7999999999999972,-3.6000000000000014
2026-07-09 06:00:00+00:00,2026-07-09T13:00:00+07:00,30.4,21.7,1163.0,35.0,30.2,6.0,1.0,6.123233995736766e-17,34.0,32.2,25.6,32.0,32.0,35.0,29.5,29.2,27.8,51.98286897302476,1.7999999999999972,-3.6000000000000014,-5.099999999999998
2026-07-09 07:00:00+00:00,2026-07-09T14:00:00+07:00,25.3,16.7,958.0,35.0,30.9,7.0,0.9659258262890683,-0.25881904510252063,30.4,34.0,32.2,35.0,32.0,32.0,30.2,29.5,29.2,32.9229251434313,-3.6000000000000014,-5.099999999999998,-5.400000000000002
2026-07-09 08:00:00+00:00,2026-07-09T15:00:00+07:00,19.9,10.7,767.0,41.0,29.5,8.0,0.8660254037844387,-0.4999999999999998,25.3,30.4,34.0,35.0,35.0,32.0,30.9,30.2,29.5,9.070924245447005,-5.099999999999998,-5.400000000000002,3.700000000000003
2026-07-09 09:00:00+00:00,2026-07-09T16:00:00+07:00,23.6,14.8,870.0,47.0,27.6,9.0,0.7071067811865476,-0.7071067811865475,19.9,25.3,30.4,41.0,35.0,35.0,29.5,30.9,30.2,5.253570214622475,-5.400000000000002,3.700000000000003,0.8999999999999986
2026-07-09 10:00:00+00:00,2026-07-09T17:00:00+07:00,24.5,15.8,897.0,50.0,26.5,10.0,0.49999999999999994,-0.8660254037844387,23.6,19.9,25.3,47.0,41.0,35.0,27.6,29.5,30.9,5.486954224944372,3.700000000000003,0.8999999999999986,-3.6999999999999993
2026-07-09 11:00:00+00:00,2026-07-09T18:00:00+07:00,20.8,11.0,778.0,52.0,25.8,11.0,0.258819045102521,-0.9659258262890682,24.5,23.6,19.9,50.0,47.0,41.0,26.5,27.6,29.5,5.071258883811206,0.8999999999999986,-3.6999999999999993,-5.4
2026-07-09 12:00:00+00:00,2026-07-09T19:00:00+07:00,15.4,7.6,644.0,53.0,25.3,12.0,1.2246467991473532e-16,-1.0,20.8,24.5,23.6,52.0,50.0,47.0,25.8,26.5,27.6,3.7434832264393383,-3.6999999999999993,-5.4,-0.8000000000000007
2026-07-09 13:00:00+00:00,2026-07-09T20:00:00+07:00,14.6,7.2,631.0,55.0,25.1,13.0,-0.2588190451025208,-0.9659258262890683,15.4,20.8,24.5,53.0,52.0,50.0,25.3,25.8,26.5,3.689670265298933,-5.4,-0.8000000000000007,-4.9
2026-07-09 14:00:00+00:00,2026-07-09T21:00:00+07:00,9.7,5.2,535.0,56.0,25.0,14.0,-0.4999999999999997,-0.8660254037844388,14.6,15.4,20.8,55.0,53.0,52.0,25.1,25.3,25.8,4.097316194774733,-0.8000000000000007,-4.9,-1.0999999999999996
2026-07-09 15:00:00+00:00,2026-07-09T22:00:00+07:00,8.6,5.0,526.0,57.0,25.0,15.0,-0.7071067811865471,-0.7071067811865479,9.7,14.6,15.4,56.0,55.0,53.0,25.0,25.1,25.3,5.806892456379939,-4.9,-1.0999999999999996,2.200000000000001
2026-07-09 16:00:00+00:00,2026-07-09T23:00:00+07:00,10.8,6.5,595.0,57.0,24.8,16.0,-0.8660254037844384,-0.5000000000000004,8.6,9.7,14.6,57.0,56.0,55.0,25.0,25.0,25.1,6.182232606426312,-1.0999999999999996,2.200000000000001,41.099999999999994
2026-07-09 17:00:00+00:00,2026-07-10T00:00:00+07:00,51.9,34.5,2556.0,60.0,23.8,17.0,-0.9659258262890683,-0.25881904510252063,10.8,8.6,9.7,57.0,57.0,56.0,24.8,25.0,25.0,4.55298436924902,2.200000000000001,41.099999999999994,-8.0
2026-07-09 18:00:00+00:00,2026-07-10T01:00:00+07:00,43.9,29.3,1940.0,61.0,23.5,18.0,-1.0,-1.8369701987210297e-16,51.9,10.8,8.6,60.0,57.0,57.0,23.8,24.8,25.0,16.583847563215315,41.099999999999994,-8.0,0.20000000000000284
2026-07-09 19:00:00+00:00,2026-07-10T02:00:00+07:00,44.1,29.2,1914.0,59.0,23.3,19.0,-0.9659258262890684,0.2588190451025203,43.9,51.9,10.8,61.0,60.0,57.0,23.5,23.8,24.8,19.366440044571057,-8.0,0.20000000000000284,-8.300000000000004
2026-07-09 20:00:00+00:00,2026-07-10T03:00:00+07:00,35.8,23.7,1371.0,54.0,22.9,20.0,-0.8660254037844386,0.5000000000000001,44.1,43.9,51.9,59.0,61.0,60.0,23.3,23.5,23.8,20.44579826435337,0.20000000000000284,-8.300000000000004,7.400000000000006
2026-07-09 21:00:00+00:00,2026-07-10T04:00:00+07:00,43.2,28.4,1893.0,57.0,22.2,21.0,-0.7071067811865477,0.7071067811865474,35.8,44.1,43.9,54.0,59.0,61.0,22.9,23.3,23.5,18.40580524363544,-8.300000000000004,7.400000000000006,4.599999999999994
2026-07-09 22:00:00+00:00,2026-07-10T05:00:00+07:00,47.8,31.5,2202.0,59.0,22.0,22.0,-0.5000000000000004,0.8660254037844384,43.2,35.8,44.1,57.0,54.0,59.0,22.2,22.9,23.3,14.397696575030384,7.400000000000006,4.599999999999994,37.2
2026-07-09 23:00:00+00:00,2026-07-10T06:00:00+07:00,85.0,53.5,3938.0,60.0,22.0,23.0,-0.25881904510252157,0.9659258262890681,47.8,43.2,35.8,59.0,57.0,54.0,22.0,22.2,22.9,5.3578913762765765,4.599999999999994,37.2,5.099999999999994
2026-07-10 00:00:00+00:00,2026-07-10T07:00:00+07:00,90.1,57.0,4257.0,57.0,23.0,0.0,0.0,1.0,85.0,47.8,43.2,60.0,59.0,57.0,22.0,22.0,22.2,17.605302231619003,37.2,5.099999999999994,-26.299999999999997
2026-07-10 01:00:00+00:00,2026-07-10T08:00:00+07:00,63.8,41.3,3092.0,49.0,24.5,1.0,0.25881904510252074,0.9659258262890683,90.1,85.0,47.8,57.0,60.0,59.0,23.0,22.0,22.0,23.52816751612105,5.099999999999994,-26.299999999999997,-6.699999999999996
2026-07-10 02:00:00+00:00,2026-07-10T09:00:00+07:00,57.1,35.7,2652.0,43.0,26.2,2.0,0.49999999999999994,0.8660254037844387,63.8,90.1,85.0,49.0,57.0,60.0,24.5,23.0,22.0,22.6130714410933,-26.299999999999997,-6.699999999999996,-7.700000000000003
2026-07-10 03:00:00+00:00,2026-07-10T10:00:00+07:00,49.4,32.3,2299.0,39.0,27.8,3.0,0.7071067811865475,0.7071067811865476,57.1,63.8,90.1,43.0,49.0,57.0,26.2,24.5,23.0,19.30512885219862,-6.699999999999996,-7.700000000000003,-9.899999999999999
2026-07-10 04:00:00+00:00,2026-07-10T11:00:00+07:00,39.5,26.8,1683.0,34.0,29.6,4.0,0.8660254037844386,0.5000000000000001,49.4,57.1,63.8,39.0,43.0,49.0,27.8,26.2,24.5,18.06296395021202,-7.700000000000003,-9.899999999999999,-1.7999999999999972
2026-07-10 05:00:00+00:00,2026-07-10T12:00:00+07:00,37.7,25.7,1565.0,34.0,30.4,5.0,0.9659258262890683,0.25881904510252074,39.5,49.4,57.1,34.0,39.0,43.0,29.6,27.8,26.2,19.91549647887271,-9.899999999999999,-1.7999999999999972,-9.000000000000004
2026-07-10 06:00:00+00:00,2026-07-10T13:00:00+07:00,28.7,19.6,1078.0,35.0,29.9,6.0,1.0,6.123233995736766e-17,37.7,39.5,49.4,34.0,34.0,39.0,30.4,29.6,27.8,19.365605249169278,-1.7999999999999972,-9.000000000000004,-5.300000000000001
2026-07-10 07:00:00+00:00,2026-07-10T14:00:00+07:00,23.4,14.5,879.0,36.0,28.9,7.0,0.9659258262890683,-0.25881904510252063,28.7,37.7,39.5,35.0,34.0,34.0,29.9,30.4,29.6,13.130371916539374,-9.000000000000004,-5.300000000000001,5.800000000000001
2026-07-10 08:00:00+00:00,2026-07-10T15:00:00+07:00,29.2,20.1,1100.0,34.0,31.3,8.0,0.8660254037844387,-0.4999999999999998,23.4,28.7,37.7,36.0,35.0,34.0,28.9,29.9,30.4,12.542886430163303,-5.300000000000001,5.800000000000001,1.3000000000000007
2026-07-10 09:00:00+00:00,2026-07-10T16:00:00+07:00,30.5,21.1,1150.0,40.0,28.4,9.0,0.7071067811865476,-0.7071067811865475,29.2,23.4,28.7,34.0,36.0,35.0,31.3,28.9,29.9,9.402712374627416,5.800000000000001,1.3000000000000007,1.3999999999999986
2026-07-10 10:00:00+00:00,2026-07-10T17:00:00+07:00,31.9,21.9,1212.0,46.0,27.1,10.0,0.49999999999999994,-0.8660254037844387,30.5,29.2,23.4,40.0,34.0,36.0,28.4,31.3,28.9,6.03622398523857,1.3000000000000007,1.3999999999999986,3.700000000000003
2026-07-10 11:00:00+00:00,2026-07-10T18:00:00+07:00,35.6,24.0,1406.0,50.0,26.2,11.0,0.258819045102521,-0.9659258262890682,31.9,30.5,29.2,46.0,40.0,34.0,27.1,28.4,31.3,4.66290324439991,1.3999999999999986,3.700000000000003,2.0
2026-07-10 12:00:00+00:00,2026-07-10T19:00:00+07:00,37.6,24.9,1501.0,51.0,25.6,12.0,1.2246467991473532e-16,-1.0,35.6,31.9,30.5,50.0,46.0,40.0,26.2,27.1,28.4,4.025626245273518,3.700000000000003,2.0,12.199999999999996
2026-07-10 13:00:00+00:00,2026-07-10T20:00:00+07:00,49.8,32.3,2343.0,50.0,25.1,13.0,-0.2588190451025208,-0.9659258262890683,37.6,35.6,31.9,51.0,50.0,46.0,25.6,26.2,27.1,5.019428918376671,2.0,12.199999999999996,9.100000000000001
2026-07-10 14:00:00+00:00,2026-07-10T21:00:00+07:00,58.9,37.7,2846.0,50.0,24.1,14.0,-0.4999999999999997,-0.8660254037844388,49.8,37.6,35.6,50.0,51.0,50.0,25.1,25.6,26.2,7.5648309080004585,12.199999999999996,9.100000000000001,18.1
2026-07-10 15:00:00+00:00,2026-07-10T22:00:00+07:00,77.0,47.3,3577.0,51.0,23.3,15.0,-0.7071067811865471,-0.7071067811865479,58.9,49.8,37.6,50.0,50.0,51.0,24.1,25.1,25.6,11.23519766922872,9.100000000000001,18.1,-7.900000000000006
2026-07-10 16:00:00+00:00,2026-07-10T23:00:00+07:00,69.1,43.7,3299.0,51.0,22.9,16.0,-0.8660254037844384,-0.5000000000000004,77.0,58.9,49.8,51.0,50.0,50.0,23.3,24.1,25.1,17.221343346749926,18.1,-7.900000000000006,-2.299999999999997
2026-07-10 17:00:00+00:00,2026-07-11T00:00:00+07:00,66.8,42.4,3187.0,52.0,22.3,17.0,-0.9659258262890683,-0.25881904510252063,69.1,77.0,58.9,51.0,51.0,50.0,22.9,23.3,24.1,16.754183557149304,-7.900000000000006,-2.299999999999997,-24.799999999999997
2026-07-10 18:00:00+00:00,2026-07-11T01:00:00+07:00,42.0,27.5,1754.0,49.0,22.2,18.0,-1.0,-1.8369701987210297e-16,66.8,69.1,77.0,52.0,51.0,51.0,22.3,22.9,23.3,14.317495125428044,-2.299999999999997,-24.799999999999997,13.100000000000001
2026-07-10 19:00:00+00:00,2026-07-11T02:00:00+07:00,55.1,35.8,2535.0,51.0,21.9,19.0,-0.9659258262890684,0.2588190451025203,42.0,66.8,69.1,49.0,52.0,51.0,22.2,22.3,22.9,13.00107687847394,-24.799999999999997,13.100000000000001,3.5
2026-07-10 20:00:00+00:00,2026-07-11T03:00:00+07:00,58.6,37.6,2837.0,54.0,21.7,20.0,-0.8660254037844386,0.5000000000000001,55.1,42.0,66.8,51.0,49.0,52.0,21.9,22.2,22.3,12.280621591216665,13.100000000000001,3.5,-3.3000000000000043
2026-07-10 21:00:00+00:00,2026-07-11T04:00:00+07:00,55.3,35.6,2591.0,54.0,21.5,21.0,-0.7071067811865477,0.7071067811865474,58.6,55.1,42.0,54.0,51.0,49.0,21.7,21.9,22.2,12.29384669933121,3.5,-3.3000000000000043,32.10000000000001
2026-07-10 22:00:00+00:00,2026-07-11T05:00:00+07:00,87.4,53.2,3937.0,54.0,21.4,22.0,-0.5000000000000004,0.8660254037844384,55.3,58.6,55.1,54.0,54.0,51.0,21.5,21.7,21.9,9.721196771316503,-3.3000000000000043,32.10000000000001,37.5
2026-07-10 23:00:00+00:00,2026-07-11T06:00:00+07:00,124.9,75.4,5610.0,55.0,21.2,23.0,-0.25881904510252157,0.9659258262890681,87.4,55.3,58.6,54.0,54.0,54.0,21.4,21.5,21.7,15.261411031312164,32.10000000000001,37.5,-23.5
2026-07-11 00:00:00+00:00,2026-07-11T07:00:00+07:00,101.4,64.5,4818.0,53.0,22.2,0.0,0.0,1.0,124.9,87.4,55.3,55.0,54.0,54.0,21.2,21.4,21.5,30.551644800239426,37.5,-23.5,7.299999999999997
2026-07-11 01:00:00+00:00,2026-07-11T08:00:00+07:00,108.7,68.6,5100.0,48.0,24.0,1.0,0.25881904510252074,0.9659258262890683,101.4,124.9,87.4,53.0,55.0,54.0,22.2,21.2,21.4,29.03644261957728,-23.5,7.299999999999997,-53.400000000000006
2026-07-11 02:00:00+00:00,2026-07-11T09:00:00+07:00,55.3,36.2,2538.0,41.0,25.9,2.0,0.49999999999999994,0.8660254037844387,108.7,101.4,124.9,48.0,53.0,55.0,24.0,22.2,21.2,27.900495813993647,7.299999999999997,-53.400000000000006,-17.799999999999997
2026-07-11 03:00:00+00:00,2026-07-11T10:00:00+07:00,37.5,25.4,1524.0,36.0,27.3,3.0,0.7071067811865475,0.7071067811865476,55.3,108.7,101.4,41.0,48.0,53.0,25.9,24.0,22.2,28.6511198152302,-53.400000000000006,-17.799999999999997,-5.299999999999997
2026-07-11 04:00:00+00:00,2026-07-11T11:00:00+07:00,32.2,22.2,1229.0,33.0,28.3,4.0,0.8660254037844386,0.5000000000000001,37.5,55.3,108.7,36.0,41.0,48.0,27.3,25.9,24.0,33.353420614184,-17.799999999999997,-5.299999999999997,-1.1000000000000014
2026-07-11 05:00:00+00:00,2026-07-11T12:00:00+07:00,31.1,21.8,1192.0,32.0,29.6,5.0,0.9659258262890683,0.25881904510252074,32.2,37.5,55.3,33.0,36.0,41.0,28.3,27.3,25.9,39.830072390929296,-5.299999999999997,-1.1000000000000014,-0.6000000000000014
2026-07-11 06:00:00+00:00,2026-07-11T13:00:00+07:00,30.5,21.5,1158.0,31.0,30.7,6.0,1.0,6.123233995736766e-17,31.1,32.2,37.5,32.0,33.0,36.0,29.6,28.3,27.3,35.25800145593418,-1.1000000000000014,-0.6000000000000014,2.299999999999997
2026-07-11 07:00:00+00:00,2026-07-11T14:00:00+07:00,32.8,22.8,1308.0,27.0,33.5,7.0,0.9659258262890683,-0.25881904510252063,30.5,31.1,32.2,31.0,32.0,33.0,30.7,29.6,28.3,30.596236151962348,-0.6000000000000014,2.299999999999997,14.800000000000004
2026-07-11 08:00:00+00:00,2026-07-11T15:00:00+07:00,47.6,32.0,2264.0,28.0,35.2,8.0,0.8660254037844387,-0.4999999999999998,32.8,30.5,31.1,27.0,31.0,32.0,33.5,30.7,29.6,9.505296768993512,2.299999999999997,14.800000000000004,-1.8000000000000043
2026-07-11 09:00:00+00:00,2026-07-11T16:00:00+07:00,45.8,30.5,2096.0,36.0,30.0,9.0,0.7071067811865476,-0.7071067811865475,47.6,32.8,30.5,28.0,27.0,31.0,35.2,33.5,30.7,6.52178400950519,14.800000000000004,-1.8000000000000043,-7.199999999999996
2026-07-11 10:00:00+00:00,2026-07-11T17:00:00+07:00,38.6,25.9,1620.0,39.0,27.8,10.0,0.49999999999999994,-0.8660254037844387,45.8,47.6,32.8,36.0,28.0,27.0,30.0,35.2,33.5,7.83419853377731,-1.8000000000000043,-7.199999999999996,8.399999999999999
2026-07-11 11:00:00+00:00,2026-07-11T18:00:00+07:00,47.0,30.4,2133.0,41.0,27.1,11.0,0.258819045102521,-0.9659258262890682,38.6,45.8,47.6,39.0,36.0,28.0,27.8,30.0,35.2,7.534365710969925,-7.199999999999996,8.399999999999999,4.600000000000001
2026-07-11 12:00:00+00:00,2026-07-11T19:00:00+07:00,51.6,33.7,2444.0,43.0,26.2,12.0,1.2246467991473532e-16,-1.0,47.0,38.6,45.8,41.0,39.0,36.0,27.1,27.8,30.0,7.530847672516106,8.399999999999999,4.600000000000001,19.9
2026-07-11 13:00:00+00:00,2026-07-11T20:00:00+07:00,71.5,45.6,3436.0,45.0,25.0,13.0,-0.2588190451025208,-0.9659258262890683,51.6,47.0,38.6,43.0,41.0,39.0,26.2,27.1,27.8,6.892024376043449,4.600000000000001,19.9,3.299999999999997
2026-07-11 14:00:00+00:00,2026-07-11T21:00:00+07:00,74.8,48.0,3612.0,47.0,24.3,14.0,-0.4999999999999997,-0.8660254037844388,71.5,51.6,47.0,45.0,43.0,41.0,25.0,26.2,27.1,11.193167558827197,19.9,3.299999999999997,3.700000000000003
2026-07-11 15:00:00+00:00,2026-07-11T22:00:00+07:00,78.5,50.6,3802.0,49.0,23.5,15.0,-0.7071067811865471,-0.7071067811865479,74.8,71.5,51.6,47.0,45.0,43.0,24.3,25.0,26.2,14.787618694930275,3.299999999999997,3.700000000000003,20.900000000000006
2026-07-11 16:00:00+00:00,2026-07-11T23:00:00+07:00,99.4,62.8,4673.0,51.0,23.4,16.0,-0.8660254037844384,-0.5000000000000004,78.5,74.8,71.5,49.0,47.0,45.0,23.5,24.3,25.0,16.67569089023466,3.700000000000003,20.900000000000006,26.39999999999999
2026-07-11 17:00:00+00:00,2026-07-12T00:00:00+07:00,125.8,75.8,5599.0,51.0,23.6,17.0,-0.9659258262890683,-0.25881904510252063,99.4,78.5,74.8,51.0,49.0,47.0,23.4,23.5,24.3,19.121471352034145,20.900000000000006,26.39999999999999,150.7
2026-07-11 18:00:00+00:00,2026-07-12T01:00:00+07:00,276.5,149.3,11003.0,53.0,23.2,18.0,-1.0,-1.8369701987210297e-16,125.8,99.4,78.5,51.0,51.0,49.0,23.6,23.4,23.5,25.707353033714018,26.39999999999999,150.7,-33.80000000000001
2026-07-11 19:00:00+00:00,2026-07-12T02:00:00+07:00,242.7,134.8,9861.0,53.0,23.0,19.0,-0.9659258262890684,0.2588190451025203,276.5,125.8,99.4,53.0,51.0,51.0,23.2,23.6,23.4,78.81719144112343,150.7,-33.80000000000001,47.19999999999999
2026-07-11 20:00:00+00:00,2026-07-12T03:00:00+07:00,289.9,159.1,11646.0,55.0,22.4,20.0,-0.8660254037844386,0.5000000000000001,242.7,276.5,125.8,53.0,53.0,51.0,23.0,23.2,23.6,87.7587013729506,-33.80000000000001,47.19999999999999,-115.39999999999998
2026-07-11 21:00:00+00:00,2026-07-12T04:00:00+07:00,174.5,99.9,7349.0,56.0,21.9,21.0,-0.7071067811865477,0.7071067811865474,289.9,242.7,276.5,55.0,53.0,53.0,22.4,23.0,23.2,94.74016395735626,47.19999999999999,-115.39999999999998,-57.0
2026-07-11 22:00:00+00:00,2026-07-12T05:00:00+07:00,117.5,69.7,5186.0,56.0,21.6,22.0,-0.5000000000000004,0.8660254037844384,174.5,289.9,242.7,56.0,55.0,53.0,21.9,22.4,23.0,80.02611240505662,-115.39999999999998,-57.0,10.699999999999989
2026-07-11 23:00:00+00:00,2026-07-12T06:00:00+07:00,128.2,76.8,5682.0,56.0,21.6,23.0,-0.25881904510252157,0.9659258262890681,117.5,174.5,289.9,56.0,56.0,55.0,21.6,21.9,22.4,75.62947617607013,-57.0,10.699999999999989,37.5
2026-07-12 00:00:00+00:00,2026-07-12T07:00:00+07:00,165.7,99.7,7365.0,53.0,22.6,0.0,0.0,1.0,128.2,117.5,174.5,56.0,56.0,56.0,21.6,21.6,21.9,75.13482326236456,10.699999999999989,37.5,-47.69999999999999
2026-07-12 01:00:00+00:00,2026-07-12T08:00:00+07:00,118.0,73.5,5452.0,48.0,24.6,1.0,0.25881904510252074,0.9659258262890683,165.7,128.2,117.5,53.0,56.0,56.0,22.6,21.6,21.6,67.21084485904595,37.5,-47.69999999999999,-27.5
2026-07-12 02:00:00+00:00,2026-07-12T09:00:00+07:00,90.5,57.1,4200.0,41.0,26.5,2.0,0.49999999999999994,0.8660254037844387,118.0,165.7,128.2,48.0,53.0,56.0,24.6,22.6,21.6,65.58632987648208,-47.69999999999999,-27.5,-47.6
2026-07-12 03:00:00+00:00,2026-07-12T10:00:00+07:00,42.9,28.4,1814.0,34.0,28.2,3.0,0.7071067811865475,0.7071067811865476,90.5,118.0,165.7,41.0,48.0,53.0,26.5,24.6,22.6,31.88705066323998,-27.5,-47.6,-0.7999999999999972
2026-07-12 04:00:00+00:00,2026-07-12T11:00:00+07:00,42.1,27.8,1767.0,33.0,29.7,4.0,0.8660254037844386,0.5000000000000001,42.9,90.5,118.0,34.0,41.0,48.0,28.2,26.5,24.6,41.07391710887434,-47.6,-0.7999999999999972,1.7999999999999972
2026-07-12 05:00:00+00:00,2026-07-12T12:00:00+07:00,43.9,29.1,1907.0,33.0,31.0,5.0,0.9659258262890683,0.25881904510252074,42.1,42.9,90.5,33.0,34.0,41.0,29.7,28.2,26.5,49.218573729843115,-0.7999999999999972,1.7999999999999972,3.700000000000003
2026-07-12 06:00:00+00:00,2026-07-12T13:00:00+07:00,47.6,31.7,2213.0,33.0,32.1,6.0,1.0,6.123233995736766e-17,43.9,42.1,42.9,33.0,33.0,34.0,31.0,29.7,28.2,50.84453756304595,1.7999999999999972,3.700000000000003,-1.1000000000000014
2026-07-12 07:00:00+00:00,2026-07-12T14:00:00+07:00,46.5,31.4,2170.0,31.0,34.1,7.0,0.9659258262890683,-0.25881904510252063,47.6,43.9,42.1,33.0,33.0,33.0,32.1,31.0,29.7,32.29821460493815,3.700000000000003,-1.1000000000000014,-6.0
2026-07-12 08:00:00+00:00,2026-07-12T15:00:00+07:00,40.5,27.6,1734.0,29.0,36.1,8.0,0.8660254037844387,-0.4999999999999998,46.5,47.6,43.9,31.0,33.0,33.0,34.1,32.1,31.0,18.856908548326878,-1.1000000000000014,-6.0,-0.10000000000000142
2026-07-12 09:00:00+00:00,2026-07-12T16:00:00+07:00,40.4,27.4,1699.0,38.0,30.3,9.0,0.7071067811865476,-0.7071067811865475,40.5,46.5,47.6,29.0,31.0,33.0,36.1,34.1,32.1,2.6925205044015437,-6.0,-0.10000000000000142,5.700000000000003
2026-07-12 10:00:00+00:00,2026-07-12T17:00:00+07:00,46.1,30.5,2087.0,43.0,28.0,10.0,0.49999999999999994,-0.8660254037844387,40.4,40.5,46.5,38.0,29.0,31.0,30.3,36.1,34.1,3.050901506105322,-0.10000000000000142,5.700000000000003,3.8999999999999986
2026-07-12 11:00:00+00:00,2026-07-12T18:00:00+07:00,50.0,33.0,2426.0,46.0,26.8,11.0,0.258819045102521,-0.9659258262890682,46.1,40.4,40.5,43.0,38.0,29.0,28.0,30.3,36.1,3.120042734743061,5.700000000000003,3.8999999999999986,11.5
2026-07-12 12:00:00+00:00,2026-07-12T19:00:00+07:00,61.5,39.9,2977.0,49.0,26.1,12.0,1.2246467991473532e-16,-1.0,50.0,46.1,40.4,46.0,43.0,38.0,26.8,28.0,30.3,3.909688819666319,3.8999999999999986,11.5,16.299999999999997
2026-07-12 13:00:00+00:00,2026-07-12T20:00:00+07:00,77.8,49.3,3713.0,51.0,25.4,13.0,-0.2588190451025208,-0.9659258262890683,61.5,50.0,46.1,49.0,46.0,43.0,26.1,26.8,28.0,7.805382758068891,11.5,16.299999999999997,28.900000000000006
2026-07-12 14:00:00+00:00,2026-07-12T21:00:00+07:00,106.7,66.6,4962.0,54.0,24.8,14.0,-0.4999999999999997,-0.8660254037844388,77.8,61.5,50.0,51.0,49.0,46.0,25.4,26.1,26.8,14.549421523436257,16.299999999999997,28.900000000000006,8.099999999999994
2026-07-12 15:00:00+00:00,2026-07-12T22:00:00+07:00,114.8,71.0,5267.0,55.0,24.3,15.0,-0.7071067811865471,-0.7071067811865479,106.7,77.8,61.5,54.0,51.0,49.0,24.8,25.4,26.1,24.871570115293746,28.900000000000006,8.099999999999994,5.6000000000000085
2026-07-12 16:00:00+00:00,2026-07-12T23:00:00+07:00,120.4,73.9,5481.0,55.0,23.7,16.0,-0.8660254037844384,-0.5000000000000004,114.8,106.7,77.8,55.0,54.0,51.0,24.3,24.8,25.4,29.09053110549863,8.099999999999994,5.6000000000000085,-16.30000000000001
2026-07-12 17:00:00+00:00,2026-07-13T00:00:00+07:00,104.1,64.4,4791.0,56.0,23.0,17.0,-0.9659258262890683,-0.25881904510252063,120.4,114.8,106.7,55.0,55.0,54.0,23.7,24.3,24.8,29.55088267153217,5.6000000000000085,-16.30000000000001,-27.89999999999999
2026-07-12 18:00:00+00:00,2026-07-13T01:00:00+07:00,76.2,47.8,3600.0,55.0,22.7,18.0,-1.0,-1.8369701987210297e-16,104.1,120.4,114.8,56.0,55.0,55.0,23.0,23.7,24.3,22.96072734039584,-16.30000000000001,-27.89999999999999,-14.100000000000001
2026-07-12 19:00:00+00:00,2026-07-13T02:00:00+07:00,62.1,39.7,2980.0,56.0,22.2,19.0,-0.9659258262890684,0.2588190451025203,76.2,104.1,120.4,55.0,56.0,55.0,22.7,23.0,23.7,18.74129131089966,-27.89999999999999,-14.100000000000001,2.6999999999999957
2026-07-12 20:00:00+00:00,2026-07-13T03:00:00+07:00,64.8,40.8,3076.0,56.0,22.1,20.0,-0.8660254037844386,0.5000000000000001,62.1,76.2,104.1,56.0,55.0,56.0,22.2,22.7,23.0,23.05935095935416,-14.100000000000001,2.6999999999999957,-8.099999999999994
2026-07-12 21:00:00+00:00,2026-07-13T04:00:00+07:00,56.7,35.9,2713.0,56.0,21.8,21.0,-0.7071067811865477,0.7071067811865474,64.8,62.1,76.2,56.0,56.0,55.0,22.1,22.2,22.7,25.84933267997445,2.6999999999999957,-8.099999999999994,5.799999999999997
2026-07-12 22:00:00+00:00,2026-07-13T05:00:00+07:00,62.5,39.6,2985.0,57.0,21.5,22.0,-0.5000000000000004,0.8660254037844384,56.7,64.8,62.1,56.0,56.0,56.0,21.8,22.1,22.2,25.763029066215285,-8.099999999999994,5.799999999999997,86.4
2026-07-12 23:00:00+00:00,2026-07-13T06:00:00+07:00,148.9,88.6,6553.0,57.0,21.7,23.0,-0.25881904510252157,0.9659258262890681,62.5,56.7,64.8,57.0,56.0,56.0,21.5,21.8,22.1,17.418457643162487,5.799999999999997,86.4,-24.60000000000001
2026-07-13 00:00:00+00:00,2026-07-13T07:00:00+07:00,124.3,75.0,5551.0,55.0,22.7,0.0,0.0,1.0,148.9,62.5,56.7,57.0,57.0,56.0,21.7,21.5,21.8,35.06945489548779,86.4,-24.60000000000001,25.200000000000003
2026-07-13 01:00:00+00:00,2026-07-13T08:00:00+07:00,149.5,92.1,6823.0,52.0,24.3,1.0,0.25881904510252074,0.9659258262890683,124.3,148.9,62.5,55.0,57.0,57.0,22.7,21.7,21.5,39.63048069352669,-24.60000000000001,25.200000000000003,-57.900000000000006
2026-07-13 02:00:00+00:00,2026-07-13T09:00:00+07:00,91.6,58.6,4351.0,47.0,26.1,2.0,0.49999999999999994,0.8660254037844387,149.5,124.3,148.9,52.0,55.0,57.0,24.3,22.7,21.7,44.59741771298727,25.200000000000003,-57.900000000000006,-36.199999999999996
2026-07-13 03:00:00+00:00,2026-07-13T10:00:00+07:00,55.4,36.4,2693.0,40.0,27.8,3.0,0.7071067811865475,0.7071067811865476,91.6,149.5,124.3,47.0,52.0,55.0,26.1,24.3,22.7,41.46470386565753,-57.900000000000006,-36.199999999999996,-0.8999999999999986
2026-07-13 04:00:00+00:00,2026-07-13T11:00:00+07:00,54.5,35.5,2625.0,38.0,29.4,4.0,0.8660254037844386,0.5000000000000001,55.4,91.6,149.5,40.0,47.0,52.0,27.8,26.1,24.3,41.773468453872425,-36.199999999999996,-0.8999999999999986,-6.899999999999999
2026-07-13 05:00:00+00:00,2026-07-13T12:00:00+07:00,47.6,31.3,2194.0,35.0,31.2,5.0,0.9659258262890683,0.25881904510252074,54.5,55.4,91.6,38.0,40.0,47.0,29.4,27.8,26.1,43.507041575665355,-0.8999999999999986,-6.899999999999999,-1.0
2026-07-13 06:00:00+00:00,2026-07-13T13:00:00+07:00,46.6,31.3,2179.0,34.0,32.4,6.0,1.0,6.123233995736766e-17,47.6,54.5,55.4,35.0,38.0,40.0,31.2,29.4,27.8,42.25099998816587,-6.899999999999999,-1.0,-4.300000000000004
2026-07-13 07:00:00+00:00,2026-07-13T14:00:00+07:00,42.3,28.7,1876.0,33.0,33.8,7.0,0.9659258262890683,-0.25881904510252063,46.6,47.6,54.5,34.0,35.0,38.0,32.4,31.2,29.4,40.456643459387266,-1.0,-4.300000000000004,-3.8999999999999986
2026-07-13 08:00:00+00:00,2026-07-13T15:00:00+07:00,38.4,26.6,1612.0,31.0,35.2,8.0,0.8660254037844387,-0.4999999999999998,42.3,46.6,47.6,33.0,34.0,35.0,33.8,32.4,31.2,17.97728195992471,-4.300000000000004,-3.8999999999999986,2.3000000000000043
2026-07-13 09:00:00+00:00,2026-07-13T16:00:00+07:00,40.7,27.6,1731.0,40.0,29.9,9.0,0.7071067811865476,-0.7071067811865475,38.4,42.3,46.6,31.0,33.0,34.0,35.2,33.8,32.4,6.664432959121682,-3.8999999999999986,2.3000000000000043,5.299999999999997
2026-07-13 10:00:00+00:00,2026-07-13T17:00:00+07:00,46.0,30.5,2100.0,44.0,27.9,10.0,0.49999999999999994,-0.8660254037844387,40.7,38.4,42.3,40.0,31.0,33.0,29.9,35.2,33.8,5.8121998130333905,2.3000000000000043,5.299999999999997,9.799999999999997
2026-07-13 11:00:00+00:00,2026-07-13T18:00:00+07:00,55.8,36.1,2690.0,48.0,26.9,11.0,0.258819045102521,-0.9659258262890682,46.0,40.7,38.4,44.0,40.0,31.0,27.9,29.9,35.2,3.6851051545318967,5.299999999999997,9.799999999999997,27.10000000000001
2026-07-13 12:00:00+00:00,2026-07-13T19:00:00+07:00,82.9,52.2,3890.0,50.0,26.3,12.0,1.2246467991473532e-16,-1.0,55.8,46.0,40.7,48.0,44.0,40.0,26.9,27.9,29.9,6.156839015812036,9.799999999999997,27.10000000000001,-9.0
2026-07-13 13:00:00+00:00,2026-07-13T20:00:00+07:00,73.9,46.8,3509.0,54.0,25.7,13.0,-0.2588190451025208,-0.9659258262890683,82.9,55.8,46.0,50.0,48.0,44.0,26.3,26.9,27.9,16.77014211825977,27.10000000000001,-9.0,-15.800000000000004
2026-07-13 14:00:00+00:00,2026-07-13T21:00:00+07:00,58.1,37.0,2789.0,55.0,25.1,14.0,-0.4999999999999997,-0.8660254037844388,73.9,82.9,55.8,54.0,50.0,48.0,25.7,26.3,26.9,18.37078296280903,-9.0,-15.800000000000004,42.9
2026-07-13 15:00:00+00:00,2026-07-13T22:00:00+07:00,101.0,62.6,4669.0,55.0,24.6,15.0,-0.7071067811865471,-0.7071067811865479,58.1,73.9,82.9,55.0,54.0,50.0,25.1,25.7,26.3,16.163126760210634,-15.800000000000004,42.9,3.0999999999999943
2026-07-13 16:00:00+00:00,2026-07-13T23:00:00+07:00,104.1,64.2,4764.0,55.0,24.0,16.0,-0.8660254037844384,-0.5000000000000004,101.0,58.1,73.9,55.0,55.0,54.0,24.6,25.1,25.7,20.302651715149057,42.9,3.0999999999999943,-1.6999999999999886
2026-07-13 17:00:00+00:00,2026-07-14T00:00:00+07:00,102.4,62.8,4667.0,55.0,23.5,17.0,-0.9659258262890683,-0.25881904510252063,104.1,101.0,58.1,55.0,55.0,55.0,24.0,24.6,25.1,20.638507697989834,3.0999999999999943,-1.6999999999999886,-10.300000000000011
2026-07-13 18:00:00+00:00,2026-07-14T01:00:00+07:00,92.1,56.2,4212.0,57.0,23.0,18.0,-1.0,-1.8369701987210297e-16,102.4,104.1,101.0,55.0,55.0,55.0,23.5,24.0,24.6,18.70386769271688,-1.6999999999999886,-10.300000000000011,3.3000000000000114
2026-07-13 19:00:00+00:00,2026-07-14T02:00:00+07:00,95.4,58.2,4343.0,57.0,22.7,19.0,-0.9659258262890684,0.2588190451025203,92.1,102.4,104.1,57.0,55.0,55.0,23.0,23.5,24.0,18.671047105076692,-10.300000000000011,3.3000000000000114,-3.6000000000000085
2026-07-13 20:00:00+00:00,2026-07-14T03:00:00+07:00,91.8,54.8,4103.0,57.0,22.4,20.0,-0.8660254037844386,0.5000000000000001,95.4,92.1,102.4,57.0,57.0,55.0,22.7,23.0,23.5,17.29825617415415,3.3000000000000114,-3.6000000000000085,-5.099999999999994
2026-07-13 21:00:00+00:00,2026-07-14T04:00:00+07:00,86.7,52.0,3907.0,57.0,22.0,21.0,-0.7071067811865477,0.7071067811865474,91.8,95.4,92.1,57.0,57.0,57.0,22.4,22.7,23.0,5.3914747518651795,-3.6000000000000085,-5.099999999999994,11.799999999999997
2026-07-13 22:00:00+00:00,2026-07-14T05:00:00+07:00,98.5,57.1,4294.0,57.0,21.8,22.0,-0.5000000000000004,0.8660254037844384,86.7,91.8,95.4,57.0,57.0,57.0,22.0,22.4,22.7,6.69669072502715,-5.099999999999994,11.799999999999997,-3.9000000000000057
2026-07-13 23:00:00+00:00,2026-07-14T06:00:00+07:00,94.6,57.7,4300.0,56.0,22.1,23.0,-0.25881904510252157,0.9659258262890681,98.5,86.7,91.8,57.0,57.0,57.0,21.8,22.0,22.4,5.533684727797928,11.799999999999997,-3.9000000000000057,47.599999999999994
2026-07-14 00:00:00+00:00,2026-07-14T07:00:00+07:00,142.2,84.7,6304.0,55.0,23.1,0.0,0.0,1.0,94.6,98.5,86.7,56.0,57.0,57.0,22.1,21.8,22.0,4.007700920311179,-3.9000000000000057,47.599999999999994,-12.399999999999977
2026-07-14 01:00:00+00:00,2026-07-14T08:00:00+07:00,129.8,77.5,5721.0,53.0,24.5,1.0,0.25881904510252074,0.9659258262890683,142.2,94.6,98.5,55.0,56.0,57.0,23.1,22.1,21.8,20.314690907485375,47.599999999999994,-12.399999999999977,-62.900000000000006
2026-07-14 02:00:00+00:00,2026-07-14T09:00:00+07:00,66.9,41.8,3146.0,49.0,26.0,2.0,0.49999999999999994,0.8660254037844387,129.8,142.2,94.6,53.0,55.0,56.0,24.5,23.1,22.1,22.92419391530863,-12.399999999999977,-62.900000000000006,-6.400000000000006
2026-07-14 03:00:00+00:00,2026-07-14T10:00:00+07:00,60.5,38.8,2911.0,44.0,27.7,3.0,0.7071067811865475,0.7071067811865476,66.9,129.8,142.2,49.0,53.0,55.0,26.0,24.5,23.1,27.98038003077639,-62.900000000000006,-6.400000000000006,-8.299999999999997
2026-07-14 04:00:00+00:00,2026-07-14T11:00:00+07:00,52.2,33.3,2421.0,39.0,29.3,4.0,0.8660254037844386,0.5000000000000001,60.5,66.9,129.8,44.0,49.0,53.0,27.7,26.0,24.5,32.700993868688464,-6.400000000000006,-8.299999999999997,-16.800000000000004
2026-07-14 05:00:00+00:00,2026-07-14T12:00:00+07:00,35.4,23.6,1379.0,32.0,31.2,5.0,0.9659258262890683,0.25881904510252074,52.2,60.5,66.9,39.0,44.0,49.0,29.3,27.7,26.0,37.83208514827939,-8.299999999999997,-16.800000000000004,4.5
2026-07-14 06:00:00+00:00,2026-07-14T13:00:00+07:00,39.9,26.9,1672.0,31.0,32.7,6.0,1.0,6.123233995736766e-17,35.4,52.2,60.5,32.0,39.0,44.0,31.2,29.3,27.7,43.942174123120665,-16.800000000000004,4.5,5.300000000000004
2026-07-14 07:00:00+00:00,2026-07-14T14:00:00+07:00,45.2,30.3,2046.0,32.0,34.7,7.0,0.9659258262890683,-0.25881904510252063,39.9,35.4,52.2,31.0,32.0,39.0,32.7,31.2,29.3,34.31684231782761,4.5,5.300000000000004,-1.7000000000000028
2026-07-14 08:00:00+00:00,2026-07-14T15:00:00+07:00,43.5,29.4,1971.0,30.0,36.3,8.0,0.8660254037844387,-0.4999999999999998,45.2,39.9,35.4,32.0,31.0,32.0,34.7,32.7,31.2,12.156548303964966,5.300000000000004,-1.7000000000000028,-0.29999999999999716
2026-07-14 09:00:00+00:00,2026-07-14T16:00:00+07:00,43.2,28.9,1894.0,43.0,30.3,9.0,0.7071067811865476,-0.7071067811865475,43.5,45.2,39.9,30.0,32.0,31.0,36.3,34.7,32.7,9.000759227233592,-1.7000000000000028,-0.29999999999999716,3.3999999999999986
2026-07-14 10:00:00+00:00,2026-07-14T17:00:00+07:00,46.6,30.8,2119.0,50.0,28.0,10.0,0.49999999999999994,-0.8660254037844387,43.2,43.5,45.2,43.0,30.0,32.0,30.3,36.3,34.7,5.600238090173364,-0.29999999999999716,3.3999999999999986,10.799999999999997
2026-07-14 11:00:00+00:00,2026-07-14T18:00:00+07:00,57.4,37.0,2730.0,53.0,27.0,11.0,0.258819045102521,-0.9659258262890682,46.6,43.2,43.5,50.0,43.0,30.0,28.0,30.3,36.3,4.062511538440385,3.3999999999999986,10.799999999999997,-11.100000000000001
2026-07-14 12:00:00+00:00,2026-07-14T19:00:00+07:00,46.3,30.4,2056.0,55.0,26.5,12.0,1.2246467991473532e-16,-1.0,57.4,46.6,43.2,53.0,50.0,43.0,27.0,28.0,30.3,6.037438750548993,10.799999999999997,-11.100000000000001,2.8000000000000043
2026-07-14 13:00:00+00:00,2026-07-14T20:00:00+07:00,49.1,32.1,2274.0,56.0,26.0,13.0,-0.2588190451025208,-0.9659258262890683,46.3,57.4,46.6,55.0,53.0,50.0,26.5,27.0,28.0,5.267510480922782,-11.100000000000001,2.8000000000000043,-6.399999999999999
2026-07-14 14:00:00+00:00,2026-07-14T21:00:00+07:00,42.7,28.0,1770.0,53.0,25.7,14.0,-0.4999999999999997,-0.8660254037844388,49.1,46.3,57.4,56.0,55.0,53.0,26.0,26.5,27.0,5.2365701242924105,2.8000000000000043,-6.399999999999999,44.5
2026-07-14 15:00:00+00:00,2026-07-14T22:00:00+07:00,87.2,54.2,4061.0,50.0,24.7,15.0,-0.7071067811865471,-0.7071067811865479,42.7,49.1,46.3,53.0,56.0,55.0,25.7,26.0,26.5,5.372801876113157,-6.399999999999999,44.5,-6.5
2026-07-14 16:00:00+00:00,2026-07-14T23:00:00+07:00,80.7,50.8,3794.0,52.0,23.4,16.0,-0.8660254037844384,-0.5000000000000004,87.2,42.7,49.1,50.0,53.0,56.0,24.7,25.7,26.0,16.582329952893744,44.5,-6.5,7.3999999999999915
2026-07-14 17:00:00+00:00,2026-07-15T00:00:00+07:00,88.1,54.3,4096.0,52.0,23.4,17.0,-0.9659258262890683,-0.25881904510252063,80.7,87.2,42.7,52.0,50.0,53.0,23.4,24.7,25.7,18.86241412615684,-6.5,7.3999999999999915,-5.099999999999994
2026-07-14 18:00:00+00:00,2026-07-15T01:00:00+07:00,83.0,51.2,3818.0,53.0,22.8,18.0,-1.0,-1.8369701987210297e-16,88.1,80.7,87.2,52.0,52.0,50.0,23.4,23.4,24.7,21.771211878686145,7.3999999999999915,-5.099999999999994,-28.200000000000003
2026-07-14 19:00:00+00:00,2026-07-15T02:00:00+07:00,54.8,35.3,2639.0,54.0,22.7,19.0,-0.9659258262890684,0.2588190451025203,83.0,88.1,80.7,53.0,52.0,52.0,22.8,23.4,23.4,20.3450239616468,-5.099999999999994,-28.200000000000003,10.299999999999997
2026-07-14 20:00:00+00:00,2026-07-15T03:00:00+07:00,65.1,40.8,3055.0,56.0,22.4,20.0,-0.8660254037844386,0.5000000000000001,54.8,83.0,88.1,54.0,53.0,52.0,22.7,22.8,23.4,19.172349882056267,-28.200000000000003,10.299999999999997,-5.299999999999997
2026-07-14 21:00:00+00:00,2026-07-15T04:00:00+07:00,59.8,38.0,2847.0,56.0,22.1,21.0,-0.7071067811865477,0.7071067811865474,65.1,54.8,83.0,56.0,54.0,53.0,22.4,22.7,22.8,13.4891684942643,10.299999999999997,-5.299999999999997,1.4000000000000057
2026-07-14 22:00:00+00:00,2026-07-15T05:00:00+07:00,61.2,39.0,2925.0,57.0,21.4,22.0,-0.5000000000000004,0.8660254037844384,59.8,65.1,54.8,56.0,56.0,54.0,22.1,22.4,22.7,13.770608797967109,-5.299999999999997,1.4000000000000057,12.399999999999991
2026-07-14 23:00:00+00:00,2026-07-15T06:00:00+07:00,73.6,46.9,3498.0,56.0,22.1,23.0,-0.25881904510252157,0.9659258262890681,61.2,59.8,65.1,57.0,56.0,56.0,21.4,22.1,22.4,13.58288138307357,1.4000000000000057,12.399999999999991,43.900000000000006
2026-07-15 00:00:00+00:00,2026-07-15T07:00:00+07:00,117.5,72.0,5367.0,55.0,23.1,0.0,0.0,1.0,73.6,61.2,59.8,56.0,57.0,56.0,22.1,21.4,22.1,10.335521273742224,12.399999999999991,43.900000000000006,20.69999999999999
2026-07-15 01:00:00+00:00,2026-07-15T08:00:00+07:00,138.2,84.3,6233.0,54.0,24.6,1.0,0.25881904510252074,0.9659258262890683,117.5,73.6,61.2,55.0,56.0,57.0,23.1,22.1,21.4,23.159188241386666,43.900000000000006,20.69999999999999,-100.6
2026-07-15 02:00:00+00:00,2026-07-15T09:00:00+07:00,37.6,25.2,1478.0,46.0,27.0,2.0,0.49999999999999994,0.8660254037844387,138.2,117.5,73.6,54.0,55.0,56.0,24.6,23.1,22.1,33.49352176167792,20.69999999999999,-100.6,-3.3000000000000043
2026-07-15 03:00:00+00:00,2026-07-15T10:00:00+07:00,34.3,23.3,1332.0,43.0,28.7,3.0,0.7071067811865475,0.7071067811865476,37.6,138.2,117.5,46.0,54.0,55.0,27.0,24.6,23.1,38.427303661155506,-100.6,-3.3000000000000043,-0.6999999999999957
2026-07-15 04:00:00+00:00,2026-07-15T11:00:00+07:00,33.6,23.2,1306.0,40.0,30.1,4.0,0.8660254037844386,0.5000000000000001,34.3,37.6,138.2,43.0,46.0,54.0,28.7,27.0,24.6,42.47943816326497,-3.3000000000000043,-0.6999999999999957,-11.8
2026-07-15 05:00:00+00:00,2026-07-15T12:00:00+07:00,21.8,13.0,824.0,36.0,31.4,5.0,0.9659258262890683,0.25881904510252074,33.6,34.3,37.6,40.0,43.0,46.0,30.1,28.7,27.0,45.898046436277106,-0.6999999999999957,-11.8,-1.4000000000000021
2026-07-15 06:00:00+00:00,2026-07-15T13:00:00+07:00,20.4,11.3,778.0,33.0,32.3,6.0,1.0,6.123233995736766e-17,21.8,33.6,34.3,36.0,40.0,43.0,31.4,30.1,28.7,50.30263081257921,-11.8,-1.4000000000000021,1.8000000000000007
2026-07-15 07:00:00+00:00,2026-07-15T14:00:00+07:00,22.2,13.2,834.0,30.0,34.5,7.0,0.9659258262890683,-0.25881904510252063,20.4,21.8,33.6,33.0,36.0,40.0,32.3,31.4,30.1,44.91484164505052,-1.4000000000000021,1.8000000000000007,1.9000000000000021
2026-07-15 08:00:00+00:00,2026-07-15T15:00:00+07:00,24.1,15.5,917.0,27.0,37.2,8.0,0.8660254037844387,-0.4999999999999998,22.2,20.4,21.8,30.0,33.0,36.0,34.5,32.3,31.4,7.647853729420935,1.8000000000000007,1.9000000000000021,9.600000000000001
2026-07-15 09:00:00+00:00,2026-07-15T16:00:00+07:00,33.7,22.8,1304.0,40.0,30.5,9.0,0.7071067811865476,-0.7071067811865475,24.1,22.2,20.4,27.0,30.0,33.0,37.2,34.5,32.3,6.223718074159213,1.9000000000000021,9.600000000000001,4.799999999999997
2026-07-15 10:00:00+00:00,2026-07-15T17:00:00+07:00,38.5,25.5,1559.0,46.0,28.2,10.0,0.49999999999999994,-0.8660254037844387,33.7,24.1,22.2,40.0,27.0,30.0,30.5,37.2,34.5,6.067838714617916,9.600000000000001,4.799999999999997,7.899999999999999
2026-07-15 11:00:00+00:00,2026-07-15T18:00:00+07:00,46.4,30.1,2041.0,49.0,27.2,11.0,0.258819045102521,-0.9659258262890682,38.5,33.7,24.1,46.0,40.0,27.0,28.2,30.5,37.2,7.468712517336344,4.799999999999997,7.899999999999999,-5.299999999999997
2026-07-15 12:00:00+00:00,2026-07-15T19:00:00+07:00,41.1,27.1,1683.0,52.0,26.6,12.0,1.2246467991473532e-16,-1.0,46.4,38.5,33.7,49.0,46.0,40.0,27.2,28.2,30.5,10.37331512423196,7.899999999999999,-5.299999999999997,33.699999999999996
2026-07-15 13:00:00+00:00,2026-07-15T20:00:00+07:00,74.8,44.7,3375.0,56.0,26.1,13.0,-0.2588190451025208,-0.9659258262890683,41.1,46.4,38.5,52.0,49.0,46.0,26.6,27.2,28.2,9.603055069436083,-5.299999999999997,33.699999999999996,-2.200000000000003
2026-07-15 14:00:00+00:00,2026-07-15T21:00:00+07:00,72.6,44.2,3322.0,53.0,25.3,14.0,-0.4999999999999997,-0.8660254037844388,74.8,41.1,46.4,56.0,52.0,49.0,26.1,26.6,27.2,17.264414267503017,33.699999999999996,-2.200000000000003,-3.299999999999997
2026-07-15 15:00:00+00:00,2026-07-15T22:00:00+07:00,69.3,42.9,3240.0,51.0,24.6,15.0,-0.7071067811865471,-0.7071067811865479,72.6,74.8,41.1,53.0,56.0,52.0,25.3,26.1,26.6,17.93046755292885,-2.200000000000003,-3.299999999999997,4.299999999999997
2026-07-15 16:00:00+00:00,2026-07-15T23:00:00+07:00,73.6,45.9,3448.0,52.0,24.0,16.0,-0.8660254037844384,-0.5000000000000004,69.3,72.6,74.8,51.0,53.0,56.0,24.6,25.3,26.1,16.845345549042282,-3.299999999999997,4.299999999999997,28.5
2026-07-15 17:00:00+00:00,2026-07-16T00:00:00+07:00,102.1,63.0,4665.0,55.0,23.6,17.0,-0.9659258262890683,-0.25881904510252063,73.6,69.3,72.6,52.0,51.0,53.0,24.0,24.6,25.3,15.090482651878396,4.299999999999997,28.5,-34.89999999999999
2026-07-15 18:00:00+00:00,2026-07-16T01:00:00+07:00,67.2,42.5,3181.0,54.0,23.4,18.0,-1.0,-1.8369701987210297e-16,102.1,73.6,69.3,55.0,52.0,51.0,23.6,24.0,24.6,19.382956430843645,28.5,-34.89999999999999,-11.100000000000001
2026-07-15 19:00:00+00:00,2026-07-16T02:00:00+07:00,56.1,35.6,2604.0,55.0,22.8,19.0,-0.9659258262890684,0.2588190451025203,67.2,102.1,73.6,54.0,55.0,52.0,23.4,23.6,24.0,12.807341644540692,-34.89999999999999,-11.100000000000001,-6.300000000000004
2026-07-15 20:00:00+00:00,2026-07-16T03:00:00+07:00,49.8,31.6,2222.0,55.0,22.7,20.0,-0.8660254037844386,0.5000000000000001,56.1,67.2,102.1,55.0,54.0,55.0,22.8,23.4,23.6,15.354923206146314,-11.100000000000001,-6.300000000000004,80.7
2026-07-15 21:00:00+00:00,2026-07-16T04:00:00+07:00,130.5,76.7,5595.0,56.0,22.5,21.0,-0.7071067811865477,0.7071067811865474,49.8,56.1,67.2,55.0,55.0,54.0,22.7,22.8,23.4,18.17882467781258,-6.300000000000004,80.7,46.69999999999999
2026-07-15 22:00:00+00:00,2026-07-16T05:00:00+07:00,177.2,103.9,7620.0,58.0,22.0,22.0,-0.5000000000000004,0.8660254037844384,130.5,49.8,56.1,56.0,55.0,55.0,22.5,22.7,22.8,30.746148810325092,80.7,46.69999999999999,-2.0999999999999943
2026-07-15 23:00:00+00:00,2026-07-16T06:00:00+07:00,175.1,102.7,7564.0,58.0,22.3,23.0,-0.25881904510252157,0.9659258262890681,177.2,130.5,49.8,58.0,56.0,55.0,22.0,22.5,22.7,49.737018406816475,46.69999999999999,-2.0999999999999943,-10.699999999999989
2026-07-16 00:00:00+00:00,2026-07-16T07:00:00+07:00,164.4,96.8,7121.0,56.0,23.3,0.0,0.0,1.0,175.1,177.2,130.5,58.0,58.0,56.0,22.3,22.0,22.5,59.21551879926981,-2.0999999999999943,-10.699999999999989,-42.900000000000006
2026-07-16 01:00:00+00:00,2026-07-16T08:00:00+07:00,121.5,74.4,5546.0,52.0,25.1,1.0,0.25881904510252074,0.9659258262890683,164.4,175.1,177.2,56.0,58.0,58.0,23.3,22.3,22.0,58.68237952457866,-10.699999999999989,-42.900000000000006,-41.400000000000006
2026-07-16 02:00:00+00:00,2026-07-16T09:00:00+07:00,80.1,50.7,3612.0,47.0,27.2,2.0,0.49999999999999994,0.8660254037844387,121.5,164.4,175.1,52.0,56.0,58.0,25.1,23.3,22.3,48.37914495592803,-42.900000000000006,-41.400000000000006,-43.699999999999996
2026-07-16 03:00:00+00:00,2026-07-16T10:00:00+07:00,36.4,23.9,1410.0,39.0,29.1,3.0,0.7071067811865475,0.7071067811865476,80.1,121.5,164.4,47.0,52.0,56.0,27.2,25.1,23.3,37.99687706465757,-41.400000000000006,-43.699999999999996,0.7000000000000028
2026-07-16 04:00:00+00:00,2026-07-16T11:00:00+07:00,37.1,24.4,1461.0,35.0,30.4,4.0,0.8660254037844386,0.5000000000000001,36.4,80.1,121.5,39.0,47.0,52.0,29.1,27.2,25.1,57.726507487173414,-43.699999999999996,0.7000000000000028,-0.7000000000000028
2026-07-16 05:00:00+00:00,2026-07-16T12:00:00+07:00,36.4,24.0,1429.0,33.0,31.7,5.0,0.9659258262890683,0.25881904510252074,37.1,36.4,80.1,35.0,39.0,47.0,30.4,29.1,27.2,61.01061109894467,0.7000000000000028,-0.7000000000000028,1.0
2026-07-16 06:00:00+00:00,2026-07-16T13:00:00+07:00,37.4,25.0,1497.0,32.0,33.5,6.0,1.0,6.123233995736766e-17,36.4,37.1,36.4,33.0,35.0,39.0,31.7,30.4,29.1,53.82406215315465,-0.7000000000000028,1.0,3.8000000000000043
2026-07-16 07:00:00+00:00,2026-07-16T14:00:00+07:00,41.2,27.7,1761.0,32.0,34.7,7.0,0.9659258262890683,-0.25881904510252063,37.4,36.4,37.1,32.0,33.0,35.0,33.5,31.7,30.4,35.538190724908496,1.0,3.8000000000000043,2.8999999999999986
2026-07-16 08:00:00+00:00,2026-07-16T15:00:00+07:00,44.1,29.5,1948.0,36.0,32.6,8.0,0.8660254037844387,-0.4999999999999998,41.2,37.4,36.4,32.0,32.0,33.0,34.7,33.5,31.7,17.40237531679596,3.8000000000000043,2.8999999999999986,0.29999999999999716
2026-07-16 09:00:00+00:00,2026-07-16T16:00:00+07:00,44.4,29.3,1942.0,44.0,29.4,9.0,0.7071067811865476,-0.7071067811865475,44.1,41.2,37.4,36.0,32.0,32.0,32.6,34.7,33.5,3.169016671875515,2.8999999999999986,0.29999999999999716,3.6000000000000014
2026-07-16 10:00:00+00:00,2026-07-16T17:00:00+07:00,48.0,31.4,2206.0,49.0,28.0,10.0,0.49999999999999994,-0.8660254037844387,44.4,44.1,41.2,44.0,36.0,32.0,29.4,32.6,34.7,3.6243620128181555,0.29999999999999716,3.6000000000000014,-1.2999999999999972
2026-07-16 11:00:00+00:00,2026-07-16T18:00:00+07:00,46.7,30.6,2089.0,52.0,27.3,11.0,0.258819045102521,-0.9659258262890682,48.0,44.4,44.1,49.0,44.0,36.0,28.0,29.4,32.6,4.456194190856956,3.6000000000000014,-1.2999999999999972,-7.300000000000004
2026-07-16 12:00:00+00:00,2026-07-16T19:00:00+07:00,39.4,26.2,1611.0,54.0,26.6,12.0,1.2246467991473532e-16,-1.0,46.7,48.0,44.4,52.0,49.0,44.0,27.3,28.0,29.4,3.8484628966158088,-1.2999999999999972,-7.300000000000004,1.1000000000000014
2026-07-16 13:00:00+00:00,2026-07-16T20:00:00+07:00,40.5,26.7,1676.0,56.0,26.2,13.0,-0.2588190451025208,-0.9659258262890683,39.4,46.7,48.0,54.0,52.0,49.0,26.6,27.3,28.0,3.238929864419541,-7.300000000000004,1.1000000000000014,-1.2999999999999972
2026-07-16 14:00:00+00:00,2026-07-16T21:00:00+07:00,39.2,26.0,1575.0,56.0,25.9,14.0,-0.4999999999999997,-0.8660254037844388,40.5,39.4,46.7,56.0,54.0,52.0,26.2,26.6,27.3,3.368530837021095,1.1000000000000014,-1.2999999999999972,6.699999999999996
2026-07-16 15:00:00+00:00,2026-07-16T22:00:00+07:00,45.9,29.8,2007.0,55.0,25.5,15.0,-0.7071067811865471,-0.7071067811865479,39.2,40.5,39.4,56.0,56.0,54.0,25.9,26.2,26.6,3.8546941080490558,-1.2999999999999972,6.699999999999996,13.100000000000001
2026-07-16 16:00:00+00:00,2026-07-16T23:00:00+07:00,59.0,37.0,2773.0,53.0,24.8,16.0,-0.8660254037844384,-0.5000000000000004,45.9,39.2,40.5,55.0,56.0,56.0,25.5,25.9,26.2,4.006702717525757,6.699999999999996,13.100000000000001,-10.200000000000003
2026-07-16 17:00:00+00:00,2026-07-17T00:00:00+07:00,48.8,31.4,2211.0,52.0,24.0,17.0,-0.9659258262890683,-0.25881904510252063,59.0,45.9,39.2,53.0,55.0,56.0,24.8,25.5,25.9,7.548090266195126,13.100000000000001,-10.200000000000003,-5.099999999999994
2026-07-16 18:00:00+00:00,2026-07-17T01:00:00+07:00,43.7,28.1,1811.0,50.0,23.2,18.0,-1.0,-1.8369701987210297e-16,48.8,59.0,45.9,52.0,53.0,55.0,24.0,24.8,25.5,7.683662321226112,-10.200000000000003,-5.099999999999994,1.3999999999999986
2026-07-16 19:00:00+00:00,2026-07-17T02:00:00+07:00,45.1,28.9,1911.0,55.0,22.8,19.0,-0.9659258262890684,0.2588190451025203,43.7,48.8,59.0,50.0,52.0,53.0,23.2,24.0,24.8,7.189274418648265,-5.099999999999994,1.3999999999999986,4.0
2026-07-16 20:00:00+00:00,2026-07-17T03:00:00+07:00,49.1,31.6,2225.0,56.0,22.5,20.0,-0.8660254037844386,0.5000000000000001,45.1,43.7,48.8,55.0,50.0,52.0,22.8,23.2,24.0,6.689917787235074,1.3999999999999986,4.0,7.699999999999996
2026-07-16 21:00:00+00:00,2026-07-17T04:00:00+07:00,56.8,35.8,2659.0,57.0,22.2,21.0,-0.7071067811865477,0.7071067811865474,49.1,45.1,43.7,56.0,55.0,50.0,22.5,22.8,23.2,5.513619500832951,4.0,7.699999999999996,14.799999999999997
2026-07-16 22:00:00+00:00,2026-07-17T05:00:00+07:00,71.6,44.4,3310.0,56.0,22.0,22.0,-0.5000000000000004,0.8660254037844384,56.8,49.1,45.1,57.0,56.0,55.0,22.2,22.5,22.8,6.199166610652867,7.699999999999996,14.799999999999997,22.200000000000003
2026-07-16 23:00:00+00:00,2026-07-17T06:00:00+07:00,93.8,57.7,4296.0,57.0,22.0,23.0,-0.25881904510252157,0.9659258262890681,71.6,56.8,49.1,56.0,57.0,56.0,22.0,22.2,22.5,10.399503193260474,14.799999999999997,22.200000000000003,-9.0
2026-07-17 00:00:00+00:00,2026-07-17T07:00:00+07:00,84.8,53.5,3995.0,52.0,23.0,0.0,0.0,1.0,93.8,71.6,56.8,57.0,56.0,57.0,22.0,22.0,22.2,19.461491892109404,22.200000000000003,-9.0,-13.0
2026-07-17 01:00:00+00:00,2026-07-17T08:00:00+07:00,71.8,45.1,3382.0,51.0,24.7,1.0,0.25881904510252074,0.9659258262890683,84.8,93.8,71.6,52.0,57.0,56.0,23.0,22.0,22.0,19.79996632993715,-9.0,-13.0,-14.899999999999999
2026-07-17 02:00:00+00:00,2026-07-17T09:00:00+07:00,56.9,36.3,2724.0,46.0,26.4,2.0,0.49999999999999994,0.8660254037844387,71.8,84.8,93.8,51.0,52.0,57.0,24.7,23.0,22.0,16.684893366954668,-13.0,-14.899999999999999,-21.1
2026-07-17 03:00:00+00:00,2026-07-17T10:00:00+07:00,35.8,23.7,1467.0,34.0,28.2,3.0,0.7071067811865475,0.7071067811865476,56.9,71.8,84.8,46.0,51.0,52.0,26.4,24.7,23.0,14.80573087242399,-14.899999999999999,-21.1,3.700000000000003
2026-07-17 04:00:00+00:00,2026-07-17T11:00:00+07:00,39.5,26.3,1733.0,31.0,29.7,4.0,0.8660254037844386,0.5000000000000001,35.8,56.9,71.8,34.0,46.0,51.0,28.2,26.4,24.7,20.62933994743037,-21.1,3.700000000000003,-1.5
2026-07-17 05:00:00+00:00,2026-07-17T12:00:00+07:00,38.0,25.6,1587.0,30.0,31.2,5.0,0.9659258262890683,0.25881904510252074,39.5,35.8,56.9,31.0,34.0,46.0,29.7,28.2,26.4,23.778533736684494,3.700000000000003,-1.5,-11.0
2026-07-17 06:00:00+00:00,2026-07-17T13:00:00+07:00,27.0,17.1,1063.0,28.0,32.8,6.0,1.0,6.123233995736766e-17,38.0,39.5,35.8,30.0,31.0,34.0,31.2,29.7,28.2,20.347350359853642,-1.5,-11.0,21.9
2026-07-17 07:00:00+00:00,2026-07-17T14:00:00+07:00,48.9,32.4,2326.0,33.0,34.7,7.0,0.9659258262890683,-0.25881904510252063,27.0,38.0,39.5,28.0,30.0,31.0,32.8,31.2,29.7,16.41690185956624,-11.0,21.9,-3.6000000000000014
2026-07-17 08:00:00+00:00,2026-07-17T15:00:00+07:00,45.3,30.2,2056.0,30.0,37.1,8.0,0.8660254037844387,-0.4999999999999998,48.9,27.0,38.0,33.0,28.0,30.0,34.7,32.8,31.2,10.48339957583545,21.9,-3.6000000000000014,-2.3999999999999986
2026-07-17 09:00:00+00:00,2026-07-17T16:00:00+07:00,42.9,28.5,1854.0,38.0,31.0,9.0,0.7071067811865476,-0.7071067811865475,45.3,48.9,27.0,30.0,33.0,28.0,37.1,34.7,32.8,7.657001153625718,-3.6000000000000014,-2.3999999999999986,2.1000000000000014
2026-07-17 10:00:00+00:00,2026-07-17T17:00:00+07:00,45.0,29.6,1997.0,44.0,28.3,10.0,0.49999999999999994,-0.8660254037844387,42.9,45.3,48.9,38.0,30.0,33.0,31.0,37.1,34.7,7.596490417727543,-2.3999999999999986,2.1000000000000014,-6.899999999999999
2026-07-17 11:00:00+00:00,2026-07-17T18:00:00+07:00,38.1,25.6,1549.0,47.0,27.4,11.0,0.258819045102521,-0.9659258262890682,45.0,42.9,45.3,44.0,38.0,30.0,28.3,31.0,37.1,7.814196482468751,2.1000000000000014,-6.899999999999999,-1.8000000000000043
2026-07-17 12:00:00+00:00,2026-07-17T19:00:00+07:00,36.3,24.6,1457.0,51.0,26.6,12.0,1.2246467991473532e-16,-1.0,38.1,45.0,42.9,47.0,44.0,38.0,27.4,28.3,31.0,7.806151420511925,-6.899999999999999,-1.8000000000000043,3.0
2026-07-17 13:00:00+00:00,2026-07-17T20:00:00+07:00,39.3,26.4,1636.0,54.0,25.9,13.0,-0.2588190451025208,-0.9659258262890683,36.3,38.1,45.0,51.0,47.0,44.0,26.6,27.4,28.3,4.746261686839592,-1.8000000000000043,3.0,27.700000000000003
2026-07-17 14:00:00+00:00,2026-07-17T21:00:00+07:00,67.0,42.9,3222.0,55.0,25.4,14.0,-0.4999999999999997,-0.8660254037844388,39.3,36.3,38.1,54.0,51.0,47.0,25.9,26.6,27.4,3.777697711564591,3.0,27.700000000000003,20.200000000000003
2026-07-17 15:00:00+00:00,2026-07-17T22:00:00+07:00,87.2,54.3,4064.0,56.0,25.1,15.0,-0.7071067811865471,-0.7071067811865479,67.0,39.3,36.3,55.0,54.0,51.0,25.4,25.9,26.6,11.347892609054309,27.700000000000003,20.200000000000003,32.8
2026-07-17 16:00:00+00:00,2026-07-17T23:00:00+07:00,120.0,72.1,5362.0,56.0,25.0,16.0,-0.8660254037844384,-0.5000000000000004,87.2,67.0,39.3,56.0,55.0,54.0,25.1,25.4,25.9,20.561590405412897,20.200000000000003,32.8,-66.4
2026-07-17 17:00:00+00:00,2026-07-18T00:00:00+07:00,53.6,34.7,2537.0,57.0,24.5,17.0,-0.9659258262890683,-0.25881904510252063,120.0,87.2,67.0,56.0,56.0,55.0,25.0,25.1,25.4,33.849357453280795,32.8,-66.4,27.300000000000004
2026-07-17 18:00:00+00:00,2026-07-18T01:00:00+07:00,80.9,50.1,3741.0,56.0,23.6,18.0,-1.0,-1.8369701987210297e-16,53.6,120.0,87.2,57.0,56.0,56.0,24.5,25.0,25.1,31.956386946378096,-66.4,27.300000000000004,-31.500000000000007
2026-07-17 19:00:00+00:00,2026-07-18T02:00:00+07:00,49.4,31.5,2169.0,52.0,23.1,19.0,-0.9659258262890684,0.2588190451025203,80.9,53.6,120.0,56.0,57.0,56.0,23.6,24.5,25.0,28.29994110712334,27.300000000000004,-31.500000000000007,-2.5
2026-07-17 20:00:00+00:00,2026-07-18T03:00:00+07:00,46.9,30.0,1999.0,51.0,22.8,20.0,-0.8660254037844386,0.5000000000000001,49.4,80.9,53.6,52.0,56.0,57.0,23.1,23.6,24.5,25.9808968282464,-31.500000000000007,-2.5,3.200000000000003
2026-07-17 21:00:00+00:00,2026-07-18T04:00:00+07:00,50.1,31.5,2235.0,53.0,22.5,21.0,-0.7071067811865477,0.7071067811865474,46.9,49.4,80.9,51.0,52.0,56.0,22.8,23.1,23.6,28.592236708588956,-2.5,3.200000000000003,12.899999999999999
2026-07-17 22:00:00+00:00,2026-07-18T05:00:00+07:00,63.0,39.5,2993.0,56.0,22.0,22.0,-0.5000000000000004,0.8660254037844384,50.1,46.9,49.4,53.0,51.0,52.0,22.5,22.8,23.1,28.916944283008956,3.200000000000003,12.899999999999999,16.299999999999997
2026-07-17 23:00:00+00:00,2026-07-18T06:00:00+07:00,79.3,50.6,3795.0,56.0,22.2,23.0,-0.25881904510252157,0.9659258262890681,63.0,50.1,46.9,56.0,53.0,51.0,22.0,22.5,22.8,12.849500638804534,12.899999999999999,16.299999999999997,13.600000000000009
2026-07-18 00:00:00+00:00,2026-07-18T07:00:00+07:00,92.9,59.0,4400.0,55.0,23.2,0.0,0.0,1.0,79.3,63.0,50.1,56.0,56.0,53.0,22.2,22.0,22.5,15.39428465372699,16.299999999999997,13.600000000000009,-18.10000000000001
2026-07-18 01:00:00+00:00,2026-07-18T08:00:00+07:00,74.8,47.3,3542.0,54.0,24.6,1.0,0.25881904510252074,0.9659258262890683,92.9,79.3,63.0,55.0,56.0,56.0,23.2,22.2,22.0,18.804892980285096,13.600000000000009,-18.10000000000001,-6.200000000000003
2026-07-18 02:00:00+00:00,2026-07-18T09:00:00+07:00,68.6,43.4,3275.0,50.0,26.0,2.0,0.49999999999999994,0.8660254037844387,74.8,92.9,79.3,54.0,55.0,56.0,24.6,23.2,22.2,17.80108610918573,-18.10000000000001,-6.200000000000003,-1.1999999999999886
2026-07-18 03:00:00+00:00,2026-07-18T10:00:00+07:00,67.4,42.9,3236.0,46.0,27.5,3.0,0.7071067811865475,0.7071067811865476,68.6,74.8,92.9,50.0,54.0,55.0,26.0,24.6,23.2,14.617079051574592,-6.200000000000003,-1.1999999999999886,-13.600000000000009
2026-07-18 04:00:00+00:00,2026-07-18T11:00:00+07:00,53.8,35.1,2582.0,40.0,28.9,4.0,0.8660254037844386,0.5000000000000001,67.4,68.6,74.8,46.0,50.0,54.0,27.5,26.0,24.6,10.760978889796661,-1.1999999999999886,-13.600000000000009,-1.8999999999999986
2026-07-18 05:00:00+00:00,2026-07-18T12:00:00+07:00,51.9,34.0,2512.0,37.0,30.7,5.0,0.9659258262890683,0.25881904510252074,53.8,67.4,68.6,40.0,46.0,50.0,28.9,27.5,26.0,13.100076335654753,-13.600000000000009,-1.8999999999999986,4.0
2026-07-18 06:00:00+00:00,2026-07-18T13:00:00+07:00,55.9,36.9,2787.0,36.0,32.0,6.0,1.0,6.123233995736766e-17,51.9,53.8,67.4,37.0,40.0,46.0,30.7,28.9,27.5,15.016613022470988,-1.8999999999999986,4.0,-1.2999999999999972
2026-07-18 07:00:00+00:00,2026-07-18T14:00:00+07:00,54.6,36.1,2708.0,37.0,32.7,7.0,0.9659258262890683,-0.25881904510252063,55.9,51.9,53.8,36.0,37.0,40.0,32.0,30.7,28.9,9.412686474468433,4.0,-1.2999999999999972,-2.8999999999999986
2026-07-18 08:00:00+00:00,2026-07-18T15:00:00+07:00,51.7,34.7,2583.0,35.0,34.8,8.0,0.8660254037844387,-0.4999999999999998,54.6,55.9,51.9,37.0,36.0,37.0,32.7,32.0,30.7,7.329392880721567,-1.2999999999999972,-2.8999999999999986,2.0999999999999943
2026-07-18 09:00:00+00:00,2026-07-18T16:00:00+07:00,53.8,35.4,2670.0,43.0,30.5,9.0,0.7071067811865476,-0.7071067811865475,51.7,54.6,55.9,35.0,37.0,36.0,34.8,32.7,32.0,5.864952401054653,-2.8999999999999986,2.0999999999999943,-18.199999999999996
2026-07-18 10:00:00+00:00,2026-07-18T17:00:00+07:00,35.6,24.2,1437.0,48.0,28.2,10.0,0.49999999999999994,-0.8660254037844387,53.8,51.7,54.6,43.0,35.0,37.0,30.5,34.8,32.7,1.604265148482372,2.0999999999999943,-18.199999999999996,-4.0
2026-07-18 11:00:00+00:00,2026-07-18T18:00:00+07:00,31.6,21.9,1189.0,51.0,27.0,11.0,0.258819045102521,-0.9659258262890682,35.6,53.8,51.7,48.0,43.0,35.0,28.2,30.5,34.8,7.5130331202938985,-18.199999999999996,-4.0,3.299999999999997
2026-07-18 12:00:00+00:00,2026-07-18T19:00:00+07:00,34.9,23.6,1365.0,53.0,26.4,12.0,1.2246467991473532e-16,-1.0,31.6,35.6,53.8,51.0,48.0,43.0,27.0,28.2,30.5,10.697476337901573,-4.0,3.299999999999997,-1.3999999999999986
2026-07-18 13:00:00+00:00,2026-07-18T20:00:00+07:00,33.5,22.9,1295.0,55.0,26.3,13.0,-0.2588190451025208,-0.9659258262890683,34.9,31.6,35.6,53.0,51.0,48.0,26.4,27.0,28.2,10.717089157040807,3.299999999999997,-1.3999999999999986,-0.29999999999999716
2026-07-18 14:00:00+00:00,2026-07-18T21:00:00+07:00,33.2,22.7,1260.0,56.0,25.9,14.0,-0.4999999999999997,-0.8660254037844388,33.5,34.9,31.6,55.0,53.0,51.0,26.3,26.4,27.0,9.851987955058911,-1.3999999999999986,-0.29999999999999716,1.5
2026-07-18 15:00:00+00:00,2026-07-18T22:00:00+07:00,34.7,23.5,1349.0,58.0,25.7,15.0,-0.7071067811865471,-0.7071067811865479,33.2,33.5,34.9,56.0,55.0,53.0,25.9,26.3,26.4,8.299397568495984,-0.29999999999999716,1.5,-0.10000000000000142
2026-07-18 16:00:00+00:00,2026-07-18T23:00:00+07:00,34.6,23.4,1324.0,58.0,25.5,16.0,-0.8660254037844384,-0.5000000000000004,34.7,33.2,33.5,58.0,56.0,55.0,25.7,25.9,26.3,1.4469508169324639,1.5,-0.10000000000000142,-3.5
2026-07-18 17:00:00+00:00,2026-07-19T00:00:00+07:00,31.1,21.5,1163.0,58.0,25.0,17.0,-0.9659258262890683,-0.25881904510252063,34.6,34.7,33.2,58.0,58.0,56.0,25.5,25.7,25.9,1.2597618822439183,-0.10000000000000142,-3.5,25.4
2026-07-18 18:00:00+00:00,2026-07-19T01:00:00+07:00,56.5,36.3,2632.0,61.0,24.3,18.0,-1.0,-1.8369701987210297e-16,31.1,34.6,34.7,58.0,58.0,58.0,25.0,25.5,25.7,1.4348054455644315,-3.5,25.4,9.0
2026-07-18 19:00:00+00:00,2026-07-19T02:00:00+07:00,65.5,41.7,3136.0,62.0,23.9,19.0,-0.9659258262890684,0.2588190451025203,56.5,31.1,34.6,61.0,58.0,58.0,24.3,25.0,25.5,9.511817211586012,25.4,9.0,-19.200000000000003
2026-07-18 20:00:00+00:00,2026-07-19T03:00:00+07:00,46.3,30.1,2036.0,57.0,23.8,20.0,-0.8660254037844386,0.5000000000000001,65.5,56.5,31.1,62.0,61.0,58.0,23.9,24.3,25.0,14.59205263148269,9.0,-19.200000000000003,-2.3999999999999986
2026-07-18 21:00:00+00:00,2026-07-19T04:00:00+07:00,43.9,28.5,1841.0,55.0,23.2,21.0,-0.7071067811865477,0.7071067811865474,46.3,65.5,56.5,57.0,62.0,61.0,23.8,23.9,24.3,13.866278039424609,-19.200000000000003,-2.3999999999999986,-1.8999999999999986
2026-07-18 22:00:00+00:00,2026-07-19T05:00:00+07:00,42.0,27.7,1716.0,55.0,22.9,22.0,-0.5000000000000004,0.8660254037844384,43.9,46.3,65.5,55.0,57.0,62.0,23.2,23.8,23.9,13.010521383350872,-2.3999999999999986,-1.8999999999999986,13.799999999999997
2026-07-18 23:00:00+00:00,2026-07-19T06:00:00+07:00,55.8,35.8,2660.0,57.0,23.2,23.0,-0.25881904510252157,0.9659258262890681,42.0,43.9,46.3,55.0,55.0,57.0,22.9,23.2,23.8,11.98828594920744,-1.8999999999999986,13.799999999999997,-1.2999999999999972
2026-07-19 00:00:00+00:00,2026-07-19T07:00:00+07:00,54.5,35.2,2615.0,56.0,24.3,0.0,0.0,1.0,55.8,42.0,43.9,57.0,55.0,55.0,23.2,22.9,23.2,9.103552420161815,13.799999999999997,-1.2999999999999972,-0.10000000000000142
2026-07-19 01:00:00+00:00,2026-07-19T08:00:00+07:00,54.4,35.1,2579.0,54.0,25.5,1.0,0.25881904510252074,0.9659258262890683,54.5,55.8,42.0,56.0,57.0,55.0,24.3,23.2,22.9,8.926066696290917,-1.2999999999999972,-0.10000000000000142,-5.0
2026-07-19 02:00:00+00:00,2026-07-19T09:00:00+07:00,49.4,32.4,2303.0,49.0,26.8,2.0,0.49999999999999994,0.8660254037844387,54.4,54.5,55.8,54.0,56.0,57.0,25.5,24.3,23.2,6.108163935802027,-0.10000000000000142,-5.0,7.800000000000004
2026-07-19 03:00:00+00:00,2026-07-19T10:00:00+07:00,57.2,37.5,2821.0,45.0,28.1,3.0,0.7071067811865475,0.7071067811865476,49.4,54.4,54.5,49.0,54.0,56.0,26.8,25.5,24.3,5.913036445005749,-5.0,7.800000000000004,-24.800000000000004
2026-07-19 04:00:00+00:00,2026-07-19T11:00:00+07:00,32.4,22.0,1279.0,40.0,29.3,4.0,0.8660254037844386,0.5000000000000001,57.2,49.4,54.4,45.0,49.0,54.0,28.1,26.8,25.5,5.656294428920268,7.800000000000004,-24.800000000000004,-9.899999999999999
2026-07-19 05:00:00+00:00,2026-07-19T12:00:00+07:00,22.5,14.2,829.0,37.0,30.7,5.0,0.9659258262890683,0.25881904510252074,32.4,57.2,49.4,40.0,45.0,49.0,29.3,28.1,26.8,9.305141947688565,-24.800000000000004,-9.899999999999999,1.1000000000000014
2026-07-19 06:00:00+00:00,2026-07-19T13:00:00+07:00,23.6,15.8,886.0,37.0,30.9,6.0,1.0,6.123233995736766e-17,22.5,32.4,57.2,37.0,40.0,45.0,30.7,29.3,28.1,14.225282656827224,-9.899999999999999,1.1000000000000014,27.9
2026-07-19 07:00:00+00:00,2026-07-19T14:00:00+07:00,51.5,34.0,2511.0,43.0,29.9,7.0,0.9659258262890683,-0.25881904510252063,23.6,22.5,32.4,37.0,37.0,40.0,30.9,30.7,29.3,15.64920658265542,1.1000000000000014,27.9,-23.7
2026-07-19 08:00:00+00:00,2026-07-19T15:00:00+07:00,27.8,19.8,1049.0,44.0,29.0,8.0,0.8660254037844387,-0.4999999999999998,51.5,23.6,22.5,43.0,37.0,37.0,29.9,30.9,30.7,15.149213400920372,27.9,-23.7,2.3000000000000007
2026-07-19 09:00:00+00:00,2026-07-19T16:00:00+07:00,30.1,21.2,1153.0,47.0,28.4,9.0,0.7071067811865476,-0.7071067811865475,27.8,51.5,23.6,44.0,43.0,37.0,29.0,29.9,30.9,14.871000862975661,-23.7,2.3000000000000007,3.3999999999999986
2026-07-19 10:00:00+00:00,2026-07-19T17:00:00+07:00,33.5,23.0,1303.0,51.0,27.3,10.0,0.49999999999999994,-0.8660254037844387,30.1,27.8,51.5,47.0,44.0,43.0,28.4,29.0,29.9,10.579870824666042,2.3000000000000007,3.3999999999999986,0.3999999999999986
2026-07-19 11:00:00+00:00,2026-07-19T18:00:00+07:00,33.9,23.0,1315.0,53.0,26.5,11.0,0.258819045102521,-0.9659258262890682,33.5,30.1,27.8,51.0,47.0,44.0,27.3,28.4,29.0,10.611880135016282,3.3999999999999986,0.3999999999999986,-2.0
2026-07-19 12:00:00+00:00,2026-07-19T19:00:00+07:00,31.9,22.0,1204.0,55.0,26.0,12.0,1.2246467991473532e-16,-1.0,33.9,33.5,30.1,53.0,51.0,47.0,26.5,27.3,28.4,9.655671908259647,0.3999999999999986,-2.0,-4.0
2026-07-19 13:00:00+00:00,2026-07-19T20:00:00+07:00,27.9,19.7,1037.0,55.0,25.8,13.0,-0.2588190451025208,-0.9659258262890683,31.9,33.9,33.5,55.0,53.0,51.0,26.0,26.5,27.3,8.495744032550775,-2.0,-4.0,-1.7999999999999972
2026-07-19 14:00:00+00:00,2026-07-19T21:00:00+07:00,26.1,17.6,963.0,56.0,25.6,14.0,-0.4999999999999997,-0.8660254037844388,27.9,31.9,33.9,55.0,55.0,53.0,25.8,26.0,26.5,2.68309522752226,-4.0,-1.7999999999999972,-5.800000000000001
2026-07-19 15:00:00+00:00,2026-07-19T22:00:00+07:00,20.3,10.9,761.0,56.0,25.4,15.0,-0.7071067811865471,-0.7071067811865479,26.1,27.9,31.9,56.0,55.0,55.0,25.6,25.8,26.0,3.123246174514458,-1.7999999999999972,-5.800000000000001,-3.6000000000000014
2026-07-19 16:00:00+00:00,2026-07-19T23:00:00+07:00,16.7,7.8,664.0,57.0,25.1,16.0,-0.8660254037844384,-0.5000000000000004,20.3,26.1,27.9,56.0,56.0,55.0,25.4,25.6,25.8,5.252681854692711,-5.800000000000001,-3.6000000000000014,-2.6999999999999993
2026-07-19 17:00:00+00:00,2026-07-20T00:00:00+07:00,14.0,6.9,622.0,58.0,24.9,17.0,-0.9659258262890683,-0.25881904510252063,16.7,20.3,26.1,57.0,56.0,56.0,25.1,25.4,25.6,6.62892650936908,-3.6000000000000014,-2.6999999999999993,-4.1
2026-07-19 18:00:00+00:00,2026-07-20T01:00:00+07:00,9.9,5.5,541.0,58.0,24.8,18.0,-1.0,-1.8369701987210297e-16,14.0,16.7,20.3,58.0,57.0,56.0,24.9,25.1,25.4,6.936978208601627,-2.6999999999999993,-4.1,6.6
2026-07-19 19:00:00+00:00,2026-07-20T02:00:00+07:00,16.5,9.9,732.0,59.0,24.3,19.0,-0.9659258262890684,0.2588190451025203,9.9,14.0,16.7,58.0,58.0,57.0,24.8,24.9,25.1,6.989635183608988,-4.1,6.6,22.299999999999997
2026-07-19 20:00:00+00:00,2026-07-20T03:00:00+07:00,38.8,25.9,1570.0,61.0,23.4,20.0,-0.8660254037844386,0.5000000000000001,16.5,9.9,14.0,59.0,58.0,58.0,24.3,24.8,24.9,5.533082323618848,6.6,22.299999999999997,-1.8999999999999986
2026-07-19 21:00:00+00:00,2026-07-20T04:00:00+07:00,36.9,24.8,1481.0,62.0,23.1,21.0,-0.7071067811865477,0.7071067811865474,38.8,16.5,9.9,61.0,59.0,58.0,23.4,24.3,24.8,10.121989264300344,22.299999999999997,-1.8999999999999986,7.399999999999999
2026-07-19 22:00:00+00:00,2026-07-20T05:00:00+07:00,44.3,29.1,1931.0,61.0,22.7,22.0,-0.5000000000000004,0.8660254037844384,36.9,38.8,16.5,62.0,61.0,59.0,23.1,23.4,24.3,12.432966929362166,-1.8999999999999986,7.399999999999999,5.700000000000003
2026-07-19 23:00:00+00:00,2026-07-20T06:00:00+07:00,50.0,32.7,2377.0,61.0,22.9,23.0,-0.25881904510252157,0.9659258262890681,44.3,36.9,38.8,61.0,62.0,61.0,22.7,23.1,23.4,14.884712515417165,7.399999999999999,5.700000000000003,-0.6000000000000014
2026-07-20 00:00:00+00:00,2026-07-20T07:00:00+07:00,49.4,32.4,2321.0,59.0,23.9,0.0,0.0,1.0,50.0,44.3,36.9,61.0,61.0,62.0,22.9,22.7,23.1,15.94348351730639,5.700000000000003,-0.6000000000000014,11.800000000000004
2026-07-20 01:00:00+00:00,2026-07-20T08:00:00+07:00,61.2,39.6,2963.0,55.0,25.1,1.0,0.25881904510252074,0.9659258262890683,49.4,50.0,44.3,59.0,61.0,61.0,23.9,22.9,22.7,12.388287479172613,-0.6000000000000014,11.800000000000004,-11.0
2026-07-20 02:00:00+00:00,2026-07-20T09:00:00+07:00,50.2,32.9,2374.0,49.0,26.5,2.0,0.49999999999999994,0.8660254037844387,61.2,49.4,50.0,55.0,59.0,61.0,25.1,23.9,22.9,8.861301635009948,11.800000000000004,-11.0,-5.0
2026-07-20 03:00:00+00:00,2026-07-20T10:00:00+07:00,45.2,30.1,2050.0,46.0,27.7,3.0,0.7071067811865475,0.7071067811865476,50.2,61.2,49.4,49.0,55.0,59.0,26.5,25.1,23.9,7.990911504117117,-11.0,-5.0,-21.6
2026-07-21 00:00:00+00:00,2026-07-21T07:00:00+07:00,18.1,10.2,750.0,56.0,24.7,0.0,0.0,1.0,17.6,14.4,6.8,57.0,57.0,57.0,24.5,24.6,24.7,4.784001114827073,3.200000000000001,0.5,16.299999999999997
2026-07-21 01:00:00+00:00,2026-07-21T08:00:00+07:00,34.4,23.6,1373.0,51.0,25.4,1.0,0.25881904510252074,0.9659258262890683,18.1,17.6,14.4,56.0,57.0,57.0,24.7,24.5,24.6,5.569350650360119,0.5,16.299999999999997,8.700000000000003
2026-07-21 02:00:00+00:00,2026-07-21T09:00:00+07:00,43.1,28.9,1921.0,48.0,26.4,2.0,0.49999999999999994,0.8660254037844387,34.4,18.1,17.6,51.0,56.0,57.0,25.4,24.7,24.5,10.399567298690846,16.299999999999997,8.700000000000003,-7.800000000000004
2026-07-21 03:00:00+00:00,2026-07-21T10:00:00+07:00,35.3,22.9,1436.0,44.0,27.6,3.0,0.7071067811865475,0.7071067811865476,43.1,34.4,18.1,48.0,51.0,56.0,26.4,25.4,24.7,13.574829649023226,8.700000000000003,-7.800000000000004,-21.299999999999997
2026-07-21 04:00:00+00:00,2026-07-21T11:00:00+07:00,14.0,8.3,645.0,41.0,28.7,4.0,0.8660254037844386,0.5000000000000001,35.3,43.1,34.4,44.0,48.0,51.0,27.6,26.4,25.4,11.908442383452172,-7.800000000000004,-21.299999999999997,-9.9
2026-07-21 05:00:00+00:00,2026-07-21T12:00:00+07:00,4.1,2.1,360.0,38.0,30.0,5.0,0.9659258262890683,0.25881904510252074,14.0,35.3,43.1,41.0,44.0,48.0,28.7,27.6,26.4,11.994901694747927,-21.299999999999997,-9.9,-0.2999999999999998
2026-07-21 06:00:00+00:00,2026-07-21T13:00:00+07:00,3.8,1.6,339.0,37.0,30.9,6.0,1.0,6.123233995736766e-17,4.1,14.0,35.3,38.0,41.0,44.0,30.0,28.7,27.6,15.015414302198481,-9.9,-0.2999999999999998,-0.2999999999999998
2026-07-21 07:00:00+00:00,2026-07-21T14:00:00+07:00,3.5,1.5,335.0,34.0,32.6,7.0,0.9659258262890683,-0.25881904510252063,3.8,4.1,14.0,37.0,38.0,41.0,30.9,30.0,28.7,17.264385306172937,-0.2999999999999998,-0.2999999999999998,1.5999999999999996
2026-07-21 08:00:00+00:00,2026-07-21T15:00:00+07:00,5.1,2.7,394.0,29.0,35.8,8.0,0.8660254037844387,-0.4999999999999998,3.5,3.8,4.1,34.0,37.0,38.0,32.6,30.9,30.0,17.59238471612078,-0.2999999999999998,1.5999999999999996,6.300000000000001
2026-07-21 09:00:00+00:00,2026-07-21T16:00:00+07:00,11.4,6.0,561.0,41.0,29.2,9.0,0.7071067811865476,-0.7071067811865475,5.1,3.5,3.8,29.0,34.0,37.0,35.8,32.6,30.9,12.569752052712362,1.5999999999999996,6.300000000000001,4.299999999999999
2026-07-21 10:00:00+00:00,2026-07-21T17:00:00+07:00,15.7,7.6,651.0,48.0,26.6,10.0,0.49999999999999994,-0.8660254037844387,11.4,5.1,3.5,41.0,29.0,34.0,29.2,35.8,32.6,4.535820396209117,6.300000000000001,4.299999999999999,0.6000000000000014
2026-07-21 11:00:00+00:00,2026-07-21T18:00:00+07:00,16.3,8.4,688.0,51.0,25.8,11.0,0.258819045102521,-0.9659258262890682,15.7,11.4,5.1,48.0,41.0,29.0,26.6,29.2,35.8,5.081994359173043,4.299999999999999,0.6000000000000014,8.899999999999999
2026-07-21 12:00:00+00:00,2026-07-21T19:00:00+07:00,25.2,16.4,918.0,52.0,25.6,12.0,1.2246467991473532e-16,-1.0,16.3,15.7,11.4,51.0,48.0,41.0,25.8,26.6,29.2,5.931273050534765,0.6000000000000014,8.899999999999999,-4.599999999999998
2026-07-21 13:00:00+00:00,2026-07-21T20:00:00+07:00,20.6,10.6,778.0,54.0,25.4,13.0,-0.2588190451025208,-0.9659258262890683,25.2,16.3,15.7,52.0,51.0,48.0,25.6,25.8,26.6,8.026622369755952,8.899999999999999,-4.599999999999998,-6.600000000000001
2026-07-21 14:00:00+00:00,2026-07-21T21:00:00+07:00,14.0,7.1,629.0,55.0,25.1,14.0,-0.4999999999999997,-0.8660254037844388,20.6,25.2,16.3,54.0,52.0,51.0,25.4,25.6,25.8,7.006687281923367,-4.599999999999998,-6.600000000000001,-3.0999999999999996
2026-07-21 15:00:00+00:00,2026-07-21T22:00:00+07:00,10.9,6.0,560.0,55.0,24.8,15.0,-0.7071067811865471,-0.7071067811865479,14.0,20.6,25.2,55.0,54.0,52.0,25.1,25.4,25.6,4.949747468305832,-6.600000000000001,-3.0999999999999996,1.5999999999999996
2026-07-21 16:00:00+00:00,2026-07-21T23:00:00+07:00,12.5,7.0,591.0,54.0,24.5,16.0,-0.8660254037844384,-0.5000000000000004,10.9,14.0,20.6,55.0,55.0,54.0,24.8,25.1,25.4,5.069681120806973,-3.0999999999999996,1.5999999999999996,-2.3000000000000007
2026-07-21 17:00:00+00:00,2026-07-22T00:00:00+07:00,10.2,5.4,544.0,55.0,24.1,17.0,-0.9659258262890683,-0.25881904510252063,12.5,10.9,14.0,54.0,55.0,55.0,24.5,24.8,25.1,5.405706860963388,1.5999999999999996,-2.3000000000000007,14.5
2026-07-21 18:00:00+00:00,2026-07-22T01:00:00+07:00,24.7,16.5,1095.0,58.0,23.8,18.0,-1.0,-1.8369701987210297e-16,10.2,12.5,10.9,55.0,54.0,55.0,24.1,24.5,24.8,6.009547958596107,-2.3000000000000007,14.5,12.500000000000004
2026-07-21 19:00:00+00:00,2026-07-22T02:00:00+07:00,37.2,25.8,1560.0,59.0,23.2,19.0,-0.9659258262890684,0.2588190451025203,24.7,10.2,12.5,58.0,55.0,54.0,23.8,24.1,24.5,5.850612503547525,14.5,12.500000000000004,6.799999999999997
2026-07-21 20:00:00+00:00,2026-07-22T03:00:00+07:00,44.0,29.5,1971.0,59.0,23.0,20.0,-0.8660254037844386,0.5000000000000001,37.2,24.7,10.2,59.0,58.0,55.0,23.2,23.8,24.1,10.68321112774619,12.500000000000004,6.799999999999997,4.700000000000003
2026-07-21 21:00:00+00:00,2026-07-22T04:00:00+07:00,48.7,32.5,2332.0,60.0,22.6,21.0,-0.7071067811865477,0.7071067811865474,44.0,37.2,24.7,59.0,59.0,58.0,23.0,23.2,23.8,14.599006815533725,6.799999999999997,4.700000000000003,-10.600000000000001
2026-07-21 22:00:00+00:00,2026-07-22T05:00:00+07:00,38.1,24.9,1717.0,59.0,22.6,22.0,-0.5000000000000004,0.8660254037844384,48.7,44.0,37.2,60.0,59.0,59.0,22.6,23.0,23.2,16.26465493024676,4.700000000000003,-10.600000000000001,13.899999999999999
2026-07-21 23:00:00+00:00,2026-07-22T06:00:00+07:00,52.0,34.2,2605.0,58.0,22.9,23.0,-0.25881904510252157,0.9659258262890681,38.1,48.7,44.0,59.0,60.0,59.0,22.6,22.6,23.0,14.1128900890876,-10.600000000000001,13.899999999999999,-7.100000000000001
2026-07-22 00:00:00+00:00,2026-07-22T07:00:00+07:00,44.9,30.6,2017.0,56.0,23.6,0.0,0.0,1.0,52.0,38.1,48.7,58.0,59.0,60.0,22.9,22.6,22.6,9.772904720023982,13.899999999999999,-7.100000000000001,-11.600000000000001
2026-07-22 01:00:00+00:00,2026-07-22T08:00:00+07:00,33.3,23.0,1321.0,50.0,24.9,1.0,0.25881904510252074,0.9659258262890683,44.9,52.0,38.1,56.0,58.0,59.0,23.6,22.9,22.6,5.793358266152755,-7.100000000000001,-11.600000000000001,-4.099999999999998
2026-07-22 02:00:00+00:00,2026-07-22T09:00:00+07:00,29.2,19.5,1101.0,46.0,26.2,2.0,0.49999999999999994,0.8660254037844387,33.3,44.9,52.0,50.0,56.0,58.0,24.9,23.6,22.9,6.85127725318429,-11.600000000000001,-4.099999999999998,-10.2
2026-07-22 03:00:00+00:00,2026-07-22T10:00:00+07:00,19.0,10.6,768.0,43.0,27.5,3.0,0.7071067811865475,0.7071067811865476,29.2,33.3,44.9,46.0,50.0,56.0,26.2,24.9,23.6,8.971436154076285,-4.099999999999998,-10.2,-13.5
2026-07-22 04:00:00+00:00,2026-07-22T11:00:00+07:00,5.5,3.0,410.0,42.0,28.3,4.0,0.8660254037844386,0.5000000000000001,19.0,29.2,33.3,43.0,46.0,50.0,27.5,26.2,24.9,11.67996860726376,-10.2,-13.5,-0.40000000000000036
2026-07-22 05:00:00+00:00,2026-07-22T12:00:00+07:00,5.1,2.1,370.0,40.0,29.3,5.0,0.9659258262890683,0.25881904510252074,5.5,19.0,29.2,42.0,43.0,46.0,28.3,27.5,26.2,16.94848075787326,-13.5,-0.40000000000000036,-2.5999999999999996
2026-07-22 06:00:00+00:00,2026-07-22T13:00:00+07:00,2.5,0.7,287.0,38.0,30.2,6.0,1.0,6.123233995736766e-17,5.1,5.5,19.0,40.0,42.0,43.0,29.3,28.3,27.5,15.916239086752453,-0.40000000000000036,-2.5999999999999996,-0.2999999999999998
2026-07-22 07:00:00+00:00,2026-07-22T14:00:00+07:00,2.2,0.7,269.0,35.0,31.8,7.0,0.9659258262890683,-0.25881904510252063,2.5,5.1,5.5,38.0,40.0,42.0,30.2,29.3,28.3,13.367971673618491,-2.5999999999999996,-0.2999999999999998,2.0
2026-07-22 08:00:00+00:00,2026-07-22T15:00:00+07:00,4.2,1.8,344.0,35.0,31.3,8.0,0.8660254037844387,-0.4999999999999998,2.2,2.5,5.1,35.0,38.0,40.0,31.8,30.2,29.3,11.035835567217658,-0.2999999999999998,2.0,1.0999999999999996
2026-07-22 09:00:00+00:00,2026-07-22T16:00:00+07:00,5.3,2.6,388.0,45.0,26.9,9.0,0.7071067811865476,-0.7071067811865475,4.2,2.2,2.5,35.0,35.0,38.0,31.3,31.8,30.2,6.307905093346459,2.0,1.0999999999999996,5.000000000000001
2026-07-22 10:00:00+00:00,2026-07-22T17:00:00+07:00,10.3,5.5,546.0,48.0,25.9,10.0,0.49999999999999994,-0.8660254037844387,5.3,4.2,2.2,45.0,35.0,35.0,26.9,31.3,31.8,1.4541893503482173,1.0999999999999996,5.000000000000001,4.699999999999999
2026-07-22 11:00:00+00:00,2026-07-22T18:00:00+07:00,15.0,7.4,640.0,50.0,25.2,11.0,0.258819045102521,-0.9659258262890682,10.3,5.3,4.2,48.0,45.0,35.0,25.9,26.9,31.3,2.9289360980851367,5.000000000000001,4.699999999999999,-2.9000000000000004
2026-07-22 12:00:00+00:00,2026-07-22T19:00:00+07:00,12.1,6.0,580.0,52.0,24.8,12.0,1.2246467991473532e-16,-1.0,15.0,10.3,5.3,50.0,48.0,45.0,25.2,25.9,26.9,5.057041295724825,4.699999999999999,-2.9000000000000004,-2.299999999999999
2026-07-22 13:00:00+00:00,2026-07-22T20:00:00+07:00,9.8,5.2,533.0,53.0,24.9,13.0,-0.2588190451025208,-0.9659258262890683,12.1,15.0,10.3,52.0,50.0,48.0,24.8,25.2,25.9,5.025302644285838,-2.9000000000000004,-2.299999999999999,1.8999999999999986
2026-07-22 14:00:00+00:00,2026-07-22T21:00:00+07:00,11.7,6.3,567.0,53.0,24.3,14.0,-0.4999999999999997,-0.8660254037844388,9.8,12.1,15.0,53.0,52.0,50.0,24.9,24.8,25.2,4.08546203017475,-2.299999999999999,1.8999999999999986,-7.999999999999999
2026-07-22 15:00:00+00:00,2026-07-22T22:00:00+07:00,3.7,1.5,329.0,53.0,24.0,15.0,-0.7071067811865471,-0.7071067811865479,11.7,9.8,12.1,53.0,53.0,52.0,24.3,24.9,24.8,3.21185304769686,1.8999999999999986,-7.999999999999999,1.0
2026-07-22 16:00:00+00:00,2026-07-22T23:00:00+07:00,4.7,2.1,366.0,54.0,23.8,16.0,-0.8660254037844384,-0.5000000000000004,3.7,11.7,9.8,53.0,53.0,53.0,24.0,24.3,24.9,3.768111817166028,-7.999999999999999,1.0,1.5999999999999996
2026-07-22 17:00:00+00:00,2026-07-23T00:00:00+07:00,6.3,3.2,421.0,54.0,23.7,17.0,-0.9659258262890683,-0.25881904510252063,4.7,3.7,11.7,54.0,53.0,53.0,23.8,24.0,24.3,4.441171016747676,1.0,1.5999999999999996,1.2999999999999998
2026-07-22 18:00:00+00:00,2026-07-23T01:00:00+07:00,7.6,4.4,475.0,54.0,23.4,18.0,-1.0,-1.8369701987210297e-16,6.3,4.7,3.7,54.0,54.0,53.0,23.7,23.8,24.0,3.6330428018397414,1.5999999999999996,1.2999999999999998,26.799999999999997
2026-07-22 19:00:00+00:00,2026-07-23T02:00:00+07:00,34.4,23.3,1441.0,57.0,22.9,19.0,-0.9659258262890684,0.2588190451025203,7.6,6.3,4.7,54.0,54.0,54.0,23.4,23.7,23.8,3.04696570377803,1.2999999999999998,26.799999999999997,14.399999999999999
2026-07-22 20:00:00+00:00,2026-07-23T03:00:00+07:00,48.8,32.3,2345.0,58.0,22.3,20.0,-0.8660254037844386,0.5000000000000001,34.4,7.6,6.3,57.0,54.0,54.0,22.9,23.4,23.7,11.607928325071603,26.799999999999997,14.399999999999999,-43.699999999999996
2026-07-22 21:00:00+00:00,2026-07-23T04:00:00+07:00,5.1,2.9,401.0,57.0,22.8,21.0,-0.7071067811865477,0.7071067811865474,48.8,34.4,7.6,58.0,57.0,54.0,22.3,22.9,23.4,19.198897537792796,14.399999999999999,-43.699999999999996,15.6
2026-07-22 22:00:00+00:00,2026-07-23T05:00:00+07:00,20.7,13.6,1054.0,57.0,23.0,22.0,-0.5000000000000004,0.8660254037844384,5.1,48.8,34.4,57.0,58.0,57.0,22.8,22.3,22.9,19.00393818835102,-43.699999999999996,15.6,25.500000000000004
2026-07-22 23:00:00+00:00,2026-07-23T06:00:00+07:00,46.2,31.1,2217.0,58.0,22.5,23.0,-0.25881904510252157,0.9659258262890681,20.7,5.1,48.8,57.0,57.0,58.0,23.0,22.8,22.3,17.884900521575915,15.6,25.500000000000004,-25.000000000000004
2026-07-23 00:00:00+00:00,2026-07-23T07:00:00+07:00,21.2,13.3,830.0,54.0,23.9,0.0,0.0,1.0,46.2,20.7,5.1,58.0,57.0,57.0,22.5,23.0,22.8,18.943037419238408,25.500000000000004,-25.000000000000004,17.2
2026-07-23 01:00:00+00:00,2026-07-23T08:00:00+07:00,38.4,26.0,1602.0,53.0,24.8,1.0,0.25881904510252074,0.9659258262890683,21.2,46.2,20.7,54.0,58.0,57.0,23.9,22.5,23.0,16.834607212525032,-25.000000000000004,17.2,-11.299999999999997
2026-07-23 02:00:00+00:00,2026-07-23T09:00:00+07:00,27.1,16.7,1076.0,50.0,25.8,2.0,0.49999999999999994,0.8660254037844387,38.4,21.2,46.2,53.0,54.0,58.0,24.8,23.9,22.5,17.148488757516404,17.2,-11.299999999999997,-16.900000000000002
2026-07-23 03:00:00+00:00,2026-07-23T10:00:00+07:00,10.2,5.4,536.0,46.0,26.7,3.0,0.7071067811865475,0.7071067811865476,27.1,38.4,21.2,50.0,53.0,54.0,25.8,24.8,23.9,14.489547957062008,-11.299999999999997,-16.900000000000002,-5.6
2026-07-23 04:00:00+00:00,2026-07-23T11:00:00+07:00,4.6,2.4,379.0,42.0,27.7,4.0,0.8660254037844386,0.5000000000000001,10.2,27.1,38.4,46.0,50.0,53.0,26.7,25.8,24.8,13.06629251164996,-16.900000000000002,-5.6,-1.2999999999999998
2026-07-23 05:00:00+00:00,2026-07-23T12:00:00+07:00,3.3,1.2,321.0,40.0,28.5,5.0,0.9659258262890683,0.25881904510252074,4.6,10.2,27.1,42.0,46.0,50.0,27.7,26.7,25.8,16.01354634884686,-5.6,-1.2999999999999998,-0.3999999999999999
2026-07-23 06:00:00+00:00,2026-07-23T13:00:00+07:00,2.9,1.0,296.0,37.0,29.8,6.0,1.0,6.123233995736766e-17,3.3,4.6,10.2,40.0,42.0,46.0,28.5,27.7,26.7,13.885195953484649,-1.2999999999999998,-0.3999999999999999,-0.19999999999999973
2026-07-23 07:00:00+00:00,2026-07-23T14:00:00+07:00,2.7,0.8,292.0,35.0,31.1,7.0,0.9659258262890683,-0.25881904510252063,2.9,3.3,4.6,37.0,40.0,42.0,29.8,28.5,27.7,14.875673654213664,-0.3999999999999999,-0.19999999999999973,-0.5
2026-07-23 08:00:00+00:00,2026-07-23T15:00:00+07:00,2.2,0.7,277.0,29.0,34.6,8.0,0.8660254037844387,-0.4999999999999998,2.7,2.9,3.3,35.0,37.0,40.0,31.1,29.8,28.5,9.550846384832417,-0.19999999999999973,-0.5,4.3
2026-07-23 09:00:00+00:00,2026-07-23T16:00:00+07:00,6.5,3.2,420.0,39.0,28.0,9.0,0.7071067811865476,-0.7071067811865475,2.2,2.7,2.9,29.0,35.0,37.0,34.6,31.1,29.8,2.9942723100390287,-0.5,4.3,5.0
2026-07-23 10:00:00+00:00,2026-07-23T17:00:00+07:00,11.5,6.0,571.0,46.0,25.9,10.0,0.49999999999999994,-0.8660254037844387,6.5,2.2,2.7,39.0,29.0,35.0,28.0,34.6,31.1,1.5937377450508592,4.3,5.0,1.0999999999999996
2026-07-23 11:00:00+00:00,2026-07-23T18:00:00+07:00,12.6,6.5,607.0,50.0,25.1,11.0,0.258819045102521,-0.9659258262890682,11.5,6.5,2.2,46.0,39.0,29.0,25.9,28.0,34.6,3.599861108431796,5.0,1.0999999999999996,4.200000000000001
2026-07-23 12:00:00+00:00,2026-07-23T19:00:00+07:00,16.8,8.7,687.0,51.0,24.7,12.0,1.2246467991473532e-16,-1.0,12.6,11.5,6.5,50.0,46.0,39.0,25.1,25.9,28.0,4.648440598738441,1.0999999999999996,4.200000000000001,-6.100000000000001
2026-07-23 13:00:00+00:00,2026-07-23T20:00:00+07:00,10.7,5.9,562.0,52.0,24.6,13.0,-0.2588190451025208,-0.9659258262890683,16.8,12.6,11.5,51.0,50.0,46.0,24.7,25.1,25.9,5.860858867663209,4.200000000000001,-6.100000000000001,-4.499999999999999
2026-07-23 14:00:00+00:00,2026-07-23T21:00:00+07:00,6.2,3.7,444.0,53.0,24.5,14.0,-0.4999999999999997,-0.8660254037844388,10.7,16.8,12.6,52.0,51.0,50.0,24.6,24.7,25.1,5.075726548977969,-6.100000000000001,-4.499999999999999,-0.5
2026-07-23 15:00:00+00:00,2026-07-23T22:00:00+07:00,5.7,2.8,400.0,53.0,24.2,15.0,-0.7071067811865471,-0.7071067811865479,6.2,10.7,16.8,53.0,52.0,51.0,24.5,24.6,24.7,3.9836750202126767,-4.499999999999999,-0.5,-2.0
2026-07-23 16:00:00+00:00,2026-07-23T23:00:00+07:00,3.7,1.6,338.0,53.0,23.8,16.0,-0.8660254037844384,-0.5000000000000004,5.7,6.2,10.7,53.0,53.0,52.0,24.2,24.5,24.6,4.162411160213089,-0.5,-2.0,-1.2000000000000002
2026-07-23 17:00:00+00:00,2026-07-24T00:00:00+07:00,2.5,0.8,290.0,53.0,23.5,17.0,-0.9659258262890683,-0.25881904510252063,3.7,5.7,6.2,53.0,53.0,53.0,23.8,24.2,24.5,4.960409929296819,-2.0,-1.2000000000000002,-1.1
2026-07-23 18:00:00+00:00,2026-07-24T01:00:00+07:00,1.4,0.2,248.0,51.0,23.5,18.0,-1.0,-1.8369701987210297e-16,2.5,3.7,5.7,53.0,53.0,53.0,23.5,23.8,24.2,5.311120409103884,-1.2000000000000002,-1.1,1.5
2026-07-23 19:00:00+00:00,2026-07-24T02:00:00+07:00,2.9,1.3,315.0,50.0,23.3,19.0,-0.9659258262890684,0.2588190451025203,1.4,2.5,3.7,51.0,53.0,53.0,23.5,23.5,23.8,3.32605872868572,-1.1,1.5,-0.5
2026-07-23 20:00:00+00:00,2026-07-24T03:00:00+07:00,2.4,0.8,274.0,51.0,23.1,20.0,-0.8660254037844386,0.5000000000000001,2.9,1.4,2.5,50.0,51.0,53.0,23.3,23.5,23.5,1.8768768384383852,1.5,-0.5,36.6
2026-07-23 21:00:00+00:00,2026-07-24T04:00:00+07:00,39.0,26.4,1622.0,57.0,21.8,21.0,-0.7071067811865477,0.7071067811865474,2.4,2.9,1.4,51.0,50.0,51.0,23.1,23.3,23.5,1.4764823060232728,-0.5,36.6,2.6000000000000014
2026-07-23 22:00:00+00:00,2026-07-24T05:00:00+07:00,41.6,28.1,1857.0,58.0,21.5,22.0,-0.5000000000000004,0.8660254037844384,39.0,2.4,2.9,57.0,51.0,50.0,21.8,23.1,23.3,14.887142103170772,36.6,2.6000000000000014,-8.800000000000004
2026-07-23 23:00:00+00:00,2026-07-24T06:00:00+07:00,32.8,21.6,1625.0,57.0,21.9,23.0,-0.25881904510252157,0.9659258262890681,41.6,39.0,2.4,58.0,57.0,51.0,21.5,21.8,23.1,19.646543377059142,2.6000000000000014,-8.800000000000004,-13.699999999999996
2026-07-24 00:00:00+00:00,2026-07-24T07:00:00+07:00,19.1,10.8,753.0,53.0,23.3,0.0,0.0,1.0,32.8,41.6,39.0,57.0,58.0,57.0,21.9,21.5,21.8,19.69532093332491,-8.800000000000004,-13.699999999999996,4.299999999999997
2026-07-24 01:00:00+00:00,2026-07-24T08:00:00+07:00,23.4,14.4,872.0,49.0,24.5,1.0,0.25881904510252074,0.9659258262890683,19.1,32.8,41.6,53.0,57.0,58.0,23.3,21.9,21.5,17.558891384898605,-13.699999999999996,4.299999999999997,-5.799999999999997
2026-07-24 02:00:00+00:00,2026-07-24T09:00:00+07:00,17.6,9.6,711.0,43.0,25.8,2.0,0.49999999999999994,0.8660254037844387,23.4,19.1,32.8,49.0,53.0,57.0,24.5,23.3,21.9,14.622231931776572,4.299999999999997,-5.799999999999997,-10.000000000000002
2026-07-24 03:00:00+00:00,2026-07-24T10:00:00+07:00,7.6,4.0,457.0,38.0,27.0,3.0,0.7071067811865475,0.7071067811865476,17.6,23.4,19.1,43.0,49.0,53.0,25.8,24.5,23.3,10.319770669286523,-5.799999999999997,-10.000000000000002,-5.1
2026-07-24 04:00:00+00:00,2026-07-24T11:00:00+07:00,2.5,0.9,288.0,38.0,27.7,4.0,0.8660254037844386,0.5000000000000001,7.6,17.6,23.4,38.0,43.0,49.0,27.0,25.8,24.5,12.007400495805344,-10.000000000000002,-5.1,-1.2
2026-07-24 05:00:00+00:00,2026-07-24T12:00:00+07:00,1.3,0.2,229.0,37.0,28.5,5.0,0.9659258262890683,0.25881904510252074,2.5,7.6,17.6,38.0,38.0,43.0,27.7,27.0,25.8,10.897828529879998,-5.1,-1.2,0.9999999999999998
2026-07-24 06:00:00+00:00,2026-07-24T13:00:00+07:00,2.3,0.6,264.0,34.0,29.8,6.0,1.0,6.123233995736766e-17,1.3,2.5,7.6,37.0,38.0,38.0,28.5,27.7,27.0,9.335827047812446,-1.2,0.9999999999999998,1.0
2026-07-24 07:00:00+00:00,2026-07-24T14:00:00+07:00,3.3,1.0,303.0,30.0,32.1,7.0,0.9659258262890683,-0.25881904510252063,2.3,1.3,2.5,34.0,37.0,38.0,29.8,28.5,27.7,9.269609844360573,0.9999999999999998,1.0,-0.19999999999999973
2026-07-24 08:00:00+00:00,2026-07-24T15:00:00+07:00,3.1,1.0,308.0,24.0,36.7,8.0,0.8660254037844387,-0.4999999999999998,3.3,2.3,1.3,30.0,34.0,37.0,32.1,29.8,28.5,6.1986019929227965,1.0,-0.19999999999999973,0.10000000000000009
2026-07-24 09:00:00+00:00,2026-07-24T16:00:00+07:00,3.2,0.9,295.0,32.0,28.5,9.0,0.7071067811865476,-0.7071067811865475,3.1,3.3,2.3,24.0,30.0,34.0,36.7,32.1,29.8,2.1979535936865893,-0.19999999999999973,0.10000000000000009,0.7999999999999998
2026-07-24 10:00:00+00:00,2026-07-24T17:00:00+07:00,4.0,1.4,327.0,34.0,26.2,10.0,0.49999999999999994,-0.8660254037844387,3.2,3.1,3.3,32.0,24.0,30.0,28.5,36.7,32.1,0.7600438583834886,0.10000000000000009,0.7999999999999998,8.9
2026-07-24 11:00:00+00:00,2026-07-24T18:00:00+07:00,12.9,6.3,596.0,39.0,25.3,11.0,0.258819045102521,-0.9659258262890682,4.0,3.2,3.1,34.0,32.0,24.0,26.2,28.5,36.7,0.9395034149307069,0.7999999999999998,8.9,-2.700000000000001
2026-07-24 12:00:00+00:00,2026-07-24T19:00:00+07:00,10.2,5.4,546.0,42.0,24.7,12.0,1.2246467991473532e-16,-1.0,12.9,4.0,3.2,39.0,34.0,32.0,25.3,26.2,28.5,4.004996878900131,8.9,-2.700000000000001,-3.5999999999999996
2026-07-24 13:00:00+00:00,2026-07-24T20:00:00+07:00,6.6,3.7,452.0,44.0,24.1,13.0,-0.2588190451025208,-0.9659258262890683,10.2,12.9,4.0,42.0,39.0,34.0,24.7,25.3,26.2,4.306003560921247,-2.700000000000001,-3.5999999999999996,0.7000000000000002
2026-07-24 14:00:00+00:00,2026-07-24T21:00:00+07:00,7.3,4.4,473.0,46.0,23.7,14.0,-0.4999999999999997,-0.8660254037844388,6.6,10.2,12.9,44.0,42.0,39.0,24.1,24.7,25.3,4.079052177487616,-3.5999999999999996,0.7000000000000002,-0.7999999999999998
2026-07-24 15:00:00+00:00,2026-07-24T22:00:00+07:00,6.5,3.7,447.0,48.0,23.5,15.0,-0.7071067811865471,-0.7071067811865479,7.3,6.6,10.2,46.0,44.0,42.0,23.7,24.1,24.7,3.6860095858077275,0.7000000000000002,-0.7999999999999998,-1.0999999999999996
2026-07-24 16:00:00+00:00,2026-07-24T23:00:00+07:00,5.4,3.1,407.0,49.0,23.2,16.0,-0.8660254037844384,-0.5000000000000004,6.5,7.3,6.6,48.0,46.0,44.0,23.5,23.7,24.1,3.1466913840836783,-0.7999999999999998,-1.0999999999999996,125.1
2026-07-24 17:00:00+00:00,2026-07-25T00:00:00+07:00,130.5,76.5,5605.0,51.0,22.4,17.0,-0.9659258262890683,-0.25881904510252063,5.4,6.5,7.3,49.0,48.0,46.0,23.2,23.5,23.7,2.834607556611636,-1.0999999999999996,125.1,23.0
2026-07-24 18:00:00+00:00,2026-07-25T01:00:00+07:00,153.5,90.9,6643.0,54.0,21.4,18.0,-1.0,-1.8369701987210297e-16,130.5,5.4,6.5,51.0,49.0,48.0,22.4,23.2,23.5,50.363032077109885,125.1,23.0,-12.699999999999989
2026-07-24 19:00:00+00:00,2026-07-25T02:00:00+07:00,140.8,84.6,6242.0,55.0,21.2,19.0,-0.9659258262890684,0.2588190451025203,153.5,130.5,5.4,54.0,51.0,49.0,21.4,22.4,23.2,70.37720274823847,23.0,-12.699999999999989,103.1
2026-07-24 20:00:00+00:00,2026-07-25T03:00:00+07:00,243.9,138.4,10087.0,56.0,20.5,20.0,-0.8660254037844386,0.5000000000000001,140.8,153.5,130.5,55.0,54.0,51.0,21.2,21.4,22.4,74.41214954562192,-12.699999999999989,103.1,-100.9
2026-07-24 21:00:00+00:00,2026-07-25T04:00:00+07:00,143.0,85.2,6247.0,56.0,20.2,21.0,-0.7071067811865477,0.7071067811865474,243.9,140.8,153.5,56.0,55.0,54.0,20.5,21.2,21.4,92.49111669055935,103.1,-100.9,-67.6
2026-07-24 22:00:00+00:00,2026-07-25T05:00:00+07:00,75.4,47.9,3562.0,57.0,19.9,22.0,-0.5000000000000004,0.8660254037844384,143.0,243.9,140.8,56.0,56.0,55.0,20.2,20.5,21.2,76.29824156995144,-100.9,-67.6,14.199999999999989
2026-07-24 23:00:00+00:00,2026-07-25T06:00:00+07:00,89.6,57.4,4263.0,56.0,20.1,23.0,-0.25881904510252157,0.9659258262890681,75.4,143.0,243.9,57.0,56.0,56.0,19.9,20.2,20.5,54.554147413372704,-67.6,14.199999999999989,37.2
2026-07-25 00:00:00+00:00,2026-07-25T07:00:00+07:00,126.8,79.8,5871.0,52.0,21.4,0.0,0.0,1.0,89.6,75.4,143.0,56.0,57.0,56.0,20.1,19.9,20.2,59.487836291687955,14.199999999999989,37.2,-53.3
2026-07-25 01:00:00+00:00,2026-07-25T08:00:00+07:00,73.5,48.6,3641.0,47.0,23.2,1.0,0.25881904510252074,0.9659258262890683,126.8,89.6,75.4,52.0,56.0,57.0,21.4,20.1,19.9,59.367277743439324,37.2,-53.3,-29.5
2026-07-25 02:00:00+00:00,2026-07-25T09:00:00+07:00,44.0,30.3,2001.0,40.0,25.0,2.0,0.49999999999999994,0.8660254037844387,73.5,126.8,89.6,47.0,52.0,56.0,23.2,21.4,20.1,64.54333944464499,-53.3,-29.5,-12.3
2026-07-25 03:00:00+00:00,2026-07-25T10:00:00+07:00,31.7,22.3,1243.0,34.0,26.6,3.0,0.7071067811865475,0.7071067811865476,44.0,73.5,126.8,40.0,47.0,52.0,25.0,23.2,21.4,36.71401639701106,-29.5,-12.3,-2.1999999999999993
2026-07-25 04:00:00+00:00,2026-07-25T11:00:00+07:00,29.5,20.3,1141.0,31.0,28.0,4.0,0.8660254037844386,0.5000000000000001,31.7,44.0,73.5,34.0,40.0,47.0,26.6,25.0,23.2,33.826616738893584,-12.3,-2.1999999999999993,-2.1999999999999993
2026-07-25 05:00:00+00:00,2026-07-25T12:00:00+07:00,27.3,18.3,1079.0,28.0,29.7,5.0,0.9659258262890683,0.25881904510252074,29.5,31.7,44.0,31.0,34.0,40.0,28.0,26.6,25.0,38.21637083763966,-2.1999999999999993,-2.1999999999999993,9.599999999999998
2026-07-25 06:00:00+00:00,2026-07-25T13:00:00+07:00,36.9,25.9,1572.0,29.0,31.3,6.0,1.0,6.123233995736766e-17,27.3,29.5,31.7,28.0,31.0,34.0,29.7,28.0,26.6,38.929714443682485,-2.1999999999999993,9.599999999999998,-0.29999999999999716
2026-07-25 07:00:00+00:00,2026-07-25T14:00:00+07:00,36.6,25.6,1553.0,30.0,33.2,7.0,0.9659258262890683,-0.25881904510252063,36.9,27.3,29.5,29.0,28.0,31.0,31.3,29.7,28.0,17.24464167985694,9.599999999999998,-0.29999999999999716,-5.300000000000001
2026-07-25 08:00:00+00:00,2026-07-25T15:00:00+07:00,31.3,22.4,1267.0,24.0,36.9,8.0,0.8660254037844387,-0.4999999999999998,36.6,36.9,27.3,30.0,29.0,28.0,33.2,31.3,29.7,6.081666438292931,-0.29999999999999716,-5.300000000000001,2.6999999999999993
2026-07-25 09:00:00+00:00,2026-07-25T16:00:00+07:00,34.0,23.6,1391.0,31.0,30.2,9.0,0.7071067811865476,-0.7071067811865475,31.3,36.6,36.9,24.0,30.0,29.0,36.9,33.2,31.3,3.8420914443384158,-5.300000000000001,2.6999999999999993,13.0
2026-07-25 10:00:00+00:00,2026-07-25T17:00:00+07:00,47.0,31.4,2203.0,35.0,27.6,10.0,0.49999999999999994,-0.8660254037844387,34.0,31.3,36.6,31.0,24.0,30.0,30.2,36.9,33.2,3.8946116622831366,2.6999999999999993,13.0,-1.1000000000000014
2026-07-25 11:00:00+00:00,2026-07-25T18:00:00+07:00,45.9,30.7,2108.0,44.0,26.3,11.0,0.258819045102521,-0.9659258262890682,47.0,34.0,31.3,35.0,31.0,24.0,27.6,30.2,36.9,6.671556540018134,13.0,-1.1000000000000014,4.0
2026-07-25 12:00:00+00:00,2026-07-25T19:00:00+07:00,49.9,33.4,2426.0,52.0,25.6,12.0,1.2246467991473532e-16,-1.0,45.9,47.0,34.0,44.0,35.0,31.0,26.3,27.6,30.2,6.406064834721781,-1.1000000000000014,4.0,-0.5
2026-07-25 13:00:00+00:00,2026-07-25T20:00:00+07:00,49.4,33.0,2360.0,54.0,25.1,13.0,-0.2588190451025208,-0.9659258262890683,49.9,45.9,47.0,52.0,44.0,35.0,25.6,26.3,27.6,7.763869310251119,4.0,-0.5,20.9
2026-07-25 14:00:00+00:00,2026-07-25T21:00:00+07:00,70.3,46.0,3444.0,52.0,24.3,14.0,-0.4999999999999997,-0.8660254037844388,49.4,49.9,45.9,54.0,52.0,44.0,25.1,25.6,26.3,8.134228092859173,-0.5,20.9,23.5
2026-07-25 15:00:00+00:00,2026-07-25T22:00:00+07:00,93.8,60.5,4519.0,52.0,23.5,15.0,-0.7071067811865471,-0.7071067811865479,70.3,49.4,49.9,52.0,54.0,52.0,24.3,25.1,25.6,11.766293667364417,20.9,23.5,-24.299999999999997
2026-07-25 16:00:00+00:00,2026-07-25T23:00:00+07:00,69.5,45.3,3412.0,50.0,23.8,16.0,-0.8660254037844384,-0.5000000000000004,93.8,70.3,49.4,52.0,52.0,54.0,23.5,24.3,25.1,19.122909471800067,23.5,-24.299999999999997,1.4000000000000057
2026-07-25 17:00:00+00:00,2026-07-26T00:00:00+07:00,70.9,45.4,3408.0,49.0,23.6,17.0,-0.9659258262890683,-0.25881904510252063,69.5,93.8,70.3,50.0,52.0,52.0,23.8,23.5,24.3,18.401376760086762,-24.299999999999997,1.4000000000000057,13.5
2026-07-25 18:00:00+00:00,2026-07-26T01:00:00+07:00,84.4,52.6,3897.0,50.0,22.8,18.0,-1.0,-1.8369701987210297e-16,70.9,69.5,93.8,49.0,50.0,52.0,23.6,23.8,23.5,16.44518166515636,1.4000000000000057,13.5,-18.60000000000001
2026-07-25 19:00:00+00:00,2026-07-26T02:00:00+07:00,65.8,42.5,3175.0,53.0,22.1,19.0,-0.9659258262890684,0.2588190451025203,84.4,70.9,69.5,50.0,49.0,50.0,22.8,23.6,23.8,15.122797360276811,13.5,-18.60000000000001,3.299999999999997
2026-07-25 20:00:00+00:00,2026-07-26T03:00:00+07:00,69.1,44.8,3364.0,54.0,21.8,20.0,-0.8660254037844386,0.5000000000000001,65.8,84.4,70.9,53.0,50.0,49.0,22.1,22.8,23.6,10.880333940953383,-18.60000000000001,3.299999999999997,41.7
2026-07-25 21:00:00+00:00,2026-07-26T04:00:00+07:00,110.8,69.2,5113.0,56.0,21.2,21.0,-0.7071067811865477,0.7071067811865474,69.1,65.8,84.4,54.0,53.0,50.0,21.8,22.1,22.8,11.011524266270413,3.299999999999997,41.7,-9.399999999999991
2026-07-25 22:00:00+00:00,2026-07-26T05:00:00+07:00,101.4,63.2,4679.0,57.0,21.0,22.0,-0.5000000000000004,0.8660254037844384,110.8,69.1,65.8,56.0,54.0,53.0,21.2,21.8,22.1,17.12581871522242,41.7,-9.399999999999991,31.599999999999994
2026-07-25 23:00:00+00:00,2026-07-26T06:00:00+07:00,133.0,81.1,5996.0,57.0,21.1,23.0,-0.25881904510252157,0.9659258262890681,101.4,110.8,69.1,57.0,56.0,54.0,21.0,21.2,21.8,18.68471746285351,-9.399999999999991,31.599999999999994,5.199999999999989
2026-07-26 00:00:00+00:00,2026-07-26T07:00:00+07:00,138.2,84.8,6272.0,55.0,22.3,0.0,0.0,1.0,133.0,101.4,110.8,57.0,57.0,56.0,21.1,21.0,21.2,25.94366332395376,31.599999999999994,5.199999999999989,-31.099999999999994
2026-07-26 01:00:00+00:00,2026-07-26T08:00:00+07:00,107.1,68.9,5070.0,49.0,24.1,1.0,0.25881904510252074,0.9659258262890683,138.2,133.0,101.4,55.0,57.0,57.0,22.3,21.1,21.0,30.774908610749716,5.199999999999989,-31.099999999999994,-34.599999999999994
2026-07-26 02:00:00+00:00,2026-07-26T09:00:00+07:00,72.5,47.9,3577.0,45.0,26.1,2.0,0.49999999999999994,0.8660254037844387,107.1,138.2,133.0,49.0,55.0,57.0,24.1,22.3,21.1,24.81948159544562,-31.099999999999994,-34.599999999999994,-43.2
2026-07-26 03:00:00+00:00,2026-07-26T10:00:00+07:00,29.3,20.4,1101.0,36.0,28.3,3.0,0.7071067811865475,0.7071067811865476,72.5,107.1,138.2,45.0,49.0,55.0,26.1,24.1,22.3,23.71497417245056,-34.599999999999994,-43.2,-0.9000000000000021
2026-07-26 04:00:00+00:00,2026-07-26T11:00:00+07:00,28.4,20.2,1066.0,34.0,30.1,4.0,0.8660254037844386,0.5000000000000001,29.3,72.5,107.1,36.0,45.0,49.0,28.3,26.1,24.1,40.73894533080924,-43.2,-0.9000000000000021,5.200000000000003
2026-07-26 05:00:00+00:00,2026-07-26T12:00:00+07:00,33.6,23.3,1323.0,33.0,31.3,5.0,0.9659258262890683,0.25881904510252074,28.4,29.3,72.5,34.0,36.0,45.0,30.1,28.3,26.1,49.16212973417645,-0.9000000000000021,5.200000000000003,4.699999999999996
2026-07-26 06:00:00+00:00,2026-07-26T13:00:00+07:00,38.3,26.4,1611.0,32.0,32.4,6.0,1.0,6.123233995736766e-17,33.6,28.4,29.3,33.0,34.0,36.0,31.3,30.1,28.3,46.31653772322217,5.200000000000003,4.699999999999996,-4.399999999999999
2026-07-26 07:00:00+00:00,2026-07-26T14:00:00+07:00,33.9,23.7,1354.0,30.0,33.6,7.0,0.9659258262890683,-0.25881904510252063,38.3,33.6,28.4,32.0,33.0,34.0,32.4,31.3,30.1,31.791361510112488,4.699999999999996,-4.399999999999999,-6.399999999999999
2026-07-26 08:00:00+00:00,2026-07-26T15:00:00+07:00,27.5,19.6,1060.0,25.0,37.1,8.0,0.8660254037844387,-0.4999999999999998,33.9,38.3,33.6,30.0,32.0,33.0,33.6,32.4,31.3,16.635464125375684,-4.399999999999999,-6.399999999999999,6.200000000000003
2026-07-26 09:00:00+00:00,2026-07-26T16:00:00+07:00,33.7,23.3,1341.0,36.0,30.5,9.0,0.7071067811865476,-0.7071067811865475,27.5,33.9,38.3,25.0,30.0,32.0,37.1,33.6,32.4,4.151947334283155,-6.399999999999999,6.200000000000003,3.5999999999999943
2026-07-26 10:00:00+00:00,2026-07-26T17:00:00+07:00,37.3,25.1,1503.0,48.0,27.3,10.0,0.49999999999999994,-0.8660254037844387,33.7,27.5,33.9,36.0,25.0,30.0,30.5,37.1,33.6,4.000833246545154,6.200000000000003,3.5999999999999943,1.9000000000000057
2026-07-26 11:00:00+00:00,2026-07-26T18:00:00+07:00,39.2,26.1,1582.0,52.0,26.3,11.0,0.258819045102521,-0.9659258262890682,37.3,33.7,27.5,48.0,36.0,25.0,27.3,30.5,37.1,3.7914377220250413,3.5999999999999943,1.9000000000000057,3.1999999999999957
2026-07-26 12:00:00+00:00,2026-07-26T19:00:00+07:00,42.4,27.9,1778.0,54.0,25.9,12.0,1.2246467991473532e-16,-1.0,39.2,37.3,33.7,52.0,48.0,36.0,26.3,27.3,30.5,4.312037414803023,1.9000000000000057,3.1999999999999957,-6.600000000000001
2026-07-26 13:00:00+00:00,2026-07-26T20:00:00+07:00,35.8,23.9,1393.0,56.0,25.5,13.0,-0.2588190451025208,-0.9659258262890683,42.4,39.2,37.3,54.0,52.0,48.0,25.9,26.3,27.3,5.180218785597878,3.1999999999999957,-6.600000000000001,0.0
2026-07-26 14:00:00+00:00,2026-07-26T21:00:00+07:00,35.8,23.8,1381.0,56.0,25.6,14.0,-0.4999999999999997,-0.8660254037844388,35.8,42.4,39.2,56.0,54.0,52.0,25.5,25.9,26.3,5.108196028605516,-6.600000000000001,0.0,12.600000000000001
2026-07-26 15:00:00+00:00,2026-07-26T22:00:00+07:00,48.4,31.4,2193.0,53.0,25.2,15.0,-0.7071067811865471,-0.7071067811865479,35.8,35.8,42.4,56.0,56.0,54.0,25.6,25.5,25.9,3.067680991671267,0.0,12.600000000000001,5.600000000000001
2026-07-26 16:00:00+00:00,2026-07-26T23:00:00+07:00,54.0,34.4,2550.0,50.0,24.7,16.0,-0.8660254037844384,-0.5000000000000004,48.4,35.8,35.8,53.0,56.0,56.0,25.2,25.6,25.5,4.885249908311888,12.600000000000001,5.600000000000001,-6.5
2026-07-26 17:00:00+00:00,2026-07-27T00:00:00+07:00,47.5,30.7,2090.0,51.0,24.3,17.0,-0.9659258262890683,-0.25881904510252063,54.0,48.4,35.8,50.0,53.0,56.0,24.7,25.2,25.6,7.316829914655305,5.600000000000001,-6.5,-5.0
2026-07-26 18:00:00+00:00,2026-07-27T01:00:00+07:00,42.5,27.8,1749.0,50.0,24.2,18.0,-1.0,-1.8369701987210297e-16,47.5,54.0,48.4,51.0,50.0,53.0,24.3,24.7,25.2,7.330052296311501,-6.5,-5.0,1.7000000000000028
2026-07-26 19:00:00+00:00,2026-07-27T02:00:00+07:00,44.2,28.6,1841.0,50.0,23.8,19.0,-0.9659258262890684,0.2588190451025203,42.5,47.5,54.0,50.0,51.0,50.0,24.2,24.3,24.7,7.325844661197427,-5.0,1.7000000000000028,-2.3000000000000043
2026-07-26 20:00:00+00:00,2026-07-27T03:00:00+07:00,41.9,27.4,1681.0,51.0,23.2,20.0,-0.8660254037844386,0.5000000000000001,44.2,42.5,47.5,50.0,50.0,51.0,23.8,24.2,24.3,6.154348056455281,1.7000000000000028,-2.3000000000000043,0.20000000000000284
2026-07-26 21:00:00+00:00,2026-07-27T04:00:00+07:00,42.1,27.3,1699.0,52.0,23.0,21.0,-0.7071067811865477,0.7071067811865474,41.9,44.2,42.5,51.0,50.0,50.0,23.2,23.8,24.2,4.544630531370136,-2.3000000000000043,0.20000000000000284,3.5
2026-07-26 22:00:00+00:00,2026-07-27T05:00:00+07:00,45.6,29.4,1967.0,54.0,22.3,22.0,-0.5000000000000004,0.8660254037844384,42.1,41.9,44.2,52.0,51.0,50.0,23.0,23.2,23.8,4.7191807198561015,0.20000000000000284,3.5,8.899999999999999
2026-07-26 23:00:00+00:00,2026-07-27T06:00:00+07:00,54.5,34.8,2541.0,55.0,22.4,23.0,-0.25881904510252157,0.9659258262890681,45.6,42.1,41.9,54.0,52.0,51.0,22.3,23.0,23.2,2.2411306670208866,3.5,8.899999999999999,20.5
2026-07-27 00:00:00+00:00,2026-07-27T07:00:00+07:00,75.0,46.9,3527.0,53.0,23.3,0.0,0.0,1.0,54.5,45.6,42.1,55.0,54.0,52.0,22.4,22.3,23.0,4.8044423887337375,8.899999999999999,20.5,-20.299999999999997
2026-07-27 01:00:00+00:00,2026-07-27T08:00:00+07:00,54.7,34.7,2591.0,52.0,24.9,1.0,0.25881904510252074,0.9659258262890683,75.0,54.5,45.6,53.0,55.0,54.0,23.3,22.4,22.3,12.84098905847969,20.5,-20.299999999999997,-4.100000000000001
2026-07-27 02:00:00+00:00,2026-07-27T09:00:00+07:00,50.6,32.7,2354.0,49.0,26.4,2.0,0.49999999999999994,0.8660254037844387,54.7,75.0,54.5,52.0,53.0,55.0,24.9,23.3,22.4,12.513832346647257,-20.299999999999997,-4.100000000000001,-5.700000000000003
2026-07-27 03:00:00+00:00,2026-07-27T10:00:00+07:00,44.9,29.6,1978.0,45.0,27.7,3.0,0.7071067811865475,0.7071067811865476,50.6,54.7,75.0,49.0,52.0,53.0,26.4,24.9,23.3,11.533386319723938,-4.100000000000001,-5.700000000000003,2.200000000000003
2026-07-27 04:00:00+00:00,2026-07-27T11:00:00+07:00,47.1,31.0,2140.0,39.0,29.4,4.0,0.8660254037844386,0.5000000000000001,44.9,50.6,54.7,45.0,49.0,52.0,27.7,26.4,24.9,11.012613979735328,-5.700000000000003,2.200000000000003,-6.399999999999999
2026-07-27 05:00:00+00:00,2026-07-27T12:00:00+07:00,40.7,27.3,1710.0,37.0,31.3,5.0,0.9659258262890683,0.25881904510252074,47.1,44.9,50.6,39.0,45.0,49.0,29.4,27.7,26.4,10.792713591431117,2.200000000000003,-6.399999999999999,-3.0
2026-07-27 06:00:00+00:00,2026-07-27T13:00:00+07:00,37.7,25.6,1548.0,37.0,31.9,6.0,1.0,6.123233995736766e-17,40.7,47.1,44.9,37.0,39.0,45.0,31.3,29.4,27.7,12.167114147021959,-6.399999999999999,-3.0,-1.0
2026-07-27 07:00:00+00:00,2026-07-27T14:00:00+07:00,36.7,25.1,1506.0,38.0,31.9,7.0,0.9659258262890683,-0.25881904510252063,37.7,40.7,47.1,37.0,37.0,39.0,31.9,31.3,29.4,6.264742612429903,-3.0,-1.0,0.7999999999999972
2026-07-27 08:00:00+00:00,2026-07-27T15:00:00+07:00,37.5,25.8,1559.0,36.0,33.6,8.0,0.8660254037844387,-0.4999999999999998,36.7,37.7,40.7,38.0,37.0,37.0,31.9,31.9,31.3,5.499727265964646,-1.0,0.7999999999999972,5.0
2026-07-27 09:00:00+00:00,2026-07-27T16:00:00+07:00,42.5,28.4,1832.0,46.0,29.1,9.0,0.7071067811865476,-0.7071067811865475,37.5,36.7,37.7,36.0,38.0,37.0,33.6,31.9,31.9,4.331589392666572,0.7999999999999972,5.0,1.0
2026-07-27 10:00:00+00:00,2026-07-27T17:00:00+07:00,43.5,28.9,1870.0,51.0,27.7,10.0,0.49999999999999994,-0.8660254037844387,42.5,37.5,36.7,46.0,36.0,38.0,29.1,33.6,31.9,3.9692148677870236,5.0,1.0,-6.200000000000003
2026-07-27 11:00:00+00:00,2026-07-27T18:00:00+07:00,37.3,24.9,1465.0,54.0,27.0,11.0,0.258819045102521,-0.9659258262890682,43.5,42.5,37.5,51.0,46.0,36.0,27.7,29.1,33.6,2.8668217012331874,1.0,-6.200000000000003,-3.8999999999999986
2026-07-27 12:00:00+00:00,2026-07-27T19:00:00+07:00,33.4,22.2,1235.0,58.0,26.5,12.0,1.2246467991473532e-16,-1.0,37.3,43.5,42.5,54.0,51.0,46.0,27.0,27.7,29.1,2.979261653496529,-6.200000000000003,-3.8999999999999986,8.899999999999999
2026-07-27 13:00:00+00:00,2026-07-27T20:00:00+07:00,42.3,26.6,1697.0,59.0,26.3,13.0,-0.2588190451025208,-0.9659258262890683,33.4,37.3,43.5,58.0,54.0,51.0,26.5,27.0,27.7,3.812829220757405,-3.8999999999999986,8.899999999999999,29.400000000000006
2026-07-27 14:00:00+00:00,2026-07-27T21:00:00+07:00,71.7,44.2,3341.0,58.0,25.9,14.0,-0.4999999999999997,-0.8660254037844388,42.3,33.4,37.3,59.0,58.0,54.0,26.3,26.5,27.0,3.9711039606967677,8.899999999999999,29.400000000000006,-4.1000000000000085
2026-07-27 15:00:00+00:00,2026-07-27T22:00:00+07:00,67.6,43.0,3185.0,59.0,25.5,15.0,-0.7071067811865471,-0.7071067811865479,71.7,42.3,33.4,58.0,59.0,58.0,25.9,26.3,26.5,13.582697326623375,29.400000000000006,-4.1000000000000085,-22.599999999999994
2026-07-27 16:00:00+00:00,2026-07-27T23:00:00+07:00,45.0,29.6,1974.0,60.0,25.4,16.0,-0.8660254037844384,-0.5000000000000004,67.6,71.7,42.3,59.0,58.0,59.0,25.5,25.9,26.3,16.224056212920217,-4.1000000000000085,-22.599999999999994,7.5
2026-07-27 17:00:00+00:00,2026-07-28T00:00:00+07:00,52.5,34.0,2413.0,60.0,24.9,17.0,-0.9659258262890683,-0.25881904510252063,45.0,67.6,71.7,60.0,59.0,58.0,25.4,25.5,25.9,16.128081100986414,-22.599999999999994,7.5,9.100000000000001
2026-07-27 18:00:00+00:00,2026-07-28T01:00:00+07:00,61.6,39.0,2922.0,57.0,24.6,18.0,-1.0,-1.8369701987210297e-16,52.5,45.0,67.6,60.0,60.0,59.0,24.9,25.4,25.5,14.971361550195153,7.5,9.100000000000001,-10.300000000000004
2026-07-27 19:00:00+00:00,2026-07-28T02:00:00+07:00,51.3,33.2,2405.0,54.0,24.2,19.0,-0.9659258262890684,0.2588190451025203,61.6,52.5,45.0,57.0,60.0,60.0,24.6,24.9,25.4,12.080300768882452,9.100000000000001,-10.300000000000004,0.5
2026-07-27 20:00:00+00:00,2026-07-28T03:00:00+07:00,51.8,32.9,2385.0,55.0,23.7,20.0,-0.8660254037844386,0.5000000000000001,51.3,61.6,52.5,54.0,57.0,60.0,24.2,24.6,24.9,10.358265620588321,-10.300000000000004,0.5,-3.1999999999999957
2026-07-27 21:00:00+00:00,2026-07-28T04:00:00+07:00,48.6,31.2,2177.0,55.0,23.4,21.0,-0.7071067811865477,0.7071067811865474,51.8,51.3,61.6,55.0,54.0,57.0,23.7,24.2,24.6,8.154671462828032,0.5,-3.1999999999999957,1.7999999999999972
2026-07-27 22:00:00+00:00,2026-07-28T05:00:00+07:00,50.4,32.5,2324.0,57.0,23.0,22.0,-0.5000000000000004,0.8660254037844384,48.6,51.8,51.3,55.0,55.0,54.0,23.4,23.7,24.2,5.536424839189559,-3.1999999999999957,1.7999999999999972,5.600000000000001
2026-07-27 23:00:00+00:00,2026-07-28T06:00:00+07:00,56.0,35.7,2588.0,56.0,23.1,23.0,-0.25881904510252157,0.9659258262890681,50.4,48.6,51.8,57.0,55.0,55.0,23.0,23.4,23.7,4.563332115898992,1.7999999999999972,5.600000000000001,15.099999999999994
2026-07-28 00:00:00+00:00,2026-07-28T07:00:00+07:00,71.1,45.0,3383.0,54.0,24.2,0.0,0.0,1.0,56.0,50.4,48.6,56.0,57.0,55.0,23.1,23.0,23.4,4.752437970837899,5.600000000000001,15.099999999999994,16.5
2026-07-28 01:00:00+00:00,2026-07-28T08:00:00+07:00,87.6,55.2,4116.0,54.0,25.3,1.0,0.25881904510252074,0.9659258262890683,71.1,56.0,50.4,54.0,56.0,57.0,24.2,23.1,23.0,8.32049678004035,15.099999999999994,16.5,-26.299999999999997
2026-07-28 02:00:00+00:00,2026-07-28T09:00:00+07:00,61.3,39.3,2898.0,50.0,26.7,2.0,0.49999999999999994,0.8660254037844387,87.6,71.1,56.0,54.0,54.0,56.0,25.3,24.2,23.1,15.396677130688358,16.5,-26.299999999999997,-13.899999999999999
2026-07-28 03:00:00+00:00,2026-07-28T10:00:00+07:00,47.4,31.1,2174.0,45.0,28.3,3.0,0.7071067811865475,0.7071067811865476,61.3,87.6,71.1,50.0,54.0,54.0,26.7,25.3,24.2,14.746389388592558,-26.299999999999997,-13.899999999999999,-10.299999999999997
2026-07-28 04:00:00+00:00,2026-07-28T11:00:00+07:00,37.1,24.8,1488.0,41.0,30.3,4.0,0.8660254037844386,0.5000000000000001,47.4,61.3,87.6,45.0,50.0,54.0,28.3,26.7,25.3,14.978918519038524,-13.899999999999999,-10.299999999999997,3.1999999999999957
2026-07-28 05:00:00+00:00,2026-07-28T12:00:00+07:00,40.3,27.1,1736.0,40.0,31.5,5.0,0.9659258262890683,0.25881904510252074,37.1,47.4,61.3,41.0,45.0,50.0,30.3,28.3,26.7,17.808920985468543,-10.299999999999997,3.1999999999999957,1.1000000000000014
2026-07-28 06:00:00+00:00,2026-07-28T13:00:00+07:00,41.4,28.1,1811.0,40.0,32.0,6.0,1.0,6.123233995736766e-17,40.3,37.1,47.4,40.0,41.0,45.0,31.5,30.3,28.3,19.592923892738977,3.1999999999999957,1.1000000000000014,-1.7999999999999972
2026-07-28 07:00:00+00:00,2026-07-28T14:00:00+07:00,39.6,27.3,1689.0,40.0,32.0,7.0,0.9659258262890683,-0.25881904510252063,41.4,40.3,37.1,40.0,40.0,41.0,32.0,31.5,30.3,19.2076460469955,1.1000000000000014,-1.7999999999999972,-2.700000000000003
2026-07-28 08:00:00+00:00,2026-07-28T15:00:00+07:00,36.9,24.9,1481.0,47.0,28.9,8.0,0.8660254037844387,-0.4999999999999998,39.6,41.4,40.3,40.0,40.0,40.0,32.0,32.0,31.5,8.906944855934716,-1.7999999999999972,-2.700000000000003,2.1000000000000014
2026-07-28 09:00:00+00:00,2026-07-28T16:00:00+07:00,39.0,26.1,1595.0,51.0,27.8,9.0,0.7071067811865476,-0.7071067811865475,36.9,39.6,41.4,47.0,40.0,40.0,28.9,32.0,32.0,3.8412237633331436,-2.700000000000003,2.1000000000000014,-1.2000000000000028
2026-07-28 10:00:00+00:00,2026-07-28T17:00:00+07:00,37.8,25.4,1530.0,53.0,26.9,10.0,0.49999999999999994,-0.8660254037844387,39.0,36.9,39.6,51.0,47.0,40.0,27.8,28.9,32.0,1.778482499209714,2.1000000000000014,-1.2000000000000028,-0.3999999999999986
2026-07-28 11:00:00+00:00,2026-07-28T18:00:00+07:00,37.4,25.2,1513.0,56.0,26.2,11.0,0.258819045102521,-0.9659258262890682,37.8,39.0,36.9,53.0,51.0,47.0,26.9,27.8,28.9,1.6427619019997697,-1.2000000000000028,-0.3999999999999986,2.1000000000000014
2026-07-28 12:00:00+00:00,2026-07-28T19:00:00+07:00,39.5,26.7,1638.0,57.0,25.9,12.0,1.2246467991473532e-16,-1.0,37.4,37.8,39.0,56.0,53.0,51.0,26.2,26.9,27.8,1.6690316553804185,-0.3999999999999986,2.1000000000000014,-2.700000000000003
2026-07-28 13:00:00+00:00,2026-07-28T20:00:00+07:00,36.8,24.9,1462.0,58.0,25.6,13.0,-0.2588190451025208,-0.9659258262890683,39.5,37.4,37.8,57.0,56.0,53.0,25.9,26.2,26.9,1.1500724614831448,2.1000000000000014,-2.700000000000003,-1.8999999999999986
2026-07-28 14:00:00+00:00,2026-07-28T21:00:00+07:00,34.9,23.3,1351.0,58.0,25.5,14.0,-0.4999999999999997,-0.8660254037844388,36.8,39.5,37.4,58.0,57.0,56.0,25.6,25.9,26.2,1.1171392034993781,-2.700000000000003,-1.8999999999999986,5.600000000000001
2026-07-28 15:00:00+00:00,2026-07-28T22:00:00+07:00,40.5,26.8,1678.0,60.0,25.1,15.0,-0.7071067811865471,-0.7071067811865479,34.9,36.8,39.5,58.0,58.0,57.0,25.5,25.6,25.9,1.6476245527006095,-1.8999999999999986,5.600000000000001,1.1000000000000014
2026-07-28 16:00:00+00:00,2026-07-28T23:00:00+07:00,41.6,27.9,1784.0,61.0,24.8,16.0,-0.8660254037844384,-0.5000000000000004,40.5,34.9,36.8,60.0,58.0,58.0,25.1,25.5,25.6,1.9873768305638189,5.600000000000001,1.1000000000000014,9.5
2026-07-28 17:00:00+00:00,2026-07-29T00:00:00+07:00,51.1,33.5,2412.0,61.0,24.7,17.0,-0.9659258262890683,-0.25881904510252063,41.6,40.5,34.9,61.0,60.0,58.0,24.8,25.1,25.5,2.516147849391057,1.1000000000000014,9.5,20.1
2026-07-28 18:00:00+00:00,2026-07-29T01:00:00+07:00,71.2,44.3,3330.0,59.0,24.5,18.0,-1.0,-1.8369701987210297e-16,51.1,41.6,40.5,61.0,61.0,60.0,24.7,24.8,25.1,5.644348205653329,9.5,20.1,-24.200000000000003
2026-07-28 19:00:00+00:00,2026-07-29T02:00:00+07:00,47.0,31.0,2119.0,60.0,24.8,19.0,-0.9659258262890684,0.2588190451025203,71.2,51.1,41.6,59.0,61.0,61.0,24.5,24.7,24.8,13.553658792616188,20.1,-24.200000000000003,-5.899999999999999
2026-07-28 20:00:00+00:00,2026-07-29T03:00:00+07:00,41.1,27.3,1715.0,60.0,24.9,20.0,-0.8660254037844386,0.5000000000000001,47.0,71.2,51.1,60.0,59.0,61.0,24.8,24.5,24.7,12.784274193972143,-24.200000000000003,-5.899999999999999,-5.399999999999999
2026-07-28 21:00:00+00:00,2026-07-29T04:00:00+07:00,35.7,23.4,1348.0,61.0,24.9,21.0,-0.7071067811865477,0.7071067811865474,41.1,47.0,71.2,60.0,60.0,59.0,24.9,24.8,24.5,11.749851062885668,-5.899999999999999,-5.399999999999999,-5.700000000000003
2026-07-28 22:00:00+00:00,2026-07-29T05:00:00+07:00,30.0,20.5,1088.0,61.0,25.0,22.0,-0.5000000000000004,0.8660254037844384,35.7,41.1,47.0,61.0,60.0,60.0,24.9,24.9,24.8,12.55941877636045,-5.399999999999999,-5.700000000000003,12.799999999999997
2026-07-28 23:00:00+00:00,2026-07-29T06:00:00+07:00,42.8,27.6,1785.0,60.0,25.1,23.0,-0.25881904510252157,0.9659258262890681,30.0,35.7,41.1,61.0,61.0,60.0,25.0,24.9,24.9,14.478593393926845,-5.700000000000003,12.799999999999997,1.9000000000000057
2026-07-29 00:00:00+00:00,2026-07-29T07:00:00+07:00,44.7,29.5,2009.0,59.0,25.1,0.0,0.0,1.0,42.8,30.0,35.7,60.0,61.0,61.0,25.1,25.0,24.9,14.291069472459437,12.799999999999997,1.9000000000000057,7.899999999999999
2026-07-29 01:00:00+00:00,2026-07-29T08:00:00+07:00,52.6,34.2,2512.0,58.0,25.7,1.0,0.25881904510252074,0.9659258262890683,44.7,42.8,30.0,59.0,60.0,61.0,25.1,25.1,25.0,6.298386036649543,1.9000000000000057,7.899999999999999,-14.399999999999999
2026-07-29 02:00:00+00:00,2026-07-29T09:00:00+07:00,38.2,25.9,1574.0,56.0,26.4,2.0,0.49999999999999994,0.8660254037844387,52.6,44.7,42.8,58.0,59.0,60.0,25.7,25.1,25.1,7.751838491609284,7.899999999999999,-14.399999999999999,-1.5
2026-07-29 03:00:00+00:00,2026-07-29T10:00:00+07:00,36.7,24.8,1476.0,51.0,27.7,3.0,0.7071067811865475,0.7071067811865476,38.2,52.6,44.7,56.0,58.0,59.0,26.4,25.7,25.1,7.8454232942947035,-14.399999999999999,-1.5,1.5999999999999943
2026-07-29 04:00:00+00:00,2026-07-29T11:00:00+07:00,38.3,26.1,1589.0,48.0,28.9,4.0,0.8660254037844386,0.5000000000000001,36.7,38.2,52.6,51.0,56.0,58.0,27.7,26.4,25.7,7.728561746318779,-1.5,1.5999999999999943,-2.0999999999999943
2026-07-29 05:00:00+00:00,2026-07-29T12:00:00+07:00,36.2,25.0,1498.0,43.0,30.6,5.0,0.9659258262890683,0.25881904510252074,38.3,36.7,38.2,48.0,51.0,56.0,28.9,27.7,26.4,5.936806099803327,1.5999999999999943,-2.0999999999999943,0.7999999999999972
2026-07-29 06:00:00+00:00,2026-07-29T13:00:00+07:00,37.0,25.0,1521.0,40.0,31.2,6.0,1.0,6.123233995736766e-17,36.2,38.3,36.7,43.0,48.0,51.0,30.6,28.9,27.7,6.4004426930222555,-2.0999999999999943,0.7999999999999972,1.7999999999999972
2026-07-29 07:00:00+00:00,2026-07-29T14:00:00+07:00,38.8,26.0,1619.0,42.0,30.5,7.0,0.9659258262890683,-0.25881904510252063,37.0,36.2,38.3,40.0,43.0,48.0,31.2,30.6,28.9,6.309569451766258,0.7999999999999972,1.7999999999999972,15.400000000000006
2026-07-29 08:00:00+00:00,2026-07-29T15:00:00+07:00,54.2,35.6,2660.0,50.0,29.1,8.0,0.8660254037844387,-0.4999999999999998,38.8,37.0,36.2,42.0,40.0,43.0,30.5,31.2,30.6,1.0385887861237086,1.7999999999999972,15.400000000000006,7.299999999999997
2026-07-29 09:00:00+00:00,2026-07-29T16:00:00+07:00,61.5,40.2,3006.0,51.0,28.7,9.0,0.7071067811865476,-0.7071067811865475,54.2,38.8,37.0,50.0,42.0,40.0,29.1,30.5,31.2,6.929069201559129,15.400000000000006,7.299999999999997,-6.200000000000003
2026-07-29 10:00:00+00:00,2026-07-29T17:00:00+07:00,55.3,36.0,2693.0,54.0,27.9,10.0,0.49999999999999994,-0.8660254037844387,61.5,54.2,38.8,51.0,50.0,42.0,28.7,29.1,30.5,10.760978889797242,7.299999999999997,-6.200000000000003,-3.0999999999999943
2026-07-29 11:00:00+00:00,2026-07-29T18:00:00+07:00,52.2,34.1,2500.0,55.0,27.3,11.0,0.258819045102521,-0.9659258262890682,55.3,61.5,54.2,54.0,51.0,50.0,27.9,28.7,29.1,11.087771041406917,-6.200000000000003,-3.0999999999999943,-3.6000000000000014
2026-07-29 12:00:00+00:00,2026-07-29T19:00:00+07:00,48.6,32.3,2295.0,55.0,26.5,12.0,1.2246467991473532e-16,-1.0,52.2,55.3,61.5,55.0,54.0,51.0,27.3,27.9,28.7,9.768247881102415,-3.0999999999999943,-3.6000000000000014,1.0
2026-07-29 13:00:00+00:00,2026-07-29T20:00:00+07:00,49.6,33.1,2384.0,57.0,25.8,13.0,-0.2588190451025208,-0.9659258262890683,48.6,52.2,55.3,55.0,55.0,54.0,26.5,27.3,27.9,7.635356354922916,-3.6000000000000014,1.0,0.5
2026-07-29 14:00:00+00:00,2026-07-29T21:00:00+07:00,50.1,33.2,2387.0,59.0,25.4,14.0,-0.4999999999999997,-0.8660254037844388,49.6,48.6,52.2,57.0,55.0,55.0,25.8,26.5,27.3,4.660758164361425,1.0,0.5,-3.6000000000000014
2026-07-29 15:00:00+00:00,2026-07-29T22:00:00+07:00,46.5,30.0,2024.0,60.0,25.3,15.0,-0.7071067811865471,-0.7071067811865479,50.1,49.6,48.6,59.0,57.0,55.0,25.4,25.8,26.5,4.84620126146879,0.5,-3.6000000000000014,3.700000000000003
2026-07-29 16:00:00+00:00,2026-07-29T23:00:00+07:00,50.2,32.4,2308.0,60.0,25.2,16.0,-0.8660254037844384,-0.5000000000000004,46.5,50.1,49.6,60.0,59.0,57.0,25.3,25.4,25.8,3.0472391876355456,-3.6000000000000014,3.700000000000003,2.1999999999999957
2026-07-29 17:00:00+00:00,2026-07-30T00:00:00+07:00,52.4,33.3,2450.0,60.0,25.1,17.0,-0.9659258262890683,-0.25881904510252063,50.2,46.5,50.1,60.0,60.0,59.0,25.2,25.3,25.4,1.8949054505863236,3.700000000000003,2.1999999999999957,7.399999999999999
2026-07-29 18:00:00+00:00,2026-07-30T01:00:00+07:00,59.8,37.5,2815.0,59.0,25.2,18.0,-1.0,-1.8369701987210297e-16,52.4,50.2,46.5,60.0,60.0,60.0,25.1,25.2,25.3,1.952092893963234,2.1999999999999957,7.399999999999999,15.200000000000003
2026-07-29 19:00:00+00:00,2026-07-30T02:00:00+07:00,75.0,46.5,3471.0,58.0,25.1,19.0,-0.9659258262890684,0.2588190451025203,59.8,52.4,50.2,59.0,60.0,60.0,25.2,25.1,25.2,4.515159650185332,7.399999999999999,15.200000000000003,-19.0
2026-07-29 20:00:00+00:00,2026-07-30T03:00:00+07:00,56.0,35.5,2562.0,59.0,25.0,20.0,-0.8660254037844386,0.5000000000000001,75.0,59.8,52.4,58.0,59.0,60.0,25.1,25.2,25.1,10.454026337572603,15.200000000000003,-19.0,-9.600000000000001
2026-07-29 21:00:00+00:00,2026-07-30T04:00:00+07:00,46.4,29.8,2012.0,59.0,25.0,21.0,-0.7071067811865477,0.7071067811865474,56.0,75.0,59.8,59.0,58.0,59.0,25.0,25.1,25.2,10.09707878547033,-19.0,-9.600000000000001,-2.1999999999999957
2026-07-29 22:00:00+00:00,2026-07-30T05:00:00+07:00,44.2,28.4,1845.0,60.0,25.0,22.0,-0.5000000000000004,0.8660254037844384,46.4,56.0,75.0,59.0,59.0,58.0,25.0,25.0,25.1,10.117246002082863,-9.600000000000001,-2.1999999999999957,9.599999999999994
2026-07-29 23:00:00+00:00,2026-07-30T06:00:00+07:00,53.8,33.8,2481.0,56.0,25.0,23.0,-0.25881904510252157,0.9659258262890681,44.2,46.4,56.0,60.0,59.0,59.0,25.0,25.0,25.0,11.12648491962586,-2.1999999999999957,9.599999999999994,-6.0
2026-07-30 00:00:00+00:00,2026-07-30T07:00:00+07:00,47.8,30.7,2112.0,55.0,25.1,0.0,0.0,1.0,53.8,44.2,46.4,56.0,60.0,59.0,25.0,25.0,25.0,11.05959613488041,9.599999999999994,-6.0,1.5
2026-07-30 01:00:00+00:00,2026-07-30T08:00:00+07:00,49.3,32.0,2273.0,53.0,25.9,1.0,0.25881904510252074,0.9659258262890683,47.8,53.8,44.2,55.0,56.0,60.0,25.1,25.0,25.0,11.288696411307274,-6.0,1.5,2.1000000000000014
2026-07-30 02:00:00+00:00,2026-07-30T09:00:00+07:00,51.4,33.5,2434.0,50.0,27.1,2.0,0.49999999999999994,0.8660254037844387,49.3,47.8,53.8,53.0,55.0,56.0,25.9,25.1,25.0,4.5017404041838995,1.5,2.1000000000000014,8.399999999999999
2026-07-30 03:00:00+00:00,2026-07-30T10:00:00+07:00,59.8,38.9,2924.0,46.0,28.4,3.0,0.7071067811865475,0.7071067811865476,51.4,49.3,47.8,50.0,53.0,55.0,27.1,25.9,25.1,3.462032158525081,2.1000000000000014,8.399999999999999,-8.399999999999999
2026-07-30 04:00:00+00:00,2026-07-30T11:00:00+07:00,51.4,34.0,2410.0,40.0,29.9,4.0,0.8660254037844386,0.5000000000000001,59.8,51.4,49.3,46.0,50.0,53.0,28.4,27.1,25.9,5.381356706258664,8.399999999999999,-8.399999999999999,-16.6
2026-07-30 05:00:00+00:00,2026-07-30T12:00:00+07:00,34.8,23.7,1376.0,40.0,31.2,5.0,0.9659258262890683,0.25881904510252074,51.4,59.8,51.4,40.0,46.0,50.0,29.9,28.4,27.1,4.227410554937274,-8.399999999999999,-16.6,16.1
2026-07-30 06:00:00+00:00,2026-07-30T13:00:00+07:00,50.9,33.3,2313.0,42.0,31.1,6.0,1.0,6.123233995736766e-17,34.8,51.4,59.8,40.0,40.0,46.0,31.2,29.9,28.4,8.139881244014674,-16.6,16.1,6.100000000000001
2026-07-30 07:00:00+00:00,2026-07-30T14:00:00+07:00,57.0,37.1,2787.0,45.0,30.6,7.0,0.9659258262890683,-0.25881904510252063,50.9,34.8,51.4,42.0,40.0,40.0,31.1,31.2,29.9,8.14051595416379,16.1,6.100000000000001,-1.0
2026-07-30 08:00:00+00:00,2026-07-30T15:00:00+07:00,56.0,36.1,2724.0,46.0,30.1,8.0,0.8660254037844387,-0.4999999999999998,57.0,50.9,34.8,45.0,42.0,40.0,30.6,31.1,31.2,8.673273123029265,6.100000000000001,-1.0,2.5
2026-07-30 09:00:00+00:00,2026-07-30T16:00:00+07:00,58.5,37.6,2835.0,49.0,28.7,9.0,0.7071067811865476,-0.7071067811865475,56.0,57.0,50.9,46.0,45.0,42.0,30.1,30.6,31.1,8.92765366711742,-1.0,2.5,-20.299999999999997
2026-07-30 10:00:00+00:00,2026-07-30T17:00:00+07:00,38.2,25.6,1557.0,50.0,27.5,10.0,0.49999999999999994,-0.8660254037844387,58.5,56.0,57.0,49.0,46.0,45.0,28.7,30.1,30.6,8.703256095661084,2.5,-20.299999999999997,-2.200000000000003
2026-07-30 11:00:00+00:00,2026-07-30T18:00:00+07:00,36.0,24.1,1411.0,54.0,26.3,11.0,0.258819045102521,-0.9659258262890682,38.2,58.5,56.0,50.0,49.0,46.0,27.5,28.7,30.1,10.245128923867277,-20.299999999999997,-2.200000000000003,-3.5
2026-07-30 12:00:00+00:00,2026-07-30T19:00:00+07:00,32.5,22.2,1222.0,55.0,25.9,12.0,1.2246467991473532e-16,-1.0,36.0,38.2,58.5,54.0,50.0,49.0,26.3,27.5,28.7,9.913357991450821,-2.200000000000003,-3.5,-2.6000000000000014
2026-07-30 13:00:00+00:00,2026-07-30T20:00:00+07:00,29.9,20.9,1097.0,56.0,25.4,13.0,-0.2588190451025208,-0.9659258262890683,32.5,36.0,38.2,55.0,54.0,50.0,25.9,26.3,27.5,11.996110480762589,-3.5,-2.6000000000000014,1.1000000000000014
2026-07-30 14:00:00+00:00,2026-07-30T21:00:00+07:00,31.0,21.2,1138.0,58.0,25.0,14.0,-0.4999999999999997,-0.8660254037844388,29.9,32.5,36.0,56.0,55.0,54.0,25.4,25.9,26.3,12.289955248087587,-2.6000000000000014,1.1000000000000014,6.0
2026-07-30 15:00:00+00:00,2026-07-30T22:00:00+07:00,37.0,24.8,1487.0,59.0,24.7,15.0,-0.7071067811865471,-0.7071067811865479,31.0,29.9,32.5,58.0,56.0,55.0,25.0,25.4,25.9,10.663473480375073,1.1000000000000014,6.0,31.599999999999994
2026-07-30 16:00:00+00:00,2026-07-30T23:00:00+07:00,68.6,43.1,3205.0,60.0,24.1,16.0,-0.8660254037844384,-0.5000000000000004,37.0,31.0,29.9,59.0,58.0,56.0,24.7,25.0,25.4,3.4246167668800505,6.0,31.599999999999994,0.0
2026-07-30 17:00:00+00:00,2026-07-31T00:00:00+07:00,68.6,43.6,3271.0,60.0,24.1,17.0,-0.9659258262890683,-0.25881904510252063,68.6,37.0,31.0,60.0,59.0,58.0,24.1,24.7,25.0,14.68368709373304,31.599999999999994,0.0,-0.6999999999999886
2026-07-30 18:00:00+00:00,2026-07-31T01:00:00+07:00,67.9,43.0,3237.0,61.0,23.8,18.0,-1.0,-1.8369701987210297e-16,68.6,68.6,37.0,60.0,60.0,59.0,24.1,24.1,24.7,18.746839733672317,0.0,-0.6999999999999886,57.5
2026-07-30 19:00:00+00:00,2026-07-31T02:00:00+07:00,125.4,75.7,5588.0,61.0,23.6,19.0,-0.9659258262890684,0.2588190451025203,67.9,68.6,68.6,61.0,60.0,60.0,23.8,24.1,24.1,19.722271674429265,-0.6999999999999886,57.5,-4.1000000000000085
2026-07-30 20:00:00+00:00,2026-07-31T03:00:00+07:00,121.3,74.2,5488.0,61.0,23.2,20.0,-0.8660254037844386,0.5000000000000001,125.4,67.9,68.6,61.0,61.0,60.0,23.6,23.8,24.1,33.49760687969606,57.5,-4.1000000000000085,-36.7
2026-07-30 21:00:00+00:00,2026-07-31T04:00:00+07:00,84.6,53.3,3955.0,61.0,23.4,21.0,-0.7071067811865477,0.7071067811865474,121.3,125.4,67.9,61.0,61.0,61.0,23.2,23.6,23.8,34.667775623288264,-4.1000000000000085,-36.7,-10.799999999999997
2026-07-30 22:00:00+00:00,2026-07-31T05:00:00+07:00,73.8,46.3,3475.0,61.0,23.3,22.0,-0.5000000000000004,0.8660254037844384,84.6,121.3,125.4,61.0,61.0,61.0,23.4,23.2,23.6,27.070943832825495,-36.7,-10.799999999999997,5.400000000000006
2026-07-30 23:00:00+00:00,2026-07-31T06:00:00+07:00,79.2,48.8,3661.0,62.0,23.3,23.0,-0.25881904510252157,0.9659258262890681,73.8,84.6,121.3,61.0,61.0,61.0,23.3,23.4,23.2,26.345372775245735,-10.799999999999997,5.400000000000006,-1.6000000000000085
2026-07-31 00:00:00+00:00,2026-07-31T07:00:00+07:00,77.6,47.5,3571.0,60.0,24.1,0.0,0.0,1.0,79.2,73.8,84.6,62.0,61.0,61.0,23.3,23.3,23.4,24.91864094742446,5.400000000000006,-1.6000000000000085,11.300000000000011
2026-07-31 01:00:00+00:00,2026-07-31T08:00:00+07:00,88.9,54.2,4066.0,57.0,25.0,1.0,0.25881904510252074,0.9659258262890683,77.6,79.2,73.8,60.0,62.0,61.0,24.1,23.3,23.3,23.301995622692754,-1.6000000000000085,11.300000000000011,1.0
2026-07-31 02:00:00+00:00,2026-07-31T09:00:00+07:00,89.9,54.4,4062.0,56.0,26.3,2.0,0.49999999999999994,0.8660254037844387,88.9,77.6,79.2,57.0,60.0,62.0,25.0,24.1,23.3,17.363025849968068,11.300000000000011,1.0,-20.60000000000001
2026-07-31 03:00:00+00:00,2026-07-31T10:00:00+07:00,69.3,42.7,3219.0,50.0,27.8,3.0,0.7071067811865475,0.7071067811865476,89.9,88.9,77.6,56.0,57.0,60.0,26.3,25.0,24.1,6.489273200186596,1.0,-20.60000000000001,-7.799999999999997
2026-07-31 04:00:00+00:00,2026-07-31T11:00:00+07:00,61.5,39.1,2960.0,43.0,29.4,4.0,0.8660254037844386,0.5000000000000001,69.3,89.9,88.9,50.0,56.0,57.0,27.8,26.3,25.0,8.20083329099307,-20.60000000000001,-7.799999999999997,-11.700000000000003
2026-07-31 05:00:00+00:00,2026-07-31T12:00:00+07:00,49.8,32.5,2348.0,38.0,31.0,5.0,0.9659258262890683,0.25881904510252074,61.5,69.3,89.9,43.0,50.0,56.0,29.4,27.8,26.3,11.04113520733536,-7.799999999999997,-11.700000000000003,6.700000000000003
2026-07-31 06:00:00+00:00,2026-07-31T13:00:00+07:00,56.5,36.4,2739.0,42.0,31.1,6.0,1.0,6.123233995736766e-17,49.8,61.5,69.3,38.0,43.0,50.0,31.0,29.4,27.8,15.770816930858748,-11.700000000000003,6.700000000000003,-4.700000000000003
2026-07-31 07:00:00+00:00,2026-07-31T14:00:00+07:00,51.8,33.6,2468.0,44.0,30.7,7.0,0.9659258262890683,-0.25881904510252063,56.5,49.8,61.5,42.0,38.0,43.0,31.1,31.0,29.4,16.813377610303686,6.700000000000003,-4.700000000000003,-2.0
2026-07-31 08:00:00+00:00,2026-07-31T15:00:00+07:00,49.8,32.8,2367.0,35.0,35.0,8.0,0.8660254037844387,-0.4999999999999998,51.8,56.5,49.8,44.0,42.0,38.0,30.7,31.1,31.0,14.882024951822313,-4.700000000000003,-2.0,0.5
2026-07-31 09:00:00+00:00,2026-07-31T16:00:00+07:00,50.3,33.0,2408.0,45.0,30.0,9.0,0.7071067811865476,-0.7071067811865475,49.8,51.8,56.5,35.0,44.0,42.0,35.0,30.7,31.1,7.754933913322271,-2.0,0.5,4.400000000000006
2026-07-31 10:00:00+00:00,2026-07-31T17:00:00+07:00,54.7,35.4,2643.0,50.0,28.2,10.0,0.49999999999999994,-0.8660254037844387,50.3,49.8,51.8,45.0,35.0,44.0,30.0,35.0,30.7,4.758746333506641,0.5,4.400000000000006,13.899999999999991
2026-07-31 11:00:00+00:00,2026-07-31T18:00:00+07:00,68.6,43.7,3280.0,53.0,27.4,11.0,0.258819045102521,-0.9659258262890682,54.7,50.3,49.8,50.0,45.0,35.0,28.2,30.0,35.0,2.8289574051223103,4.400000000000006,13.899999999999991,-0.8999999999999915
2026-07-31 12:00:00+00:00,2026-07-31T19:00:00+07:00,67.7,42.5,3200.0,55.0,26.8,12.0,1.2246467991473532e-16,-1.0,68.6,54.7,50.3,53.0,50.0,45.0,27.4,28.2,30.0,7.016955655172882,13.899999999999991,-0.8999999999999915,-18.5
2026-07-31 13:00:00+00:00,2026-07-31T20:00:00+07:00,49.2,32.3,2229.0,53.0,26.1,13.0,-0.2588190451025208,-0.9659258262890683,67.7,68.6,54.7,55.0,53.0,50.0,26.8,27.4,28.2,8.694538515642785,-0.8999999999999915,-18.5,9.0
2026-07-31 14:00:00+00:00,2026-07-31T21:00:00+07:00,58.2,37.8,2796.0,54.0,25.4,14.0,-0.4999999999999997,-0.8660254037844388,49.2,67.7,68.6,53.0,55.0,53.0,26.1,26.8,27.4,9.071144727467562,-18.5,9.0,14.0
2026-07-31 15:00:00+00:00,2026-07-31T22:00:00+07:00,72.2,46.0,3433.0,56.0,25.0,15.0,-0.7071067811865471,-0.7071067811865479,58.2,49.2,67.7,54.0,53.0,55.0,25.4,26.1,26.8,8.414610309851692,9.0,14.0,10.299999999999997
2026-07-31 16:00:00+00:00,2026-07-31T23:00:00+07:00,82.5,52.3,3924.0,56.0,24.8,16.0,-0.8660254037844384,-0.5000000000000004,72.2,58.2,49.2,56.0,54.0,53.0,25.0,25.4,26.1,9.070097390142072,14.0,10.299999999999997,3.700000000000003
2026-07-31 17:00:00+00:00,2026-08-01T00:00:00+07:00,86.2,53.6,4039.0,56.0,24.3,17.0,-0.9659258262890683,-0.25881904510252063,82.5,72.2,58.2,56.0,56.0,54.0,24.8,25.0,25.4,11.510516930181499,10.299999999999997,3.700000000000003,-6.5
2026-07-31 18:00:00+00:00,2026-08-01T01:00:00+07:00,79.7,49.8,3755.0,57.0,23.7,18.0,-1.0,-1.8369701987210297e-16,86.2,82.5,72.2,56.0,56.0,56.0,24.3,24.8,25.0,14.128222346306043,3.700000000000003,-6.5,-25.200000000000003
2026-07-31 19:00:00+00:00,2026-08-01T02:00:00+07:00,54.5,34.9,2552.0,55.0,23.6,19.0,-0.9659258262890684,0.2588190451025203,79.7,86.2,82.5,57.0,56.0,56.0,23.7,24.3,24.8,14.68899815054319,-6.5,-25.200000000000003,-10.0
2026-07-31 20:00:00+00:00,2026-08-01T03:00:00+07:00,44.5,28.6,1868.0,55.0,23.8,20.0,-0.8660254037844386,0.5000000000000001,54.5,79.7,86.2,55.0,57.0,56.0,23.6,23.7,24.3,13.172914129632106,-25.200000000000003,-10.0,2.1000000000000014
2026-07-31 21:00:00+00:00,2026-08-01T04:00:00+07:00,46.6,29.9,2030.0,56.0,23.7,21.0,-0.7071067811865477,0.7071067811865474,44.5,54.5,79.7,55.0,55.0,57.0,23.8,23.6,23.7,16.781497748015862,-10.0,2.1000000000000014,1.7999999999999972
2026-07-31 22:00:00+00:00,2026-08-01T05:00:00+07:00,48.4,31.2,2169.0,55.0,23.2,22.0,-0.5000000000000004,0.8660254037844384,46.6,44.5,54.5,56.0,55.0,55.0,23.7,23.8,23.6,19.17380157054573,2.1000000000000014,1.7999999999999972,7.0
2026-07-31 23:00:00+00:00,2026-08-01T06:00:00+07:00,55.4,35.4,2509.0,55.0,23.7,23.0,-0.25881904510252157,0.9659258262890681,48.4,46.6,44.5,55.0,56.0,55.0,23.2,23.7,23.8,18.216192430545483,1.7999999999999972,7.0,19.9
2026-08-01 00:00:00+00:00,2026-08-01T07:00:00+07:00,75.3,47.1,3534.0,54.0,24.4,0.0,0.0,1.0,55.4,48.4,46.6,55.0,55.0,56.0,23.7,23.2,23.7,12.920797189028098,7.0,19.9,-18.4
2026-08-01 01:00:00+00:00,2026-08-01T08:00:00+07:00,56.9,35.2,2628.0,51.0,25.6,1.0,0.25881904510252074,0.9659258262890683,75.3,55.4,48.4,54.0,55.0,55.0,24.4,23.7,23.2,11.244450483090008,19.9,-18.4,10.699999999999996
2026-08-01 02:00:00+00:00,2026-08-01T09:00:00+07:00,67.6,42.2,3193.0,50.0,27.0,2.0,0.49999999999999994,0.8660254037844387,56.9,75.3,55.4,51.0,54.0,55.0,25.6,24.4,23.7,11.303347586740092,-18.4,10.699999999999996,-6.199999999999996
2026-08-01 03:00:00+00:00,2026-08-01T10:00:00+07:00,61.4,38.7,2812.0,46.0,29.0,3.0,0.7071067811865475,0.7071067811865476,67.6,56.9,75.3,50.0,51.0,54.0,27.0,25.6,24.4,11.14211230721817,10.699999999999996,-6.199999999999996,-18.1
2026-08-01 04:00:00+00:00,2026-08-01T11:00:00+07:00,43.3,28.4,1846.0,42.0,30.9,4.0,0.8660254037844386,0.5000000000000001,61.4,67.6,56.9,46.0,50.0,51.0,29.0,27.0,25.6,9.539112467450124,-6.199999999999996,-18.1,0.30000000000000426
2026-08-01 05:00:00+00:00,2026-08-01T12:00:00+07:00,43.6,29.0,1901.0,40.0,32.3,5.0,0.9659258262890683,0.25881904510252074,43.3,61.4,67.6,42.0,46.0,50.0,30.9,29.0,27.0,10.986066933469068,-18.1,0.30000000000000426,3.0
2026-08-01 06:00:00+00:00,2026-08-01T13:00:00+07:00,46.6,30.8,2135.0,39.0,32.9,6.0,1.0,6.123233995736766e-17,43.6,43.3,61.4,40.0,42.0,46.0,32.3,30.9,29.0,12.865988755889017,0.30000000000000426,3.0,-5.200000000000003
2026-08-01 07:00:00+00:00,2026-08-01T14:00:00+07:00,41.4,27.9,1746.0,40.0,33.3,7.0,0.9659258262890683,-0.25881904510252063,46.6,43.6,43.3,39.0,40.0,42.0,32.9,32.3,30.9,10.217762312104497,3.0,-5.200000000000003,-3.799999999999997
2026-08-01 08:00:00+00:00,2026-08-01T15:00:00+07:00,37.6,25.5,1525.0,37.0,35.0,8.0,0.8660254037844387,-0.4999999999999998,41.4,46.6,43.6,40.0,39.0,40.0,33.3,32.9,32.3,11.032270845116004,-5.200000000000003,-3.799999999999997,4.199999999999996
2026-08-01 09:00:00+00:00,2026-08-01T16:00:00+07:00,41.8,27.8,1765.0,48.0,30.0,9.0,0.7071067811865476,-0.7071067811865475,37.6,41.4,46.6,37.0,40.0,39.0,35.0,33.3,32.9,8.265046884319354,-3.799999999999997,4.199999999999996,2.4000000000000057
2026-08-01 10:00:00+00:00,2026-08-01T17:00:00+07:00,44.2,29.1,1898.0,53.0,28.0,10.0,0.49999999999999994,-0.8660254037844387,41.8,37.6,41.4,48.0,37.0,40.0,30.0,35.0,33.3,2.9761832380859894,4.199999999999996,2.4000000000000057,-1.5
2026-08-01 11:00:00+00:00,2026-08-01T18:00:00+07:00,42.7,28.2,1805.0,56.0,27.4,11.0,0.258819045102521,-0.9659258262890682,44.2,41.8,37.6,53.0,48.0,37.0,28.0,30.0,35.0,3.0533042211125956,2.4000000000000057,-1.5,-4.400000000000006
2026-08-01 12:00:00+00:00,2026-08-01T19:00:00+07:00,38.3,25.7,1547.0,57.0,26.9,12.0,1.2246467991473532e-16,-1.0,42.7,44.2,41.8,56.0,53.0,48.0,27.4,28.0,30.0,3.012252756105305,-1.5,-4.400000000000006,-3.1999999999999957
2026-08-01 13:00:00+00:00,2026-08-01T20:00:00+07:00,35.1,23.6,1334.0,57.0,26.6,13.0,-0.2588190451025208,-0.9659258262890683,38.3,42.7,44.2,57.0,56.0,53.0,26.9,27.4,28.0,2.56046870709202,-4.400000000000006,-3.1999999999999957,1.3999999999999986
2026-08-01 14:00:00+00:00,2026-08-01T21:00:00+07:00,36.5,24.3,1401.0,59.0,26.4,14.0,-0.4999999999999997,-0.8660254037844388,35.1,38.3,42.7,57.0,57.0,56.0,26.6,26.9,27.4,3.4875492828055616,-3.1999999999999957,1.3999999999999986,4.399999999999999
2026-08-01 15:00:00+00:00,2026-08-01T22:00:00+07:00,40.9,26.7,1638.0,58.0,26.4,15.0,-0.7071067811865471,-0.7071067811865479,36.5,35.1,38.3,59.0,57.0,57.0,26.4,26.6,26.9,3.6604189195588357,1.3999999999999986,4.399999999999999,1.2000000000000028
2026-08-01 16:00:00+00:00,2026-08-01T23:00:00+07:00,42.1,27.3,1697.0,59.0,26.1,16.0,-0.8660254037844384,-0.5000000000000004,40.9,36.5,35.1,58.0,59.0,57.0,26.4,26.4,26.6,3.5779416801653277,4.399999999999999,1.2000000000000028,-0.8000000000000043
2026-08-01 17:00:00+00:00,2026-08-02T00:00:00+07:00,41.3,27.0,1646.0,59.0,25.9,17.0,-0.9659258262890683,-0.25881904510252063,42.1,40.9,36.5,59.0,58.0,59.0,26.1,26.4,26.4,3.11234102672961,1.2000000000000028,-0.8000000000000043,-5.799999999999997
2026-08-01 18:00:00+00:00,2026-08-02T01:00:00+07:00,35.5,23.7,1359.0,56.0,25.6,18.0,-1.0,-1.8369701987210297e-16,41.3,42.1,40.9,59.0,59.0,58.0,25.9,26.1,26.4,2.8444097220098827,-0.8000000000000043,-5.799999999999997,-1.2000000000000028
2026-08-01 19:00:00+00:00,2026-08-02T02:00:00+07:00,34.3,23.0,1302.0,56.0,25.3,19.0,-0.9659258262890684,0.2588190451025203,35.5,41.3,42.1,56.0,59.0,59.0,25.6,25.9,26.1,3.196664928744391,-5.799999999999997,-1.2000000000000028,20.900000000000006
2026-08-01 20:00:00+00:00,2026-08-02T03:00:00+07:00,55.2,34.7,2446.0,56.0,24.8,20.0,-0.8660254037844386,0.5000000000000001,34.3,35.5,41.3,56.0,56.0,59.0,25.3,25.6,25.9,3.381518396617768,-1.2000000000000028,20.900000000000006,8.599999999999994
2026-08-01 21:00:00+00:00,2026-08-02T04:00:00+07:00,63.8,38.5,2913.0,57.0,23.9,21.0,-0.7071067811865477,0.7071067811865474,55.2,34.3,35.5,56.0,56.0,56.0,24.8,25.3,25.6,7.433370702447003,20.900000000000006,8.599999999999994,-0.5999999999999943
2026-08-01 22:00:00+00:00,2026-08-02T05:00:00+07:00,63.2,38.1,2864.0,57.0,23.4,22.0,-0.5000000000000004,0.8660254037844384,63.8,55.2,34.3,57.0,56.0,56.0,23.9,24.8,25.3,11.691991561178263,8.599999999999994,-0.5999999999999943,23.5
2026-08-01 23:00:00+00:00,2026-08-02T06:00:00+07:00,86.7,51.6,3870.0,58.0,23.4,23.0,-0.25881904510252157,0.9659258262890681,63.2,63.8,55.2,57.0,57.0,56.0,23.4,23.9,24.8,13.540076316869982,-0.5999999999999943,23.5,-8.600000000000009
2026-08-02 00:00:00+00:00,2026-08-02T07:00:00+07:00,78.1,48.2,3529.0,55.0,24.8,0.0,0.0,1.0,86.7,63.2,63.8,58.0,57.0,57.0,23.4,23.4,23.9,19.72680916924975,23.5,-8.600000000000009,-46.599999999999994
2026-08-02 01:00:00+00:00,2026-08-02T08:00:00+07:00,31.5,21.7,1198.0,48.0,26.7,1.0,0.25881904510252074,0.9659258262890683,78.1,86.7,63.2,55.0,58.0,57.0,24.8,23.4,23.4,18.292594129865652,-8.600000000000009,-46.599999999999994,-2.8999999999999986
2026-08-02 02:00:00+00:00,2026-08-02T09:00:00+07:00,28.6,19.4,1061.0,44.0,28.1,2.0,0.49999999999999994,0.8660254037844387,31.5,78.1,86.7,48.0,55.0,58.0,26.7,24.8,23.4,19.201189199282997,-46.599999999999994,-2.8999999999999986,9.0
2026-08-02 03:00:00+00:00,2026-08-02T10:00:00+07:00,37.6,25.2,1520.0,43.0,29.3,3.0,0.7071067811865475,0.7071067811865476,28.6,31.5,78.1,44.0,48.0,55.0,28.1,26.7,24.8,23.884953422604692,-2.8999999999999986,9.0,0.0
2026-08-02 04:00:00+00:00,2026-08-02T11:00:00+07:00,37.6,25.5,1561.0,42.0,30.6,4.0,0.8660254037844386,0.5000000000000001,37.6,28.6,31.5,43.0,44.0,48.0,29.3,28.1,26.7,25.11823374894546,9.0,0.0,-2.700000000000003
2026-08-02 05:00:00+00:00,2026-08-02T12:00:00+07:00,34.9,23.8,1386.0,40.0,31.7,5.0,0.9659258262890683,0.25881904510252074,37.6,37.6,28.6,42.0,43.0,44.0,30.6,29.3,28.1,25.47244916898772,0.0,-2.700000000000003,-2.1999999999999957
2026-08-02 06:00:00+00:00,2026-08-02T13:00:00+07:00,32.7,22.6,1270.0,40.0,32.6,6.0,1.0,6.123233995736766e-17,34.9,37.6,37.6,40.0,42.0,43.0,31.7,30.6,29.3,18.329584465193523,-2.700000000000003,-2.1999999999999957,-3.8000000000000043
2026-08-02 07:00:00+00:00,2026-08-02T14:00:00+07:00,28.9,20.5,1087.0,39.0,33.5,7.0,0.9659258262890683,-0.25881904510252063,32.7,34.9,37.6,40.0,40.0,42.0,32.6,31.7,30.6,3.5673052387852193,-2.1999999999999957,-3.8000000000000043,-4.399999999999999
2026-08-02 08:00:00+00:00,2026-08-02T15:00:00+07:00,24.5,16.0,906.0,42.0,32.4,8.0,0.8660254037844387,-0.4999999999999998,28.9,32.7,34.9,39.0,40.0,40.0,33.5,32.6,31.7,4.032575686414888,-3.8000000000000043,-4.399999999999999,2.8000000000000007
2026-08-02 09:00:00+00:00,2026-08-02T16:00:00+07:00,27.3,18.4,1007.0,49.0,29.3,9.0,0.7071067811865476,-0.7071067811865475,24.5,28.9,32.7,42.0,39.0,40.0,32.4,33.5,32.6,5.1872921645110655,-4.399999999999999,2.8000000000000007,1.6999999999999993
2026-08-02 10:00:00+00:00,2026-08-02T17:00:00+07:00,29.0,20.2,1055.0,53.0,27.9,10.0,0.49999999999999994,-0.8660254037844387,27.3,24.5,28.9,49.0,42.0,39.0,29.3,32.4,33.5,4.939804314612542,2.8000000000000007,1.6999999999999993,-4.800000000000001
2026-08-02 11:00:00+00:00,2026-08-02T18:00:00+07:00,24.2,15.2,880.0,55.0,27.3,11.0,0.258819045102521,-0.9659258262890682,29.0,27.3,24.5,53.0,49.0,42.0,27.9,29.3,32.4,3.73724497457661,1.6999999999999993,-4.800000000000001,-12.6
2026-08-02 12:00:00+00:00,2026-08-02T19:00:00+07:00,11.6,5.9,572.0,55.0,26.9,12.0,1.2246467991473532e-16,-1.0,24.2,29.0,27.3,55.0,53.0,49.0,27.3,27.9,29.3,3.1860110901666583,-4.800000000000001,-12.6,-4.3
2026-08-02 13:00:00+00:00,2026-08-02T20:00:00+07:00,7.3,4.0,457.0,56.0,26.6,13.0,-0.2588190451025208,-0.9659258262890683,11.6,24.2,29.0,55.0,55.0,53.0,26.9,27.3,27.9,6.535671350366276,-12.6,-4.3,0.7999999999999998
2026-08-02 14:00:00+00:00,2026-08-02T21:00:00+07:00,8.1,4.6,489.0,57.0,26.4,14.0,-0.4999999999999997,-0.8660254037844388,7.3,11.6,24.2,56.0,55.0,55.0,26.6,26.9,27.3,8.960970929536533,-4.3,0.7999999999999998,-0.1999999999999993
2026-08-02 15:00:00+00:00,2026-08-02T22:00:00+07:00,7.9,4.2,469.0,59.0,26.2,15.0,-0.7071067811865471,-0.7071067811865479,8.1,7.3,11.6,57.0,56.0,55.0,26.4,26.6,26.9,9.99348120860122,0.7999999999999998,-0.1999999999999993,9.1
2026-08-02 16:00:00+00:00,2026-08-02T23:00:00+07:00,17.0,8.1,647.0,61.0,25.9,16.0,-0.8660254037844384,-0.5000000000000004,7.9,8.1,7.3,59.0,57.0,56.0,26.2,26.4,26.6,9.475318816096161,-0.1999999999999993,9.1,-3.9000000000000004
2026-08-02 17:00:00+00:00,2026-08-03T00:00:00+07:00,13.1,6.2,575.0,62.0,25.6,17.0,-0.9659258262890683,-0.25881904510252063,17.0,7.9,8.1,61.0,59.0,57.0,25.9,26.2,26.4,6.712798720851544,9.1,-3.9000000000000004,4.299999999999999
2026-08-02 18:00:00+00:00,2026-08-03T01:00:00+07:00,17.4,7.3,632.0,62.0,25.5,18.0,-1.0,-1.8369701987210297e-16,13.1,17.0,7.9,62.0,61.0,59.0,25.6,25.9,26.2,3.802981286657386,-3.9000000000000004,4.299999999999999,-3.099999999999998
2026-08-02 19:00:00+00:00,2026-08-03T02:00:00+07:00,14.3,6.3,580.0,63.0,25.3,19.0,-0.9659258262890684,0.2588190451025203,17.4,13.1,17.0,62.0,62.0,61.0,25.5,25.6,25.9,4.67418442083745,4.299999999999999,-3.099999999999998,-7.200000000000001
2026-08-02 20:00:00+00:00,2026-08-03T03:00:00+07:00,7.1,3.7,444.0,62.0,25.1,20.0,-0.8660254037844386,0.5000000000000001,14.3,17.4,13.1,63.0,62.0,62.0,25.3,25.5,25.6,4.173088384717739,-3.099999999999998,-7.200000000000001,-1.8999999999999995
2026-08-02 21:00:00+00:00,2026-08-03T04:00:00+07:00,5.2,2.4,373.0,61.0,25.0,21.0,-0.7071067811865477,0.7071067811865474,7.1,14.3,17.4,62.0,63.0,62.0,25.1,25.3,25.5,4.419049671592236,-7.200000000000001,-1.8999999999999995,-1.7000000000000002
2026-08-02 22:00:00+00:00,2026-08-03T05:00:00+07:00,3.5,1.0,305.0,60.0,25.0,22.0,-0.5000000000000004,0.8660254037844384,5.2,7.1,14.3,61.0,62.0,63.0,25.0,25.1,25.3,5.102450391723519,-1.8999999999999995,-1.7000000000000002,14.399999999999999
2026-08-03 14:00:00+00:00,2026-08-03T21:00:00+07:00,22.9,13.1,812.0,58.0,26.9,14.0,-0.4999999999999997,-0.8660254037844388,26.6,31.9,32.7,57.0,57.0,55.0,27.2,27.5,27.8,2.9191893852003945,-5.299999999999997,-3.700000000000003,2.6000000000000014
2026-08-03 15:00:00+00:00,2026-08-03T22:00:00+07:00,25.5,16.1,883.0,60.0,26.5,15.0,-0.7071067811865471,-0.7071067811865479,22.9,26.6,31.9,58.0,57.0,57.0,26.9,27.2,27.5,4.727966440941248,-3.700000000000003,2.6000000000000014,4.199999999999999
2026-08-03 16:00:00+00:00,2026-08-03T23:00:00+07:00,29.7,19.3,1027.0,61.0,26.3,16.0,-0.8660254037844384,-0.5000000000000004,25.5,22.9,26.6,60.0,58.0,57.0,26.5,26.9,27.2,4.638282728194418,2.6000000000000014,4.199999999999999,11.7
2026-08-03 17:00:00+00:00,2026-08-04T00:00:00+07:00,41.4,26.5,1684.0,61.0,26.0,17.0,-0.9659258262890683,-0.25881904510252063,29.7,25.5,22.9,61.0,60.0,58.0,26.3,26.5,26.9,3.8504112334485323,4.199999999999999,11.7,23.9
2026-08-03 18:00:00+00:00,2026-08-04T01:00:00+07:00,65.3,39.7,2996.0,56.0,25.2,18.0,-1.0,-1.8369701987210297e-16,41.4,29.7,25.5,61.0,61.0,60.0,26.0,26.3,26.5,6.560691020515038,11.7,23.9,-8.399999999999999
2026-08-03 19:00:00+00:00,2026-08-04T02:00:00+07:00,56.9,35.3,2598.0,55.0,24.7,19.0,-0.9659258262890684,0.2588190451025203,65.3,41.4,29.7,56.0,61.0,61.0,25.2,26.0,26.3,16.087469243689842,23.9,-8.399999999999999,-0.3999999999999986
2026-08-03 20:00:00+00:00,2026-08-04T03:00:00+07:00,56.5,35.3,2640.0,56.0,24.7,20.0,-0.8660254037844386,0.5000000000000001,56.9,65.3,41.4,55.0,56.0,61.0,24.7,25.2,26.0,17.52671294529201,-8.399999999999999,-0.3999999999999986,-4.600000000000001
2026-08-03 21:00:00+00:00,2026-08-04T04:00:00+07:00,51.9,32.8,2359.0,54.0,24.5,21.0,-0.7071067811865477,0.7071067811865474,56.5,56.9,65.3,56.0,55.0,56.0,24.7,24.7,25.2,16.177566772128202,-0.3999999999999986,-4.600000000000001,1.8999999999999986
2026-08-03 22:00:00+00:00,2026-08-04T05:00:00+07:00,53.8,33.6,2478.0,54.0,23.8,22.0,-0.5000000000000004,0.8660254037844384,51.9,56.5,56.9,54.0,56.0,55.0,24.5,24.7,24.7,12.752476883596634,-4.600000000000001,1.8999999999999986,21.10000000000001
2026-08-03 23:00:00+00:00,2026-08-04T06:00:00+07:00,74.9,45.6,3438.0,57.0,23.7,23.0,-0.25881904510252157,0.9659258262890681,53.8,51.9,56.5,54.0,54.0,56.0,23.8,24.5,24.7,7.810505745468719,1.8999999999999986,21.10000000000001,13.099999999999994
2026-08-04 00:00:00+00:00,2026-08-04T07:00:00+07:00,88.0,53.0,3977.0,57.0,24.6,0.0,0.0,1.0,74.9,53.8,51.9,57.0,54.0,54.0,23.7,23.8,24.5,8.670966881880394,21.10000000000001,13.099999999999994,-0.5999999999999943
2026-08-04 01:00:00+00:00,2026-08-04T08:00:00+07:00,87.4,52.4,3938.0,56.0,25.5,1.0,0.25881904510252074,0.9659258262890683,88.0,74.9,53.8,57.0,57.0,54.0,24.6,23.7,23.8,14.500022988487522,13.099999999999994,-0.5999999999999943,-2.1000000000000085
2026-08-04 02:00:00+00:00,2026-08-04T09:00:00+07:00,85.3,50.4,3787.0,52.0,27.0,2.0,0.49999999999999994,0.8660254037844387,87.4,88.0,74.9,56.0,57.0,57.0,25.5,24.6,23.7,16.814844632050576,-0.5999999999999943,-2.1000000000000085,-19.799999999999997
2026-08-04 03:00:00+00:00,2026-08-04T10:00:00+07:00,65.5,39.2,2976.0,50.0,28.1,3.0,0.7071067811865475,0.7071067811865476,85.3,87.4,88.0,52.0,56.0,57.0,27.0,25.5,24.6,16.728986819290643,-2.1000000000000085,-19.799999999999997,1.2000000000000028
2026-08-04 04:00:00+00:00,2026-08-04T11:00:00+07:00,66.7,40.8,3080.0,46.0,29.7,4.0,0.8660254037844386,0.5000000000000001,65.5,85.3,87.4,50.0,52.0,56.0,28.1,27.0,25.5,13.889192441127262,-19.799999999999997,1.2000000000000028,-10.300000000000004
2026-08-04 05:00:00+00:00,2026-08-04T12:00:00+07:00,56.4,36.2,2678.0,43.0,31.5,5.0,0.9659258262890683,0.25881904510252074,66.7,65.5,85.3,46.0,50.0,52.0,29.7,28.1,27.0,10.3459492878453,1.2000000000000028,-10.300000000000004,-13.399999999999999
2026-08-04 06:00:00+00:00,2026-08-04T13:00:00+07:00,43.0,28.5,1846.0,40.0,32.6,6.0,1.0,6.123233995736766e-17,56.4,66.7,65.5,43.0,46.0,50.0,31.5,29.7,28.1,13.666516259334953,-10.300000000000004,-13.399999999999999,-4.399999999999999
2026-08-04 07:00:00+00:00,2026-08-04T14:00:00+07:00,38.6,26.0,1555.0,39.0,33.7,7.0,0.9659258262890683,-0.25881904510252063,43.0,56.4,66.7,40.0,43.0,46.0,32.6,31.5,29.7,16.975678680590846,-13.399999999999999,-4.399999999999999,-1.8999999999999986
2026-08-04 08:00:00+00:00,2026-08-04T15:00:00+07:00,36.7,25.1,1510.0,34.0,36.4,8.0,0.8660254037844387,-0.4999999999999998,38.6,43.0,56.4,39.0,40.0,43.0,33.7,32.6,31.5,17.15677708662089,-4.399999999999999,-1.8999999999999986,1.2999999999999972
2026-08-04 09:00:00+00:00,2026-08-04T16:00:00+07:00,38.0,25.6,1545.0,46.0,30.6,9.0,0.7071067811865476,-0.7071067811865475,36.7,38.6,43.0,34.0,39.0,40.0,36.4,33.7,32.6,13.476015731661919,-1.8999999999999986,1.2999999999999972,-0.7999999999999972
2026-08-04 10:00:00+00:00,2026-08-04T17:00:00+07:00,37.2,24.8,1466.0,51.0,28.5,10.0,0.49999999999999994,-0.8660254037844387,38.0,36.7,38.6,46.0,34.0,39.0,30.6,36.4,33.7,12.239063144974214,1.2999999999999972,-0.7999999999999972,2.299999999999997
2026-08-04 11:00:00+00:00,2026-08-04T18:00:00+07:00,39.5,26.3,1589.0,54.0,27.9,11.0,0.258819045102521,-0.9659258262890682,37.2,38.0,36.7,51.0,46.0,34.0,28.5,30.6,36.4,7.567231990629021,-0.7999999999999972,2.299999999999997,2.5
2026-08-04 12:00:00+00:00,2026-08-04T19:00:00+07:00,42.0,27.7,1760.0,56.0,27.3,12.0,1.2246467991473532e-16,-1.0,39.5,37.2,38.0,54.0,51.0,46.0,27.9,28.5,30.6,2.270389100279039,2.299999999999997,2.5,-0.8999999999999986
2026-08-04 13:00:00+00:00,2026-08-04T20:00:00+07:00,41.1,27.1,1712.0,57.0,26.8,13.0,-0.2588190451025208,-0.9659258262890683,42.0,39.5,37.2,56.0,54.0,51.0,27.3,27.9,28.5,1.911718249812419,2.5,-0.8999999999999986,21.6
2026-08-04 14:00:00+00:00,2026-08-04T21:00:00+07:00,62.7,40.4,3041.0,58.0,26.1,14.0,-0.4999999999999997,-0.8660254037844388,41.1,42.0,39.5,57.0,56.0,54.0,26.8,27.3,27.9,2.1516660211719363,-0.8999999999999986,21.6,4.0
2026-08-04 15:00:00+00:00,2026-08-04T22:00:00+07:00,66.7,42.4,3199.0,59.0,25.5,15.0,-0.7071067811865471,-0.7071067811865479,62.7,41.1,42.0,58.0,57.0,56.0,26.1,26.8,27.3,9.618194563776822,21.6,4.0,-6.200000000000003
2026-08-04 16:00:00+00:00,2026-08-04T23:00:00+07:00,60.5,38.2,2872.0,60.0,25.2,16.0,-0.8660254037844384,-0.5000000000000004,66.7,62.7,41.1,59.0,58.0,57.0,25.5,26.1,26.8,12.946350837205035,4.0,-6.200000000000003,-2.299999999999997
2026-08-04 17:00:00+00:00,2026-08-05T00:00:00+07:00,58.2,35.5,2682.0,59.0,25.0,17.0,-0.9659258262890683,-0.25881904510252063,60.5,66.7,62.7,60.0,59.0,58.0,25.2,25.5,26.1,12.472756979379751,-6.200000000000003,-2.299999999999997,-0.20000000000000284
2026-08-04 18:00:00+00:00,2026-08-05T01:00:00+07:00,58.0,36.1,2707.0,57.0,24.8,18.0,-1.0,-1.8369701987210297e-16,58.2,60.5,66.7,59.0,60.0,59.0,25.0,25.2,25.5,10.942029062290032,-2.299999999999997,-0.20000000000000284,-15.200000000000003
2026-08-04 19:00:00+00:00,2026-08-05T02:00:00+07:00,42.8,27.7,1753.0,57.0,24.7,19.0,-0.9659258262890684,0.2588190451025203,58.0,58.2,60.5,57.0,59.0,60.0,24.8,25.0,25.2,8.826928495613094,-0.20000000000000284,-15.200000000000003,-1.0
2026-08-04 20:00:00+00:00,2026-08-05T03:00:00+07:00,41.8,26.6,1652.0,54.0,24.3,20.0,-0.8660254037844386,0.5000000000000001,42.8,58.0,58.2,57.0,57.0,59.0,24.7,24.8,25.0,8.185047342563132,-15.200000000000003,-1.0,-0.29999999999999716
2026-08-04 21:00:00+00:00,2026-08-05T04:00:00+07:00,41.5,26.5,1646.0,51.0,23.7,21.0,-0.7071067811865477,0.7071067811865474,41.8,42.8,58.0,54.0,57.0,57.0,24.3,24.7,24.8,10.087550082486153,-1.0,-0.29999999999999716,-6.100000000000001
2026-08-04 22:00:00+00:00,2026-08-05T05:00:00+07:00,35.4,23.0,1306.0,52.0,23.7,22.0,-0.5000000000000004,0.8660254037844384,41.5,41.8,42.8,51.0,54.0,57.0,23.7,24.3,24.7,9.289922855797366,-0.29999999999999716,-6.100000000000001,5.300000000000004
2026-08-04 23:00:00+00:00,2026-08-05T06:00:00+07:00,40.7,26.5,1647.0,52.0,23.4,23.0,-0.25881904510252157,0.9659258262890681,35.4,41.5,41.8,52.0,51.0,54.0,23.7,23.7,24.3,9.516809689526541,-6.100000000000001,5.300000000000004,9.0
2026-08-05 00:00:00+00:00,2026-08-05T07:00:00+07:00,49.7,32.2,2277.0,51.0,24.1,0.0,0.0,1.0,40.7,35.4,41.5,52.0,52.0,51.0,23.4,23.7,23.7,7.628542892759157,5.300000000000004,9.0,-4.0
2026-08-05 01:00:00+00:00,2026-08-05T08:00:00+07:00,45.7,29.4,1960.0,51.0,25.3,1.0,0.25881904510252074,0.9659258262890683,49.7,40.7,35.4,51.0,52.0,52.0,24.1,23.4,23.7,4.59278419552522,9.0,-4.0,6.199999999999996
2026-08-05 02:00:00+00:00,2026-08-05T09:00:00+07:00,51.9,33.7,2448.0,48.0,26.8,2.0,0.49999999999999994,0.8660254037844387,45.7,49.7,40.7,51.0,51.0,52.0,25.3,24.1,23.4,4.8417627643933825,-4.0,6.199999999999996,-8.5
2026-08-05 03:00:00+00:00,2026-08-05T10:00:00+07:00,43.4,28.0,1841.0,43.0,28.5,3.0,0.7071067811865475,0.7071067811865476,51.9,45.7,49.7,48.0,51.0,51.0,26.8,25.3,24.1,6.144184242029171,6.199999999999996,-8.5,-5.799999999999997
2026-08-05 04:00:00+00:00,2026-08-05T11:00:00+07:00,37.6,25.1,1498.0,38.0,30.4,4.0,0.8660254037844386,0.5000000000000001,43.4,51.9,45.7,43.0,48.0,51.0,28.5,26.8,25.3,6.028156158118852,-8.5,-5.799999999999997,5.899999999999999
2026-08-05 05:00:00+00:00,2026-08-05T12:00:00+07:00,43.5,29.0,1903.0,36.0,31.7,5.0,0.9659258262890683,0.25881904510252074,37.6,43.4,51.9,38.0,43.0,48.0,30.4,28.5,26.8,5.400617248673177,-5.799999999999997,5.899999999999999,-0.20000000000000284
2026-08-05 06:00:00+00:00,2026-08-05T13:00:00+07:00,43.3,29.1,1916.0,35.0,33.1,6.0,1.0,6.123233995736766e-17,43.5,37.6,43.4,36.0,38.0,43.0,31.7,30.4,28.5,5.083699440368163,5.899999999999999,-0.20000000000000284,-9.699999999999996
2026-08-05 07:00:00+00:00,2026-08-05T14:00:00+07:00,33.6,23.5,1347.0,33.0,34.4,7.0,0.9659258262890683,-0.25881904510252063,43.3,43.5,37.6,35.0,36.0,38.0,33.1,31.7,30.4,4.626733909213522,-0.20000000000000284,-9.699999999999996,-3.5
2026-08-05 08:00:00+00:00,2026-08-05T15:00:00+07:00,30.1,21.5,1169.0,28.0,37.9,8.0,0.8660254037844387,-0.4999999999999998,33.6,43.3,43.5,33.0,35.0,36.0,34.4,33.1,31.7,6.221709304256044,-9.699999999999996,-3.5,6.100000000000001
2026-08-05 09:00:00+00:00,2026-08-05T16:00:00+07:00,36.2,24.9,1467.0,40.0,31.4,9.0,0.7071067811865476,-0.7071067811865475,30.1,33.6,43.3,28.0,33.0,35.0,37.9,34.4,33.1,5.785988823586358,-3.5,6.100000000000001,4.799999999999997
2026-08-05 10:00:00+00:00,2026-08-05T17:00:00+07:00,41.0,27.5,1734.0,48.0,28.3,10.0,0.49999999999999994,-0.8660254037844387,36.2,30.1,33.6,40.0,28.0,33.0,31.4,37.9,34.4,5.314665245024023,6.100000000000001,4.799999999999997,-0.6000000000000014
2026-08-05 11:00:00+00:00,2026-08-05T18:00:00+07:00,40.4,26.9,1682.0,51.0,27.6,11.0,0.258819045102521,-0.9659258262890682,41.0,36.2,30.1,48.0,40.0,28.0,28.3,31.4,37.9,5.519692020393853,4.799999999999997,-0.6000000000000014,-12.0
2026-08-05 12:00:00+00:00,2026-08-05T19:00:00+07:00,28.4,18.5,1030.0,52.0,27.1,12.0,1.2246467991473532e-16,-1.0,40.4,41.0,36.2,51.0,48.0,40.0,27.6,28.3,31.4,5.018631951704194,-0.6000000000000014,-12.0,-7.099999999999998
2026-08-05 13:00:00+00:00,2026-08-05T20:00:00+07:00,21.3,10.9,773.0,52.0,26.7,13.0,-0.2588190451025208,-0.9659258262890683,28.4,40.4,41.0,52.0,51.0,48.0,27.1,27.6,28.3,5.217566482566337,-12.0,-7.099999999999998,-1.5
2026-08-05 14:00:00+00:00,2026-08-05T21:00:00+07:00,19.8,9.3,718.0,54.0,26.4,14.0,-0.4999999999999997,-0.8660254037844388,21.3,28.4,40.4,52.0,52.0,51.0,26.7,27.1,27.6,7.686351540230236,-7.099999999999998,-1.5,-5.5
2026-08-05 15:00:00+00:00,2026-08-05T22:00:00+07:00,14.3,6.8,610.0,56.0,26.2,15.0,-0.7071067811865471,-0.7071067811865479,19.8,21.3,28.4,54.0,52.0,52.0,26.4,26.7,27.1,9.396683812210902,-1.5,-5.5,12.5
2026-08-05 16:00:00+00:00,2026-08-05T23:00:00+07:00,26.8,15.0,1053.0,55.0,25.8,16.0,-0.8660254037844384,-0.5000000000000004,14.3,19.8,21.3,56.0,54.0,52.0,26.2,26.4,26.7,11.148393008262065,-5.5,12.5,24.900000000000002
2026-08-05 17:00:00+00:00,2026-08-06T00:00:00+07:00,51.7,33.2,2374.0,51.0,24.7,17.0,-0.9659258262890683,-0.25881904510252063,26.8,14.3,19.8,55.0,56.0,54.0,25.8,26.2,26.4,9.022342637401142,12.5,24.900000000000002,-2.4000000000000057
2026-08-05 18:00:00+00:00,2026-08-06T01:00:00+07:00,49.3,31.9,2247.0,51.0,24.1,18.0,-1.0,-1.8369701987210297e-16,51.7,26.8,14.3,51.0,55.0,56.0,24.7,25.8,26.2,13.097289795984508,24.900000000000002,-2.4000000000000057,-2.799999999999997
2026-08-05 19:00:00+00:00,2026-08-06T02:00:00+07:00,46.5,30.2,2037.0,51.0,23.5,19.0,-0.9659258262890684,0.2588190451025203,49.3,51.7,26.8,51.0,51.0,55.0,24.1,24.7,25.8,15.988329076756784,-2.4000000000000057,-2.799999999999997,0.5
2026-08-05 20:00:00+00:00,2026-08-06T03:00:00+07:00,47.0,30.3,2065.0,53.0,23.1,20.0,-0.8660254037844386,0.5000000000000001,46.5,49.3,51.7,51.0,51.0,51.0,23.5,24.1,24.7,16.38275516104255,-2.799999999999997,0.5,-0.7999999999999972
2026-08-05 21:00:00+00:00,2026-08-06T04:00:00+07:00,46.2,29.9,1995.0,54.0,22.8,21.0,-0.7071067811865477,0.7071067811865474,47.0,46.5,49.3,53.0,51.0,51.0,23.1,23.5,24.1,15.140233375568098,0.5,-0.7999999999999972,-2.0
2026-08-05 22:00:00+00:00,2026-08-06T05:00:00+07:00,44.2,28.5,1844.0,55.0,22.5,22.0,-0.5000000000000004,0.8660254037844384,46.2,47.0,46.5,54.0,53.0,51.0,22.8,23.1,23.5,8.95844108462326,-0.7999999999999972,-2.0,22.099999999999994
2026-08-05 23:00:00+00:00,2026-08-06T06:00:00+07:00,66.3,41.9,3105.0,55.0,23.0,23.0,-0.25881904510252157,0.9659258262890681,44.2,46.2,47.0,55.0,54.0,53.0,22.5,22.8,23.1,2.6347042844816255,-2.0,22.099999999999994,37.60000000000001
2026-08-06 00:00:00+00:00,2026-08-06T07:00:00+07:00,103.9,64.3,4774.0,53.0,24.2,0.0,0.0,1.0,66.3,44.2,46.2,55.0,55.0,54.0,23.0,22.5,22.8,8.19107237586543,22.099999999999994,37.60000000000001,-45.7
2026-08-06 01:00:00+00:00,2026-08-06T08:00:00+07:00,58.2,36.5,2752.0,50.0,25.9,1.0,0.25881904510252074,0.9659258262890683,103.9,66.3,44.2,53.0,55.0,55.0,24.2,23.0,22.5,23.462430962427263,37.60000000000001,-45.7,-16.800000000000004
2026-08-06 02:00:00+00:00,2026-08-06T09:00:00+07:00,41.4,27.1,1720.0,45.0,27.6,2.0,0.49999999999999994,0.8660254037844387,58.2,103.9,66.3,50.0,53.0,55.0,25.9,24.2,23.0,22.687500229568382,-45.7,-16.800000000000004,2.1000000000000014
2026-08-06 03:00:00+00:00,2026-08-06T10:00:00+07:00,43.5,28.6,1857.0,42.0,28.8,3.0,0.7071067811865475,0.7071067811865476,41.4,58.2,103.9,45.0,50.0,53.0,27.6,25.9,24.2,23.47838722456603,-16.800000000000004,2.1000000000000014,2.700000000000003
2026-08-06 04:00:00+00:00,2026-08-06T11:00:00+07:00,46.2,30.5,2085.0,40.0,29.8,4.0,0.8660254037844386,0.5000000000000001,43.5,41.4,58.2,42.0,45.0,50.0,28.8,27.6,25.9,23.819942625175766,2.1000000000000014,2.700000000000003,-8.5
2026-08-06 05:00:00+00:00,2026-08-06T12:00:00+07:00,37.7,25.9,1566.0,35.0,31.8,5.0,0.9659258262890683,0.25881904510252074,46.2,43.5,41.4,40.0,42.0,45.0,29.8,28.8,27.6,23.57434339842078,2.700000000000003,-8.5,2.8999999999999986
2026-08-06 06:00:00+00:00,2026-08-06T13:00:00+07:00,40.6,27.6,1756.0,35.0,32.3,6.0,1.0,6.123233995736766e-17,37.7,46.2,43.5,35.0,40.0,42.0,31.8,29.8,28.8,24.880735519674634,-8.5,2.8999999999999986,1.5
2026-08-06 07:00:00+00:00,2026-08-06T14:00:00+07:00,42.1,28.5,1843.0,35.0,32.6,7.0,0.9659258262890683,-0.25881904510252063,40.6,37.7,46.2,35.0,35.0,40.0,32.3,31.8,29.8,7.2467923938801455,2.8999999999999986,1.5,1.1999999999999957
2026-08-06 08:00:00+00:00,2026-08-06T15:00:00+07:00,43.3,29.1,1923.0,36.0,32.6,8.0,0.8660254037844387,-0.4999999999999998,42.1,40.6,37.7,35.0,35.0,35.0,32.6,32.3,31.8,2.8519583914681914,1.5,1.1999999999999957,-6.599999999999994
2026-08-06 09:00:00+00:00,2026-08-06T16:00:00+07:00,36.7,24.3,1429.0,43.0,29.7,9.0,0.7071067811865476,-0.7071067811865475,43.3,42.1,40.6,36.0,35.0,35.0,32.6,32.6,32.3,2.888367474312407,1.1999999999999957,-6.599999999999994,-5.900000000000002
2026-08-06 10:00:00+00:00,2026-08-06T17:00:00+07:00,30.8,21.5,1160.0,47.0,28.0,10.0,0.49999999999999994,-0.8660254037844387,36.7,43.3,42.1,43.0,36.0,35.0,29.7,32.6,32.6,3.550211261319411,-6.599999999999994,-5.900000000000002,-2.0
2026-08-06 11:00:00+00:00,2026-08-06T18:00:00+07:00,28.8,20.1,1054.0,50.0,26.9,11.0,0.258819045102521,-0.9659258262890682,30.8,36.7,43.3,47.0,43.0,36.0,28.0,29.7,32.6,4.551336799959525,-5.900000000000002,-2.0,-0.40000000000000213
2026-08-06 12:00:00+00:00,2026-08-06T19:00:00+07:00,28.4,19.0,1057.0,52.0,26.2,12.0,1.2246467991473532e-16,-1.0,28.8,30.8,36.7,50.0,47.0,43.0,26.9,28.0,29.7,6.073137574598416,-2.0,-0.40000000000000213,-4.699999999999999
2026-08-06 13:00:00+00:00,2026-08-06T20:00:00+07:00,23.7,14.8,876.0,54.0,25.4,13.0,-0.2588190451025208,-0.9659258262890683,28.4,28.8,30.8,52.0,50.0,47.0,26.2,26.9,28.0,6.660755712880167,-0.40000000000000213,-4.699999999999999,1.4000000000000021
2026-08-06 14:00:00+00:00,2026-08-06T21:00:00+07:00,25.1,16.7,916.0,56.0,25.0,14.0,-0.4999999999999997,-0.8660254037844388,23.7,28.4,28.8,54.0,52.0,50.0,25.4,26.2,26.9,6.975600332587807,-4.699999999999999,1.4000000000000021,14.100000000000001
2026-08-06 15:00:00+00:00,2026-08-06T22:00:00+07:00,39.2,26.0,1641.0,58.0,24.5,15.0,-0.7071067811865471,-0.7071067811865479,25.1,23.7,28.4,56.0,54.0,52.0,25.0,25.4,26.2,4.6084342966636545,1.4000000000000021,14.100000000000001,4.5
2026-08-06 16:00:00+00:00,2026-08-06T23:00:00+07:00,43.7,28.7,1914.0,58.0,24.3,16.0,-0.8660254037844384,-0.5000000000000004,39.2,25.1,23.7,58.0,56.0,54.0,24.5,25.0,25.4,5.482943248535938,14.100000000000001,4.5,18.699999999999996
2026-08-06 17:00:00+00:00,2026-08-07T00:00:00+07:00,62.4,40.0,3000.0,59.0,23.6,17.0,-0.9659258262890683,-0.25881904510252063,43.7,39.2,25.1,58.0,58.0,56.0,24.3,24.5,25.0,8.084903627543486,4.5,18.699999999999996,2.6999999999999957
2026-08-06 18:00:00+00:00,2026-08-07T01:00:00+07:00,65.1,40.8,3083.0,59.0,23.2,18.0,-1.0,-1.8369701987210297e-16,62.4,43.7,39.2,59.0,58.0,58.0,23.6,24.3,24.5,14.74658152476925,18.699999999999996,2.6999999999999957,-2.3999999999999915
2026-08-06 19:00:00+00:00,2026-08-07T02:00:00+07:00,62.7,38.5,2894.0,57.0,23.0,19.0,-0.9659258262890684,0.2588190451025203,65.1,62.4,43.7,59.0,59.0,58.0,23.2,23.6,24.3,17.733358395972235,2.6999999999999957,-2.3999999999999915,-6.400000000000006
2026-08-06 20:00:00+00:00,2026-08-07T03:00:00+07:00,56.3,34.7,2588.0,55.0,22.8,20.0,-0.8660254037844386,0.5000000000000001,62.7,65.1,62.4,57.0,59.0,59.0,23.0,23.2,23.6,16.24105907876697,-2.3999999999999915,-6.400000000000006,97.89999999999999
2026-08-06 21:00:00+00:00,2026-08-07T04:00:00+07:00,154.2,90.0,6639.0,57.0,22.7,21.0,-0.7071067811865477,0.7071067811865474,56.3,62.7,65.1,55.0,57.0,59.0,22.8,23.0,23.2,10.908895452794429,-6.400000000000006,97.89999999999999,-62.19999999999999
2026-08-06 22:00:00+00:00,2026-08-07T05:00:00+07:00,92.0,56.6,4217.0,56.0,22.6,22.0,-0.5000000000000004,0.8660254037844384,154.2,56.3,62.7,57.0,55.0,57.0,22.7,22.8,23.0,40.01213149366908,97.89999999999999,-62.19999999999999,12.200000000000003
2026-08-06 23:00:00+00:00,2026-08-07T06:00:00+07:00,104.2,63.8,4747.0,57.0,22.6,23.0,-0.25881904510252157,0.9659258262890681,92.0,154.2,56.3,56.0,57.0,55.0,22.6,22.7,22.8,37.457998700767035,-62.19999999999999,12.200000000000003,-6.200000000000003
2026-08-07 00:00:00+00:00,2026-08-07T07:00:00+07:00,98.0,59.8,4446.0,54.0,23.7,0.0,0.0,1.0,104.2,92.0,154.2,57.0,56.0,57.0,22.6,22.6,22.7,36.94111079362212,12.200000000000003,-6.200000000000003,-24.700000000000003
2026-08-07 01:00:00+00:00,2026-08-07T08:00:00+07:00,73.3,45.6,3399.0,50.0,25.5,1.0,0.25881904510252074,0.9659258262890683,98.0,104.2,92.0,54.0,57.0,56.0,23.7,22.6,22.6,35.06318106884577,-6.200000000000003,-24.700000000000003,-30.0
2026-08-07 02:00:00+00:00,2026-08-07T09:00:00+07:00,43.3,28.2,1811.0,42.0,27.4,2.0,0.49999999999999994,0.8660254037844387,73.3,98.0,104.2,50.0,54.0,57.0,25.5,23.7,22.6,33.36223413781914,-24.700000000000003,-30.0,4.0
2026-08-07 03:00:00+00:00,2026-08-07T10:00:00+07:00,47.3,30.4,2074.0,38.0,29.1,3.0,0.7071067811865475,0.7071067811865476,43.3,73.3,98.0,42.0,50.0,54.0,27.4,25.5,23.7,36.73388989294034,-30.0,4.0,-5.899999999999999
2026-08-07 04:00:00+00:00,2026-08-07T11:00:00+07:00,41.4,27.2,1698.0,36.0,30.7,4.0,0.8660254037844386,0.5000000000000001,47.3,43.3,73.3,38.0,42.0,50.0,29.1,27.4,25.5,26.20982640156167,4.0,-5.899999999999999,-2.0
2026-08-07 05:00:00+00:00,2026-08-07T12:00:00+07:00,39.4,26.5,1616.0,34.0,32.2,5.0,0.9659258262890683,0.25881904510252074,41.4,47.3,43.3,36.0,38.0,42.0,30.7,29.1,27.4,28.229871885410077,-5.899999999999999,-2.0,-0.5
2026-08-07 06:00:00+00:00,2026-08-07T13:00:00+07:00,38.9,26.4,1654.0,35.0,33.3,6.0,1.0,6.123233995736766e-17,39.4,41.4,47.3,34.0,36.0,38.0,32.2,30.7,29.1,23.58604813585071,-2.0,-0.5,-1.6999999999999957
2026-08-07 07:00:00+00:00,2026-08-07T14:00:00+07:00,37.2,25.7,1552.0,34.0,34.2,7.0,0.9659258262890683,-0.25881904510252063,38.9,39.4,41.4,35.0,34.0,36.0,33.3,32.2,30.7,13.113148617577217,-0.5,-1.6999999999999957,-1.0
2026-08-07 08:00:00+00:00,2026-08-07T15:00:00+07:00,36.2,25.2,1513.0,28.0,38.1,8.0,0.8660254037844387,-0.4999999999999998,37.2,38.9,39.4,34.0,35.0,34.0,34.2,33.3,32.2,3.637993952716375,-1.6999999999999957,-1.0,1.6999999999999957
2026-08-07 09:00:00+00:00,2026-08-07T16:00:00+07:00,37.9,25.8,1566.0,38.0,31.8,9.0,0.7071067811865476,-0.7071067811865475,36.2,37.2,38.9,28.0,34.0,35.0,38.1,34.2,33.3,3.9767658551475775,-1.0,1.6999999999999957,5.100000000000001
2026-08-07 10:00:00+00:00,2026-08-07T17:00:00+07:00,43.0,29.0,1898.0,46.0,28.4,10.0,0.49999999999999994,-0.8660254037844387,37.9,36.2,37.2,38.0,28.0,34.0,31.8,38.1,34.2,1.8286607121062899,1.6999999999999957,5.100000000000001,5.600000000000001
2026-08-07 11:00:00+00:00,2026-08-07T18:00:00+07:00,48.6,32.2,2297.0,49.0,27.4,11.0,0.258819045102521,-0.9659258262890682,43.0,37.9,36.2,46.0,38.0,28.0,28.4,31.8,38.1,2.372059583287851,5.100000000000001,5.600000000000001,4.0
2026-08-07 12:00:00+00:00,2026-08-07T19:00:00+07:00,52.6,34.5,2548.0,53.0,26.7,12.0,1.2246467991473532e-16,-1.0,48.6,43.0,37.9,49.0,46.0,38.0,27.4,28.4,31.8,4.697233228188797,5.600000000000001,4.0,-4.600000000000001
2026-08-07 13:00:00+00:00,2026-08-07T20:00:00+07:00,48.0,31.7,2238.0,54.0,26.1,13.0,-0.2588190451025208,-0.9659258262890683,52.6,48.6,43.0,53.0,49.0,46.0,26.7,27.4,28.4,6.758229551196632,4.0,-4.600000000000001,-3.5
2026-08-07 14:00:00+00:00,2026-08-07T21:00:00+07:00,44.5,29.5,1968.0,54.0,25.7,14.0,-0.4999999999999997,-0.8660254037844388,48.0,52.6,48.6,54.0,53.0,49.0,26.1,26.7,27.4,6.469750123974439,-4.600000000000001,-3.5,33.900000000000006
2026-08-07 15:00:00+00:00,2026-08-07T22:00:00+07:00,78.4,48.8,3661.0,53.0,25.2,15.0,-0.7071067811865471,-0.7071067811865479,44.5,48.0,52.6,54.0,54.0,53.0,25.7,26.1,26.7,5.115727383927643,-3.5,33.900000000000006,-1.8000000000000114
2026-08-07 16:00:00+00:00,2026-08-07T23:00:00+07:00,76.6,47.5,3558.0,54.0,24.7,16.0,-0.8660254037844384,-0.5000000000000004,78.4,44.5,48.0,53.0,54.0,54.0,25.2,25.7,26.1,13.118904933974736,33.900000000000006,-1.8000000000000114,-5.0
2026-08-07 17:00:00+00:00,2026-08-08T00:00:00+07:00,71.6,44.4,3353.0,54.0,24.5,17.0,-0.9659258262890683,-0.25881904510252063,76.6,78.4,44.5,54.0,53.0,54.0,24.7,25.2,25.7,15.243413878349763,-1.8000000000000114,-5.0,-4.299999999999997
2026-08-07 18:00:00+00:00,2026-08-08T01:00:00+07:00,67.3,42.3,3187.0,52.0,24.5,18.0,-1.0,-1.8369701987210297e-16,71.6,76.6,78.4,54.0,54.0,53.0,24.5,24.7,25.2,15.263518598278678,-5.0,-4.299999999999997,-6.899999999999999
2026-08-07 19:00:00+00:00,2026-08-08T02:00:00+07:00,60.4,37.6,2834.0,54.0,23.8,19.0,-0.9659258262890684,0.2588190451025203,67.3,71.6,76.6,52.0,54.0,54.0,24.5,24.5,24.7,14.629148984134343,-4.299999999999997,-6.899999999999999,1.3999999999999986
2026-08-07 20:00:00+00:00,2026-08-08T03:00:00+07:00,61.8,38.1,2884.0,56.0,23.6,20.0,-0.8660254037844386,0.5000000000000001,60.4,67.3,71.6,54.0,52.0,54.0,23.8,24.5,24.5,12.581520840767437,-6.899999999999999,1.3999999999999986,6.5
2026-08-07 21:00:00+00:00,2026-08-08T04:00:00+07:00,68.3,42.4,3176.0,55.0,23.6,21.0,-0.7071067811865477,0.7071067811865474,61.8,60.4,67.3,56.0,54.0,52.0,23.6,23.8,24.5,7.494464623974049,1.3999999999999986,6.5,15.799999999999997
2026-08-07 22:00:00+00:00,2026-08-08T05:00:00+07:00,84.1,52.9,3962.0,57.0,23.4,22.0,-0.5000000000000004,0.8660254037844384,68.3,61.8,60.4,55.0,56.0,54.0,23.6,23.6,23.8,6.0503443428176285,6.5,15.799999999999997,-8.699999999999989
2026-08-07 23:00:00+00:00,2026-08-08T06:00:00+07:00,75.4,47.2,3540.0,60.0,23.7,23.0,-0.25881904510252157,0.9659258262890681,84.1,68.3,61.8,57.0,55.0,56.0,23.4,23.6,23.6,8.531217185528988,15.799999999999997,-8.699999999999989,-8.400000000000006
2026-08-08 00:00:00+00:00,2026-08-08T07:00:00+07:00,67.0,42.2,3174.0,58.0,24.5,0.0,0.0,1.0,75.4,84.1,68.3,60.0,57.0,55.0,23.7,23.4,23.6,8.903201671308947,-8.699999999999989,-8.400000000000006,-8.899999999999999
2026-08-08 01:00:00+00:00,2026-08-08T08:00:00+07:00,58.1,37.1,2751.0,54.0,25.5,1.0,0.25881904510252074,0.9659258262890683,67.0,75.4,84.1,58.0,60.0,57.0,24.5,23.7,23.4,8.919192788587901,-8.400000000000006,-8.899999999999999,-9.5
2026-08-08 02:00:00+00:00,2026-08-08T09:00:00+07:00,48.6,31.4,2161.0,51.0,26.7,2.0,0.49999999999999994,0.8660254037844387,58.1,67.0,75.4,54.0,58.0,60.0,25.5,24.5,23.7,9.423675857470116,-8.899999999999999,-9.5,3.1000000000000014
2026-08-08 03:00:00+00:00,2026-08-08T10:00:00+07:00,51.7,33.7,2386.0,46.0,27.7,3.0,0.7071067811865475,0.7071067811865476,48.6,58.1,67.0,51.0,54.0,58.0,26.7,25.5,24.5,12.509103351826033,-9.5,3.1000000000000014,-11.700000000000003
2026-08-08 04:00:00+00:00,2026-08-08T11:00:00+07:00,40.0,26.8,1631.0,41.0,29.4,4.0,0.8660254037844386,0.5000000000000001,51.7,48.6,58.1,46.0,51.0,54.0,27.7,26.7,25.5,13.90032373723716,3.1000000000000014,-11.700000000000003,0.8999999999999986
2026-08-08 05:00:00+00:00,2026-08-08T12:00:00+07:00,40.9,27.5,1710.0,38.0,30.5,5.0,0.9659258262890683,0.25881904510252074,40.0,51.7,48.6,41.0,46.0,51.0,29.4,27.7,26.7,12.862192659107524,-11.700000000000003,0.8999999999999986,4.399999999999999
2026-08-08 06:00:00+00:00,2026-08-08T13:00:00+07:00,45.3,29.9,2001.0,35.0,32.1,6.0,1.0,6.123233995736766e-17,40.9,40.0,51.7,38.0,41.0,46.0,30.5,29.4,27.7,10.350410619873971,0.8999999999999986,4.399999999999999,-2.5999999999999943
2026-08-08 07:00:00+00:00,2026-08-08T14:00:00+07:00,42.7,28.6,1835.0,35.0,32.5,7.0,0.9659258262890683,-0.25881904510252063,45.3,40.9,40.0,35.0,38.0,41.0,32.1,30.5,29.4,6.867799259345518,4.399999999999999,-2.5999999999999943,-7.5
2026-08-08 08:00:00+00:00,2026-08-08T15:00:00+07:00,35.2,24.1,1398.0,36.0,32.0,8.0,0.8660254037844387,-0.4999999999999998,42.7,45.3,40.9,35.0,35.0,38.0,32.5,32.1,30.5,4.581120678029235,-2.5999999999999943,-7.5,-3.200000000000003
2026-08-08 09:00:00+00:00,2026-08-08T16:00:00+07:00,32.0,22.4,1239.0,42.0,28.9,9.0,0.7071067811865476,-0.7071067811865475,35.2,42.7,45.3,36.0,35.0,35.0,32.0,32.5,32.1,5.559016699621185,-7.5,-3.200000000000003,-2.8000000000000007
2026-08-08 10:00:00+00:00,2026-08-08T17:00:00+07:00,29.2,20.9,1097.0,46.0,27.1,10.0,0.49999999999999994,-0.8660254037844387,32.0,35.2,42.7,42.0,36.0,35.0,28.9,32.0,32.5,4.913145631873822,-3.200000000000003,-2.8000000000000007,0.10000000000000142
2026-08-08 11:00:00+00:00,2026-08-08T18:00:00+07:00,29.3,20.5,1097.0,50.0,26.3,11.0,0.258819045102521,-0.9659258262890682,29.2,32.0,35.2,46.0,42.0,36.0,27.1,28.9,32.0,6.385217302488691,-2.8000000000000007,0.10000000000000142,-6.800000000000001
2026-08-08 12:00:00+00:00,2026-08-08T19:00:00+07:00,22.5,13.7,842.0,52.0,25.7,12.0,1.2246467991473532e-16,-1.0,29.3,29.2,32.0,50.0,46.0,42.0,26.3,27.1,28.9,6.9031635259979005,0.10000000000000142,-6.800000000000001,-0.1999999999999993
2026-08-08 13:00:00+00:00,2026-08-08T20:00:00+07:00,22.3,13.1,832.0,53.0,25.3,13.0,-0.2588190451025208,-0.9659258262890683,22.5,29.3,29.2,52.0,50.0,46.0,25.7,26.3,27.1,6.78097829716834,-6.800000000000001,-0.1999999999999993,5.199999999999999
2026-08-08 14:00:00+00:00,2026-08-08T21:00:00+07:00,27.5,19.3,1015.0,55.0,25.3,14.0,-0.4999999999999997,-0.8660254037844388,22.3,22.5,29.3,53.0,52.0,50.0,25.3,25.7,26.3,5.1510840283059105,-0.1999999999999993,5.199999999999999,-2.0
2026-08-08 15:00:00+00:00,2026-08-08T22:00:00+07:00,25.5,17.5,933.0,55.0,25.3,15.0,-0.7071067811865471,-0.7071067811865479,27.5,22.3,22.5,55.0,53.0,52.0,25.3,25.3,25.7,3.9398815549034367,5.199999999999999,-2.0,0.3999999999999986
2026-08-08 16:00:00+00:00,2026-08-08T23:00:00+07:00,25.9,17.8,958.0,56.0,24.9,16.0,-0.8660254037844384,-0.5000000000000004,25.5,27.5,22.3,55.0,55.0,53.0,25.3,25.3,25.3,3.1481740739675943,-2.0,0.3999999999999986,-5.099999999999998
2026-08-08 17:00:00+00:00,2026-08-09T00:00:00+07:00,20.8,11.4,783.0,57.0,24.5,17.0,-0.9659258262890683,-0.25881904510252063,25.9,25.5,27.5,56.0,55.0,55.0,24.9,25.3,25.3,2.7509998182482223,0.3999999999999986,-5.099999999999998,0.09999999999999787
2026-08-08 18:00:00+00:00,2026-08-09T01:00:00+07:00,20.9,11.5,789.0,58.0,24.1,18.0,-1.0,-1.8369701987210297e-16,20.8,25.9,25.5,57.0,56.0,55.0,24.5,24.9,25.3,2.586438993417108,-5.099999999999998,0.09999999999999787,-3.599999999999998
2026-08-08 19:00:00+00:00,2026-08-09T02:00:00+07:00,17.3,8.1,689.0,58.0,24.2,19.0,-0.9659258262890684,0.2588190451025203,20.9,20.8,25.9,58.0,57.0,56.0,24.1,24.5,24.9,2.851257032725832,0.09999999999999787,-3.599999999999998,-5.700000000000001
2026-08-08 20:00:00+00:00,2026-08-09T03:00:00+07:00,11.6,6.5,596.0,58.0,24.4,20.0,-0.8660254037844386,0.5000000000000001,17.3,20.9,20.8,58.0,58.0,57.0,24.2,24.1,24.5,3.915311822405536,-3.599999999999998,-5.700000000000001,-2.9000000000000004
2026-08-08 21:00:00+00:00,2026-08-09T04:00:00+07:00,8.7,5.5,537.0,58.0,24.2,21.0,-0.7071067811865477,0.7071067811865474,11.6,17.3,20.9,58.0,58.0,58.0,24.4,24.2,24.1,5.360845704426561,-5.700000000000001,-2.9000000000000004,4.5
2026-08-08 22:00:00+00:00,2026-08-09T05:00:00+07:00,13.2,8.5,652.0,59.0,23.8,22.0,-0.5000000000000004,0.8660254037844384,8.7,11.6,17.3,58.0,58.0,58.0,24.2,24.4,24.2,6.407703696853411,-2.9000000000000004,4.5,17.6
2026-08-08 23:00:00+00:00,2026-08-09T06:00:00+07:00,30.8,20.9,1198.0,59.0,23.7,23.0,-0.25881904510252157,0.9659258262890681,13.2,8.7,11.6,59.0,58.0,58.0,23.8,24.2,24.4,5.043576773151074,4.5,17.6,4.4999999999999964
2026-08-09 00:00:00+00:00,2026-08-09T07:00:00+07:00,35.3,24.0,1401.0,58.0,24.2,0.0,0.0,1.0,30.8,13.2,8.7,59.0,59.0,58.0,23.7,23.8,24.2,7.9773220235031825,17.6,4.4999999999999964,11.700000000000003
2026-08-09 01:00:00+00:00,2026-08-09T08:00:00+07:00,47.0,31.2,2146.0,54.0,25.1,1.0,0.25881904510252074,0.9659258262890683,35.3,30.8,13.2,58.0,59.0,59.0,24.2,23.7,23.8,10.962739925158708,4.4999999999999964,11.700000000000003,5.700000000000003
2026-08-09 02:00:00+00:00,2026-08-09T09:00:00+07:00,52.7,34.3,2547.0,49.0,26.3,2.0,0.49999999999999994,0.8660254037844387,47.0,35.3,30.8,54.0,58.0,59.0,25.1,24.2,23.7,15.532503554374887,11.700000000000003,5.700000000000003,-3.6000000000000014
2026-08-09 03:00:00+00:00,2026-08-09T10:00:00+07:00,49.1,32.2,2282.0,46.0,27.6,3.0,0.7071067811865475,0.7071067811865476,52.7,47.0,35.3,49.0,54.0,58.0,26.3,25.1,24.2,17.65824642105405,5.700000000000003,-3.6000000000000014,-0.8000000000000043
2026-08-09 04:00:00+00:00,2026-08-09T11:00:00+07:00,48.3,32.2,2277.0,42.0,29.2,4.0,0.8660254037844386,0.5000000000000001,49.1,52.7,47.0,46.0,49.0,54.0,27.6,26.3,25.1,14.795055480351124,-3.6000000000000014,-0.8000000000000043,-1.8999999999999986
2026-08-09 05:00:00+00:00,2026-08-09T12:00:00+07:00,46.4,31.1,2139.0,38.0,31.1,5.0,0.9659258262890683,0.25881904510252074,48.3,49.1,52.7,42.0,46.0,49.0,29.2,27.6,26.3,8.706472687987228,-0.8000000000000043,-1.8999999999999986,-2.0
2026-08-09 06:00:00+00:00,2026-08-09T13:00:00+07:00,44.4,29.9,1996.0,34.0,32.7,6.0,1.0,6.123233995736766e-17,46.4,48.3,49.1,38.0,42.0,46.0,31.1,29.2,27.6,5.901412260354923,-1.8999999999999986,-2.0,-1.1000000000000014
2026-08-09 07:00:00+00:00,2026-08-09T14:00:00+07:00,43.3,29.4,1955.0,34.0,33.4,7.0,0.9659258262890683,-0.25881904510252063,44.4,46.4,48.3,34.0,38.0,42.0,32.7,31.1,29.2,2.8251843597661557,-2.0,-1.1000000000000014,-0.5
2026-08-09 08:00:00+00:00,2026-08-09T15:00:00+07:00,42.8,29.2,1939.0,38.0,32.0,8.0,0.8660254037844387,-0.4999999999999998,43.3,44.4,46.4,34.0,34.0,38.0,33.4,32.7,31.1,3.4232538127733605,-1.1000000000000014,-0.5,-17.999999999999996
2026-08-09 09:00:00+00:00,2026-08-09T16:00:00+07:00,24.8,17.6,934.0,44.0,29.1,9.0,0.7071067811865476,-0.7071067811865475,42.8,43.3,44.4,38.0,34.0,34.0,32.0,33.4,32.7,2.6331856498673734,-0.5,-17.999999999999996,4.599999999999998
2026-08-09 10:00:00+00:00,2026-08-09T17:00:00+07:00,29.4,21.0,1121.0,47.0,27.6,10.0,0.49999999999999994,-0.8660254037844387,24.8,42.8,43.3,44.0,38.0,34.0,29.1,32.0,33.4,8.512500611845367,-17.999999999999996,4.599999999999998,0.5
2026-08-09 11:00:00+00:00,2026-08-09T18:00:00+07:00,29.9,21.3,1148.0,49.0,26.3,11.0,0.258819045102521,-0.9659258262890682,29.4,24.8,42.8,47.0,44.0,38.0,27.6,29.1,32.0,9.0470805604166,4.599999999999998,0.5,-2.8999999999999986
2026-08-09 12:00:00+00:00,2026-08-09T19:00:00+07:00,27.0,18.4,1023.0,52.0,25.4,12.0,1.2246467991473532e-16,-1.0,29.9,29.4,24.8,49.0,47.0,44.0,26.3,27.6,29.1,8.671485839616421,0.5,-2.8999999999999986,-0.6000000000000014
2026-08-09 13:00:00+00:00,2026-08-09T20:00:00+07:00,26.4,18.9,1000.0,53.0,25.2,13.0,-0.2588190451025208,-0.9659258262890683,27.0,29.9,29.4,52.0,49.0,47.0,25.4,26.3,27.6,8.097324661063574,-2.8999999999999986,-0.6000000000000014,1.0
2026-08-09 14:00:00+00:00,2026-08-09T21:00:00+07:00,27.4,19.2,1031.0,55.0,24.9,14.0,-0.4999999999999997,-0.8660254037844388,26.4,27.0,29.9,53.0,52.0,49.0,25.2,25.4,26.3,6.529854515990526,-0.6000000000000014,1.0,2.200000000000003
2026-08-09 15:00:00+00:00,2026-08-09T22:00:00+07:00,29.6,21.0,1115.0,56.0,24.9,15.0,-0.7071067811865471,-0.7071067811865479,27.4,26.4,27.0,55.0,53.0,52.0,24.9,25.2,25.4,1.9041183436616376,1.0,2.200000000000003,-7.900000000000002
2026-08-09 16:00:00+00:00,2026-08-09T23:00:00+07:00,21.7,12.9,816.0,56.0,24.8,16.0,-0.8660254037844384,-0.5000000000000004,29.6,27.4,26.4,56.0,55.0,53.0,24.9,24.9,25.2,1.5210741818427802,2.200000000000003,-7.900000000000002,-1.6999999999999993
2026-08-09 17:00:00+00:00,2026-08-10T00:00:00+07:00,20.0,10.7,765.0,57.0,24.6,17.0,-0.9659258262890683,-0.25881904510252063,21.7,29.6,27.4,56.0,56.0,55.0,24.8,24.9,24.9,2.9590539028551195,-7.900000000000002,-1.6999999999999993,3.1000000000000014
2026-08-09 18:00:00+00:00,2026-08-10T01:00:00+07:00,23.1,14.5,857.0,56.0,24.6,18.0,-1.0,-1.8369701987210297e-16,20.0,21.7,29.6,57.0,56.0,56.0,24.6,24.8,24.9,3.6887667315787587,-1.6999999999999993,3.1000000000000014,-4.5
2026-08-09 19:00:00+00:00,2026-08-10T02:00:00+07:00,18.6,10.1,733.0,56.0,24.6,19.0,-0.9659258262890684,0.2588190451025203,23.1,20.0,21.7,56.0,57.0,56.0,24.6,24.6,24.8,3.6834766186311385,3.1000000000000014,-4.5,10.7
2026-08-09 20:00:00+00:00,2026-08-10T03:00:00+07:00,29.3,18.9,1088.0,55.0,23.8,20.0,-0.8660254037844386,0.5000000000000001,18.6,23.1,20.0,56.0,56.0,57.0,24.6,24.6,24.6,4.289988344972791,-4.5,10.7,5.300000000000001
2026-08-09 21:00:00+00:00,2026-08-10T04:00:00+07:00,34.6,23.3,1325.0,55.0,23.2,21.0,-0.7071067811865477,0.7071067811865474,29.3,18.6,23.1,55.0,56.0,56.0,23.8,24.6,24.6,4.695281319225615,10.7,5.300000000000001,1.6000000000000014
2026-08-09 22:00:00+00:00,2026-08-10T05:00:00+07:00,36.2,24.3,1410.0,56.0,22.8,22.0,-0.5000000000000004,0.8660254037844384,34.6,29.3,18.6,55.0,55.0,56.0,23.2,23.8,24.6,6.162710442654457,5.300000000000001,1.6000000000000014,11.199999999999996
2026-08-09 23:00:00+00:00,2026-08-10T06:00:00+07:00,47.4,30.9,2125.0,54.0,23.0,23.0,-0.25881904510252157,0.9659258262890681,36.2,34.6,29.3,56.0,55.0,55.0,22.8,23.2,23.8,7.516027319446674,1.6000000000000014,11.199999999999996,3.8000000000000043
2026-08-10 00:00:00+00:00,2026-08-10T07:00:00+07:00,51.2,33.1,2405.0,53.0,23.9,0.0,0.0,1.0,47.4,36.2,34.6,54.0,56.0,55.0,23.0,22.8,23.2,10.259759581328812,11.199999999999996,3.8000000000000043,7.0
2026-08-10 01:00:00+00:00,2026-08-10T08:00:00+07:00,58.2,37.0,2777.0,53.0,24.9,1.0,0.25881904510252074,0.9659258262890683,51.2,47.4,36.2,53.0,54.0,56.0,23.9,23.0,22.8,11.919465871701968,3.8000000000000043,7.0,9.299999999999997
2026-08-10 02:00:00+00:00,2026-08-10T09:00:00+07:00,67.5,42.2,3162.0,50.0,26.4,2.0,0.49999999999999994,0.8660254037844387,58.2,51.2,47.4,53.0,53.0,54.0,24.9,23.9,23.0,11.152832226240445,7.0,9.299999999999997,-3.200000000000003
2026-08-10 03:00:00+00:00,2026-08-10T10:00:00+07:00,64.3,41.7,3145.0,46.0,27.9,3.0,0.7071067811865475,0.7071067811865476,67.5,58.2,51.2,50.0,53.0,53.0,26.4,24.9,23.9,12.690849722011004,9.299999999999997,-3.200000000000003,-3.0999999999999943
2026-08-10 04:00:00+00:00,2026-08-10T11:00:00+07:00,61.2,40.6,3052.0,43.0,29.1,4.0,0.8660254037844386,0.5000000000000001,64.3,67.5,58.2,46.0,50.0,53.0,27.9,26.4,24.9,11.611316319292415,-3.200000000000003,-3.0999999999999943,-1.3000000000000043
2026-08-10 05:00:00+00:00,2026-08-10T12:00:00+07:00,59.9,39.8,2973.0,39.0,31.0,5.0,0.9659258262890683,0.25881904510252074,61.2,64.3,67.5,43.0,46.0,50.0,29.1,27.9,26.4,7.723729669013498,-3.0999999999999943,-1.3000000000000043,6.699999999999996
2026-08-10 06:00:00+00:00,2026-08-10T13:00:00+07:00,66.6,44.5,3318.0,37.0,32.5,6.0,1.0,6.123233995736766e-17,59.9,61.2,64.3,39.0,43.0,46.0,31.0,29.1,27.9,5.585487146764001,-1.3000000000000043,6.699999999999996,-0.3999999999999915
2026-08-10 07:00:00+00:00,2026-08-10T14:00:00+07:00,66.2,44.2,3299.0,39.0,32.8,7.0,0.9659258262890683,-0.25881904510252063,66.6,59.9,61.2,37.0,39.0,43.0,32.5,31.0,29.1,3.7623131182822864,6.699999999999996,-0.3999999999999915,-9.400000000000006
2026-08-10 08:00:00+00:00,2026-08-10T15:00:00+07:00,56.8,38.3,2879.0,34.0,35.1,8.0,0.8660254037844387,-0.4999999999999998,66.2,66.6,59.9,39.0,37.0,39.0,32.8,32.5,31.0,3.101881149667982,-0.3999999999999915,-9.400000000000006,-22.299999999999997
2026-08-10 09:00:00+00:00,2026-08-10T16:00:00+07:00,34.5,23.8,1376.0,43.0,29.6,9.0,0.7071067811865476,-0.7071067811865475,56.8,66.2,66.6,34.0,39.0,37.0,35.1,32.8,32.5,3.864712149694852,-9.400000000000006,-22.299999999999997,-3.5
2026-08-10 10:00:00+00:00,2026-08-10T17:00:00+07:00,31.0,21.6,1174.0,48.0,27.3,10.0,0.49999999999999994,-0.8660254037844387,34.5,56.8,66.2,43.0,34.0,39.0,29.6,35.1,32.8,11.89481679836499,-22.299999999999997,-3.5,0.6000000000000014
2026-08-10 11:00:00+00:00,2026-08-10T18:00:00+07:00,31.6,21.8,1192.0,51.0,26.1,11.0,0.258819045102521,-0.9659258262890682,31.0,34.5,56.8,48.0,43.0,34.0,27.3,29.6,35.1,15.786069808536881,-3.5,0.6000000000000014,4.399999999999999
2026-08-10 12:00:00+00:00,2026-08-10T19:00:00+07:00,36.0,24.5,1446.0,54.0,25.5,12.0,1.2246467991473532e-16,-1.0,31.6,31.0,34.5,51.0,48.0,43.0,26.1,27.3,29.6,17.28911989277264,0.6000000000000014,4.399999999999999,5.100000000000001
2026-08-10 13:00:00+00:00,2026-08-10T20:00:00+07:00,41.1,27.8,1759.0,56.0,25.1,13.0,-0.2588190451025208,-0.9659258262890683,36.0,31.6,31.0,54.0,51.0,48.0,25.5,26.1,27.3,14.98858454513524,4.399999999999999,5.100000000000001,2.799999999999997
2026-08-10 14:00:00+00:00,2026-08-10T21:00:00+07:00,43.9,29.6,1956.0,57.0,24.9,14.0,-0.4999999999999997,-0.8660254037844388,41.1,36.0,31.6,56.0,54.0,51.0,25.1,25.5,26.1,9.672228285147147,5.100000000000001,2.799999999999997,0.0
2026-08-10 15:00:00+00:00,2026-08-10T22:00:00+07:00,43.9,29.0,1892.0,58.0,24.5,15.0,-0.7071067811865471,-0.7071067811865479,43.9,41.1,36.0,57.0,56.0,54.0,24.9,25.1,25.5,5.182566931550493,2.799999999999997,0.0,2.8999999999999986
2026-08-10 16:00:00+00:00,2026-08-10T23:00:00+07:00,46.8,30.2,2050.0,59.0,24.3,16.0,-0.8660254037844384,-0.5000000000000004,43.9,43.9,41.1,58.0,57.0,56.0,24.5,24.9,25.1,5.884697669945948,0.0,2.8999999999999986,-3.0
2026-08-10 17:00:00+00:00,2026-08-11T00:00:00+07:00,43.8,28.2,1801.0,59.0,24.7,17.0,-0.9659258262890683,-0.25881904510252063,46.8,43.9,43.9,59.0,58.0,57.0,24.3,24.5,24.9,5.702894002171219,2.8999999999999986,-3.0,-7.799999999999997
2026-08-10 18:00:00+00:00,2026-08-11T01:00:00+07:00,36.0,23.5,1350.0,58.0,24.7,18.0,-1.0,-1.8369701987210297e-16,43.8,46.8,43.9,59.0,59.0,58.0,24.7,24.3,24.5,3.6950868280281375,-3.0,-7.799999999999997,-4.899999999999999
2026-08-10 19:00:00+00:00,2026-08-11T02:00:00+07:00,31.1,21.1,1134.0,58.0,24.4,19.0,-0.9659258262890684,0.2588190451025203,36.0,43.8,46.8,58.0,59.0,59.0,24.7,24.7,24.3,3.6950868280281375,-7.799999999999997,-4.899999999999999,7.699999999999996
2026-08-10 20:00:00+00:00,2026-08-11T03:00:00+07:00,38.8,25.3,1521.0,59.0,23.8,20.0,-0.8660254037844386,0.5000000000000001,31.1,36.0,43.8,58.0,58.0,59.0,24.4,24.7,24.7,6.021101781789372,-4.899999999999999,7.699999999999996,5.800000000000004
2026-08-10 21:00:00+00:00,2026-08-11T04:00:00+07:00,44.6,28.6,1843.0,59.0,23.7,21.0,-0.7071067811865477,0.7071067811865474,38.8,31.1,36.0,59.0,58.0,58.0,23.8,24.4,24.7,5.873897059590608,7.699999999999996,5.800000000000004,5.199999999999996
2026-08-10 22:00:00+00:00,2026-08-11T05:00:00+07:00,49.8,32.2,2275.0,57.0,23.1,22.0,-0.5000000000000004,0.8660254037844384,44.6,38.8,31.1,59.0,59.0,58.0,23.7,23.8,24.4,5.971404078327575,5.800000000000004,5.199999999999996,13.700000000000003
2026-08-10 23:00:00+00:00,2026-08-11T06:00:00+07:00,63.5,39.0,2936.0,55.0,23.0,23.0,-0.25881904510252157,0.9659258262890681,49.8,44.6,38.8,57.0,59.0,59.0,23.1,23.7,23.8,6.715479630426048,5.199999999999996,13.700000000000003,-4.700000000000003
2026-08-11 00:00:00+00:00,2026-08-11T07:00:00+07:00,58.8,36.7,2724.0,57.0,23.8,0.0,0.0,1.0,63.5,49.8,44.6,55.0,57.0,59.0,23.0,23.1,23.7,11.590455843782287,13.700000000000003,-4.700000000000003,-6.699999999999996
2026-08-11 01:00:00+00:00,2026-08-11T08:00:00+07:00,52.1,33.6,2478.0,53.0,25.3,1.0,0.25881904510252074,0.9659258262890683,58.8,63.5,49.8,57.0,55.0,57.0,23.8,23.0,23.1,12.178779358649484,-4.700000000000003,-6.699999999999996,13.899999999999999
2026-08-11 02:00:00+00:00,2026-08-11T09:00:00+07:00,66.0,42.3,3169.0,49.0,26.6,2.0,0.49999999999999994,0.8660254037844387,52.1,58.8,63.5,53.0,57.0,55.0,25.3,23.8,23.0,9.04558824326348,-6.699999999999996,13.899999999999999,-15.700000000000003
2026-08-11 03:00:00+00:00,2026-08-11T10:00:00+07:00,50.3,32.9,2310.0,45.0,27.8,3.0,0.7071067811865475,0.7071067811865476,66.0,52.1,58.8,49.0,53.0,57.0,26.6,25.3,23.8,8.33618617834316,13.899999999999999,-15.700000000000003,-10.599999999999994
2026-08-11 04:00:00+00:00,2026-08-11T11:00:00+07:00,39.7,26.7,1632.0,41.0,29.0,4.0,0.8660254037844386,0.5000000000000001,50.3,66.0,52.1,45.0,49.0,53.0,27.8,26.6,25.3,7.02645002828594,-15.700000000000003,-10.599999999999994,-0.4000000000000057
2026-08-11 05:00:00+00:00,2026-08-11T12:00:00+07:00,39.3,26.5,1632.0,38.0,30.6,5.0,0.9659258262890683,0.25881904510252074,39.7,50.3,66.0,41.0,45.0,49.0,29.0,27.8,26.6,9.718573283495177,-10.599999999999994,-0.4000000000000057,-1.0999999999999943
2026-08-11 06:00:00+00:00,2026-08-11T13:00:00+07:00,38.2,26.0,1561.0,36.0,31.1,6.0,1.0,6.123233995736766e-17,39.3,39.7,50.3,38.0,41.0,45.0,30.6,29.0,27.8,10.508219005457896,-0.4000000000000057,-1.0999999999999943,6.099999999999994
2026-08-11 07:00:00+00:00,2026-08-11T14:00:00+07:00,44.3,29.7,1953.0,36.0,32.3,7.0,0.9659258262890683,-0.25881904510252063,38.2,39.3,39.7,36.0,38.0,41.0,31.1,30.6,29.0,10.82367774834414,-1.0999999999999943,6.099999999999994,24.60000000000001
2026-08-11 08:00:00+00:00,2026-08-11T15:00:00+07:00,68.9,45.0,3376.0,42.0,30.3,8.0,0.8660254037844387,-0.4999999999999998,44.3,38.2,39.3,36.0,36.0,38.0,32.3,31.1,30.6,10.64199229467867,6.099999999999994,24.60000000000001,-29.200000000000003
2026-08-11 09:00:00+00:00,2026-08-11T16:00:00+07:00,39.7,26.7,1660.0,43.0,28.3,9.0,0.7071067811865476,-0.7071067811865475,68.9,44.3,38.2,42.0,36.0,36.0,30.3,32.3,31.1,11.726281024547674,24.60000000000001,-29.200000000000003,-9.000000000000004
2026-08-11 10:00:00+00:00,2026-08-11T17:00:00+07:00,30.7,21.0,1128.0,46.0,27.0,10.0,0.49999999999999994,-0.8660254037844387,39.7,68.9,44.3,43.0,42.0,36.0,28.3,30.3,32.3,11.887878980990132,-29.200000000000003,-9.000000000000004,-0.8000000000000007
2026-08-11 11:00:00+00:00,2026-08-11T18:00:00+07:00,29.9,20.6,1128.0,49.0,26.0,11.0,0.258819045102521,-0.9659258262890682,30.7,39.7,68.9,46.0,43.0,42.0,27.0,28.3,30.3,13.189452856986415,-9.000000000000004,-0.8000000000000007,-0.7999999999999972
2026-08-11 12:00:00+00:00,2026-08-11T19:00:00+07:00,29.1,19.8,1098.0,49.0,25.2,12.0,1.2246467991473532e-16,-1.0,29.9,30.7,39.7,49.0,46.0,43.0,26.0,27.0,28.3,14.301853026793436,-0.8000000000000007,-0.7999999999999972,-3.5
2026-08-11 13:00:00+00:00,2026-08-11T20:00:00+07:00,25.6,18.0,950.0,51.0,24.7,13.0,-0.2588190451025208,-0.9659258262890683,29.1,29.9,30.7,49.0,49.0,46.0,25.2,26.0,27.0,15.231371135477834,-0.7999999999999972,-3.5,2.599999999999998
2026-08-11 14:00:00+00:00,2026-08-11T21:00:00+07:00,28.2,20.1,1051.0,53.0,24.2,14.0,-0.4999999999999997,-0.8660254037844388,25.6,29.1,29.9,51.0,49.0,49.0,24.7,25.2,26.0,16.166436424477336,-3.5,2.599999999999998,2.1999999999999993
2026-08-11 15:00:00+00:00,2026-08-11T22:00:00+07:00,30.4,21.5,1161.0,54.0,23.9,15.0,-0.7071067811865471,-0.7071067811865479,28.2,25.6,29.1,53.0,51.0,49.0,24.2,24.7,25.2,4.822723988231964,2.599999999999998,2.1999999999999993,11.100000000000001
2026-08-11 16:00:00+00:00,2026-08-11T23:00:00+07:00,41.5,27.9,1833.0,55.0,23.5,16.0,-0.8660254037844384,-0.5000000000000004,30.4,28.2,25.6,54.0,53.0,51.0,23.9,24.2,24.7,1.8904144166473429,2.1999999999999993,11.100000000000001,-15.3
2026-08-11 17:00:00+00:00,2026-08-12T00:00:00+07:00,26.2,17.9,970.0,57.0,23.2,17.0,-0.9659258262890683,-0.25881904510252063,41.5,30.4,28.2,55.0,54.0,53.0,23.5,23.9,24.2,5.516309152564601,11.100000000000001,-15.3,34.099999999999994
2026-08-11 18:00:00+00:00,2026-08-12T01:00:00+07:00,60.3,37.6,2582.0,58.0,23.0,18.0,-1.0,-1.8369701987210297e-16,26.2,41.5,30.4,57.0,55.0,54.0,23.2,23.5,23.9,5.832552328669501,-15.3,34.099999999999994,72.3
2026-08-11 19:00:00+00:00,2026-08-12T02:00:00+07:00,132.6,73.9,5331.0,59.0,22.6,19.0,-0.9659258262890684,0.2588190451025203,60.3,26.2,41.5,58.0,57.0,55.0,23.0,23.2,23.5,13.525777858099978,34.099999999999994,72.3,-47.0
2026-08-11 20:00:00+00:00,2026-08-12T03:00:00+07:00,85.6,50.4,3571.0,59.0,22.2,20.0,-0.8660254037844386,0.5000000000000001,132.6,60.3,26.2,59.0,58.0,57.0,22.6,23.0,23.2,40.90354507863591,72.3,-47.0,10.800000000000011
2026-08-11 21:00:00+00:00,2026-08-12T04:00:00+07:00,96.4,56.6,4219.0,59.0,22.0,21.0,-0.7071067811865477,0.7071067811865474,85.6,132.6,60.3,59.0,59.0,58.0,22.2,22.6,23.0,40.5983579306684,-47.0,10.800000000000011,-26.900000000000006
2026-08-11 22:00:00+00:00,2026-08-12T05:00:00+07:00,69.5,43.2,3189.0,59.0,21.6,22.0,-0.5000000000000004,0.8660254037844384,96.4,85.6,132.6,59.0,59.0,59.0,22.0,22.2,22.6,38.98392831240413,10.800000000000011,-26.900000000000006,-16.9
2026-08-11 23:00:00+00:00,2026-08-12T06:00:00+07:00,52.6,34.0,2515.0,55.0,22.0,23.0,-0.25881904510252157,0.9659258262890681,69.5,96.4,85.6,59.0,59.0,59.0,21.6,22.0,22.2,35.903017514780906,-26.900000000000006,-16.9,5.699999999999996
2026-08-12 00:00:00+00:00,2026-08-12T07:00:00+07:00,58.3,37.9,2811.0,52.0,22.7,0.0,0.0,1.0,52.6,69.5,96.4,55.0,59.0,59.0,22.0,21.6,22.0,29.216479368100877,-16.9,5.699999999999996,-8.399999999999999
2026-08-12 01:00:00+00:00,2026-08-12T08:00:00+07:00,49.9,32.7,2365.0,49.0,24.4,1.0,0.25881904510252074,0.9659258262890683,58.3,52.6,69.5,52.0,55.0,59.0,22.7,22.0,21.6,29.534657607631036,5.699999999999996,-8.399999999999999,-5.299999999999997
2026-08-12 02:00:00+00:00,2026-08-12T09:00:00+07:00,44.6,29.5,1971.0,44.0,26.5,2.0,0.49999999999999994,0.8660254037844387,49.9,58.3,52.6,49.0,52.0,55.0,24.4,22.7,22.0,18.837984676357113,-8.399999999999999,-5.299999999999997,9.799999999999997
2026-08-12 03:00:00+00:00,2026-08-12T10:00:00+07:00,54.4,36.2,2728.0,42.0,28.2,3.0,0.7071067811865475,0.7071067811865476,44.6,49.9,58.3,44.0,49.0,52.0,26.5,24.4,22.7,18.924842579706336,-5.299999999999997,9.799999999999997,-8.0
2026-08-12 04:00:00+00:00,2026-08-12T11:00:00+07:00,46.4,30.9,2135.0,38.0,30.3,4.0,0.8660254037844386,0.5000000000000001,54.4,44.6,49.9,42.0,44.0,49.0,28.2,26.5,24.4,8.501156784030416,9.799999999999997,-8.0,1.1000000000000014
2026-08-12 05:00:00+00:00,2026-08-12T12:00:00+07:00,47.5,31.9,2266.0,36.0,31.8,5.0,0.9659258262890683,0.25881904510252074,46.4,54.4,44.6,38.0,42.0,44.0,30.3,28.2,26.5,5.113381138411905,-8.0,1.1000000000000014,-1.8999999999999986
2026-08-12 06:00:00+00:00,2026-08-12T13:00:00+07:00,45.6,31.0,2157.0,34.0,33.2,6.0,1.0,6.123233995736766e-17,47.5,46.4,54.4,36.0,38.0,42.0,31.8,30.3,28.2,5.223568384415645,1.1000000000000014,-1.8999999999999986,-7.600000000000001
2026-08-12 07:00:00+00:00,2026-08-12T14:00:00+07:00,38.0,26.6,1627.0,32.0,34.0,7.0,0.9659258262890683,-0.25881904510252063,45.6,47.5,46.4,34.0,36.0,38.0,33.2,31.8,30.3,3.596479760358294,-1.8999999999999986,-7.600000000000001,-4.5
2026-08-12 08:00:00+00:00,2026-08-12T15:00:00+07:00,33.5,23.6,1368.0,28.0,36.4,8.0,0.8660254037844387,-0.4999999999999998,38.0,45.6,47.5,32.0,34.0,36.0,34.0,33.2,31.8,5.273487144828079,-7.600000000000001,-4.5,-1.6000000000000014
2026-08-12 09:00:00+00:00,2026-08-12T16:00:00+07:00,31.9,22.4,1266.0,35.0,31.7,9.0,0.7071067811865476,-0.7071067811865475,33.5,38.0,45.6,28.0,32.0,34.0,36.4,34.0,33.2,7.411522560625929,-4.5,-1.6000000000000014,6.300000000000004
2026-08-12 10:00:00+00:00,2026-08-12T17:00:00+07:00,38.2,25.8,1584.0,42.0,28.4,10.0,0.49999999999999994,-0.8660254037844387,31.9,33.5,38.0,35.0,28.0,32.0,31.7,36.4,34.0,6.914164205937506,-1.6000000000000014,6.300000000000004,4.399999999999999
2026-08-12 11:00:00+00:00,2026-08-12T18:00:00+07:00,42.6,28.4,1885.0,44.0,27.6,11.0,0.258819045102521,-0.9659258262890682,38.2,31.9,33.5,42.0,35.0,28.0,28.4,31.7,36.4,6.293303319137535,6.300000000000004,4.399999999999999,5.5
2026-08-12 12:00:00+00:00,2026-08-12T19:00:00+07:00,48.1,32.2,2252.0,48.0,26.9,12.0,1.2246467991473532e-16,-1.0,42.6,38.2,31.9,44.0,42.0,35.0,27.6,28.4,31.7,5.21306052142126,4.399999999999999,5.5,1.6999999999999957
2026-08-12 13:00:00+00:00,2026-08-12T20:00:00+07:00,49.8,33.1,2380.0,50.0,26.2,13.0,-0.2588190451025208,-0.9659258262890683,48.1,42.6,38.2,48.0,44.0,42.0,26.9,27.6,28.4,5.9596700132362646,5.5,1.6999999999999957,-6.299999999999997
2026-08-12 14:00:00+00:00,2026-08-12T21:00:00+07:00,43.5,29.3,1943.0,54.0,25.6,14.0,-0.4999999999999997,-0.8660254037844388,49.8,48.1,42.6,50.0,48.0,44.0,26.2,26.9,27.6,7.4391979854462384,1.6999999999999957,-6.299999999999997,1.6000000000000014
2026-08-12 15:00:00+00:00,2026-08-12T22:00:00+07:00,45.1,30.1,2015.0,56.0,25.3,15.0,-0.7071067811865471,-0.7071067811865479,43.5,49.8,48.1,54.0,50.0,48.0,25.6,26.2,26.9,6.578373659195758,-6.299999999999997,1.6000000000000014,22.9
2026-08-12 16:00:00+00:00,2026-08-12T23:00:00+07:00,68.0,44.4,3288.0,56.0,24.4,16.0,-0.8660254037844384,-0.5000000000000004,45.1,43.5,49.8,56.0,54.0,50.0,25.3,25.6,26.2,4.139927535597739,1.6000000000000014,22.9,10.900000000000006
2026-08-12 17:00:00+00:00,2026-08-13T00:00:00+07:00,78.9,51.0,3809.0,56.0,23.8,17.0,-0.9659258262890683,-0.25881904510252063,68.0,45.1,43.5,56.0,56.0,54.0,24.4,25.3,25.6,9.457994854442804,22.9,10.900000000000006,-4.5
2026-08-12 18:00:00+00:00,2026-08-13T01:00:00+07:00,74.4,47.4,3557.0,55.0,23.5,18.0,-1.0,-1.8369701987210297e-16,78.9,68.0,45.1,56.0,56.0,56.0,23.8,24.4,25.3,14.444329914075835,10.900000000000006,-4.5,-13.700000000000003
2026-08-12 19:00:00+00:00,2026-08-13T02:00:00+07:00,60.7,39.0,2944.0,56.0,23.0,19.0,-0.9659258262890684,0.2588190451025203,74.4,78.9,68.0,55.0,56.0,56.0,23.5,23.8,24.4,15.664322519662285,-4.5,-13.700000000000003,-1.5
2026-08-12 20:00:00+00:00,2026-08-13T03:00:00+07:00,59.2,38.0,2865.0,56.0,22.6,20.0,-0.8660254037844386,0.5000000000000001,60.7,74.4,78.9,56.0,55.0,56.0,23.0,23.5,23.8,14.863332959557404,-13.700000000000003,-1.5,11.799999999999997
2026-08-12 21:00:00+00:00,2026-08-13T04:00:00+07:00,71.0,44.1,3314.0,57.0,22.0,21.0,-0.7071067811865477,0.7071067811865474,59.2,60.7,74.4,56.0,56.0,55.0,22.6,23.0,23.5,12.13613062992753,-1.5,11.799999999999997,30.400000000000006
2026-08-12 22:00:00+00:00,2026-08-13T05:00:00+07:00,101.4,61.9,4602.0,60.0,21.8,22.0,-0.5000000000000004,0.8660254037844384,71.0,59.2,60.7,57.0,56.0,56.0,22.0,22.6,23.0,7.701428438932495,11.799999999999997,30.400000000000006,24.0
2026-08-12 23:00:00+00:00,2026-08-13T06:00:00+07:00,125.4,75.8,5605.0,58.0,22.1,23.0,-0.25881904510252157,0.9659258262890681,101.4,71.0,59.2,60.0,57.0,56.0,21.8,22.0,22.6,15.358602366968961,30.400000000000006,24.0,-16.30000000000001
2026-08-13 00:00:00+00:00,2026-08-13T07:00:00+07:00,109.1,67.6,5031.0,57.0,23.0,0.0,0.0,1.0,125.4,101.4,71.0,58.0,60.0,57.0,22.1,21.8,22.0,26.123584491157875,24.0,-16.30000000000001,-22.39999999999999
2026-08-13 01:00:00+00:00,2026-08-13T08:00:00+07:00,86.7,54.7,4075.0,54.0,24.6,1.0,0.25881904510252074,0.9659258262890683,109.1,125.4,101.4,57.0,58.0,60.0,23.0,22.1,21.8,27.881965497432155,-16.30000000000001,-22.39999999999999,-21.700000000000003
2026-08-13 02:00:00+00:00,2026-08-13T09:00:00+07:00,65.0,42.3,3174.0,49.0,26.3,2.0,0.49999999999999994,0.8660254037844387,86.7,109.1,125.4,54.0,57.0,58.0,24.6,23.0,22.1,24.662332952635758,-22.39999999999999,-21.700000000000003,-7.700000000000003
2026-08-13 03:00:00+00:00,2026-08-13T10:00:00+07:00,57.3,38.5,2894.0,43.0,28.2,3.0,0.7071067811865475,0.7071067811865476,65.0,86.7,109.1,49.0,54.0,57.0,26.3,24.6,23.0,23.182579666637555,-21.700000000000003,-7.700000000000003,-3.3999999999999986
2026-08-13 04:00:00+00:00,2026-08-13T11:00:00+07:00,53.9,36.2,2704.0,37.0,30.3,4.0,0.8660254037844386,0.5000000000000001,57.3,65.0,86.7,43.0,49.0,54.0,28.2,26.3,24.6,26.264456336780775,-7.700000000000003,-3.3999999999999986,-5.799999999999997
2026-08-13 05:00:00+00:00,2026-08-13T12:00:00+07:00,48.1,32.1,2296.0,31.0,32.5,5.0,0.9659258262890683,0.25881904510252074,53.9,57.3,65.0,37.0,43.0,49.0,30.3,28.2,26.3,29.407141989659547,-3.3999999999999986,-5.799999999999997,-1.1000000000000014
2026-08-13 06:00:00+00:00,2026-08-13T13:00:00+07:00,47.0,31.7,2247.0,29.0,34.0,6.0,1.0,6.123233995736766e-17,48.1,53.9,57.3,31.0,37.0,43.0,32.5,30.3,28.2,23.378658358996237,-5.799999999999997,-1.1000000000000014,2.3999999999999986
2026-08-13 07:00:00+00:00,2026-08-13T14:00:00+07:00,49.4,33.5,2449.0,34.0,34.0,7.0,0.9659258262890683,-0.25881904510252063,47.0,48.1,53.9,29.0,31.0,37.0,34.0,32.5,30.3,14.78061793926983,-1.1000000000000014,2.3999999999999986,-3.1999999999999957
2026-08-13 08:00:00+00:00,2026-08-13T15:00:00+07:00,46.2,31.3,2185.0,32.0,35.5,8.0,0.8660254037844387,-0.4999999999999998,49.4,47.0,48.1,34.0,29.0,31.0,34.0,34.0,32.5,6.8564568109190756,2.3999999999999986,-3.1999999999999957,2.5999999999999943
2026-08-13 09:00:00+00:00,2026-08-13T16:00:00+07:00,48.8,32.8,2365.0,39.0,31.7,9.0,0.7071067811865476,-0.7071067811865475,46.2,49.4,47.0,32.0,34.0,29.0,35.5,34.0,34.0,4.365966865044365,-3.1999999999999957,2.5999999999999943,1.6000000000000014
2026-08-13 10:00:00+00:00,2026-08-13T17:00:00+07:00,50.4,33.8,2483.0,45.0,28.8,10.0,0.49999999999999994,-0.8660254037844387,48.8,46.2,49.4,39.0,32.0,34.0,31.7,35.5,34.0,2.7129319932498692,2.5999999999999943,1.6000000000000014,-9.699999999999996
2026-08-13 11:00:00+00:00,2026-08-13T18:00:00+07:00,40.7,27.2,1688.0,48.0,27.4,11.0,0.258819045102521,-0.9659258262890682,50.4,48.8,46.2,45.0,39.0,32.0,28.8,31.7,35.5,1.5497311594806997,1.6000000000000014,-9.699999999999996,-0.4000000000000057
2026-08-13 12:00:00+00:00,2026-08-13T19:00:00+07:00,40.3,26.7,1659.0,53.0,26.1,12.0,1.2246467991473532e-16,-1.0,40.7,50.4,48.8,48.0,45.0,39.0,27.4,28.8,31.7,3.4885049328710167,-9.699999999999996,-0.4000000000000057,-3.3999999999999986
2026-08-13 13:00:00+00:00,2026-08-13T20:00:00+07:00,36.9,24.9,1472.0,55.0,25.5,13.0,-0.2588190451025208,-0.9659258262890683,40.3,40.7,50.4,53.0,48.0,45.0,26.1,27.4,28.8,4.458101240064591,-0.4000000000000057,-3.3999999999999986,-4.799999999999997
2026-08-13 14:00:00+00:00,2026-08-13T21:00:00+07:00,32.1,22.2,1218.0,54.0,25.6,14.0,-0.4999999999999997,-0.8660254037844388,36.9,40.3,40.7,55.0,53.0,48.0,25.5,26.1,27.4,5.361871563797989,-3.3999999999999986,-4.799999999999997,1.1000000000000014
2026-08-13 15:00:00+00:00,2026-08-13T22:00:00+07:00,33.2,22.4,1249.0,55.0,25.4,15.0,-0.7071067811865471,-0.7071067811865479,32.1,36.9,40.3,54.0,55.0,53.0,25.6,25.5,26.1,6.98703561366804,-4.799999999999997,1.1000000000000014,6.5
2026-08-13 16:00:00+00:00,2026-08-13T23:00:00+07:00,39.7,26.4,1599.0,57.0,24.8,16.0,-0.8660254037844384,-0.5000000000000004,33.2,32.1,36.9,55.0,54.0,55.0,25.4,25.6,25.5,6.635862164531866,1.1000000000000014,6.5,26.5
2026-08-13 17:00:00+00:00,2026-08-14T00:00:00+07:00,66.2,42.0,3059.0,59.0,24.2,17.0,-0.9659258262890683,-0.25881904510252063,39.7,33.2,32.1,57.0,55.0,54.0,24.8,25.4,25.6,3.7468653565345673,6.5,26.5,-2.700000000000003
2026-08-13 18:00:00+00:00,2026-08-14T01:00:00+07:00,63.5,40.0,2983.0,59.0,23.8,18.0,-1.0,-1.8369701987210297e-16,66.2,39.7,33.2,59.0,57.0,55.0,24.2,24.8,25.4,12.594602018325109,26.5,-2.700000000000003,-5.899999999999999
2026-08-13 19:00:00+00:00,2026-08-14T02:00:00+07:00,57.6,36.0,2700.0,58.0,23.5,19.0,-0.9659258262890684,0.2588190451025203,63.5,66.2,39.7,59.0,59.0,57.0,23.8,24.2,24.8,15.431223757909335,-2.700000000000003,-5.899999999999999,-4.0
2026-08-13 20:00:00+00:00,2026-08-14T03:00:00+07:00,53.6,34.1,2470.0,58.0,23.9,20.0,-0.8660254037844386,0.5000000000000001,57.6,63.5,66.2,58.0,59.0,59.0,23.5,23.8,24.2,15.500376339517228,-5.899999999999999,-4.0,9.399999999999999
2026-08-13 21:00:00+00:00,2026-08-14T04:00:00+07:00,63.0,38.9,2947.0,58.0,24.0,21.0,-0.7071067811865477,0.7071067811865474,53.6,57.6,63.5,58.0,58.0,59.0,23.9,23.5,23.8,13.206059215375298,-4.0,9.399999999999999,15.900000000000006
2026-08-13 22:00:00+00:00,2026-08-14T05:00:00+07:00,78.9,48.2,3636.0,59.0,23.5,22.0,-0.5000000000000004,0.8660254037844384,63.0,53.6,57.6,58.0,58.0,58.0,24.0,23.9,23.5,9.73317351466959,9.399999999999999,15.900000000000006,6.299999999999997
2026-08-13 23:00:00+00:00,2026-08-14T06:00:00+07:00,85.2,52.0,3894.0,60.0,23.4,23.0,-0.25881904510252157,0.9659258262890681,78.9,63.0,53.6,59.0,58.0,58.0,23.5,24.0,23.9,8.683087008662238,15.900000000000006,6.299999999999997,-3.700000000000003
2026-08-14 00:00:00+00:00,2026-08-14T07:00:00+07:00,81.5,50.7,3792.0,58.0,24.3,0.0,0.0,1.0,85.2,78.9,63.0,60.0,59.0,58.0,23.4,23.5,24.0,12.40172031077405,6.299999999999997,-3.700000000000003,-10.700000000000003
2026-08-14 01:00:00+00:00,2026-08-14T08:00:00+07:00,70.8,43.9,3310.0,54.0,25.7,1.0,0.25881904510252074,0.9659258262890683,81.5,85.2,78.9,58.0,60.0,59.0,24.3,23.4,23.5,13.521932800700704,-3.700000000000003,-10.700000000000003,13.299999999999997
2026-08-14 02:00:00+00:00,2026-08-14T09:00:00+07:00,84.1,52.6,3949.0,50.0,27.1,2.0,0.49999999999999994,0.8660254037844387,70.8,81.5,85.2,54.0,58.0,60.0,25.7,24.3,23.4,12.107298074577399,-10.700000000000003,13.299999999999997,-8.199999999999989
2026-08-14 03:00:00+00:00,2026-08-14T10:00:00+07:00,75.9,48.8,3652.0,46.0,28.5,3.0,0.7071067811865475,0.7071067811865476,84.1,70.8,81.5,50.0,54.0,58.0,27.1,25.7,24.3,8.666891022736985,13.299999999999997,-8.199999999999989,-15.400000000000006
2026-08-14 04:00:00+00:00,2026-08-14T11:00:00+07:00,60.5,39.8,2959.0,43.0,29.9,4.0,0.8660254037844386,0.5000000000000001,75.9,84.1,70.8,46.0,50.0,54.0,28.5,27.1,25.7,5.4147945482722575,-8.199999999999989,-15.400000000000006,-13.0
2026-08-14 05:00:00+00:00,2026-08-14T12:00:00+07:00,47.5,31.8,2213.0,40.0,31.1,5.0,0.9659258262890683,0.25881904510252074,60.5,75.9,84.1,43.0,46.0,50.0,29.9,28.5,27.1,9.456567382864964,-15.400000000000006,-13.0,-6.600000000000001
2026-08-14 06:00:00+00:00,2026-08-14T13:00:00+07:00,40.9,27.7,1737.0,39.0,31.8,6.0,1.0,6.123233995736766e-17,47.5,60.5,75.9,40.0,43.0,46.0,31.1,29.9,28.5,13.87800417927587,-13.0,-6.600000000000001,-4.199999999999996
2026-08-14 07:00:00+00:00,2026-08-14T14:00:00+07:00,36.7,25.1,1479.0,41.0,31.4,7.0,0.9659258262890683,-0.25881904510252063,40.9,47.5,60.5,39.0,40.0,43.0,31.8,31.1,29.9,16.774315684005263,-6.600000000000001,-4.199999999999996,-0.9000000000000057
2026-08-14 08:00:00+00:00,2026-08-14T15:00:00+07:00,35.8,24.3,1421.0,44.0,30.2,8.0,0.8660254037844387,-0.4999999999999998,36.7,40.9,47.5,41.0,39.0,40.0,31.4,31.8,31.1,19.304196434972322,-4.199999999999996,-0.9000000000000057,3.6000000000000014
2026-08-14 09:00:00+00:00,2026-08-14T16:00:00+07:00,39.4,26.3,1616.0,49.0,27.5,9.0,0.7071067811865476,-0.7071067811865475,35.8,36.7,40.9,44.0,41.0,39.0,30.2,31.4,31.8,15.79515748576119,-0.9000000000000057,3.6000000000000014,3.8000000000000043
2026-08-14 10:00:00+00:00,2026-08-14T17:00:00+07:00,43.2,28.4,1827.0,52.0,26.5,10.0,0.49999999999999994,-0.8660254037844387,39.4,35.8,36.7,49.0,44.0,41.0,27.5,30.2,31.4,9.317653495739371,3.6000000000000014,3.8000000000000043,-1.1000000000000014
2026-08-14 11:00:00+00:00,2026-08-14T18:00:00+07:00,42.1,27.7,1766.0,54.0,25.8,11.0,0.258819045102521,-0.9659258262890682,43.2,39.4,35.8,52.0,49.0,44.0,26.5,27.5,30.2,4.339316382411401,3.8000000000000043,-1.1000000000000014,-1.0
2026-08-14 12:00:00+00:00,2026-08-14T19:00:00+07:00,41.1,27.2,1704.0,55.0,25.4,12.0,1.2246467991473532e-16,-1.0,42.1,43.2,39.4,54.0,52.0,49.0,25.8,26.5,27.5,2.957983547395748,-1.1000000000000014,-1.0,2.0
2026-08-14 13:00:00+00:00,2026-08-14T20:00:00+07:00,43.1,28.7,1850.0,56.0,25.4,13.0,-0.2588190451025208,-0.9659258262890683,41.1,42.1,43.2,55.0,54.0,52.0,25.4,25.8,26.5,2.9755111605678675,-1.0,2.0,-0.6000000000000014
2026-08-14 14:00:00+00:00,2026-08-14T21:00:00+07:00,42.5,28.1,1805.0,56.0,25.2,14.0,-0.4999999999999997,-0.8660254037844388,43.1,41.1,42.1,56.0,55.0,54.0,25.4,25.4,25.8,2.820933651588427,2.0,-0.6000000000000014,3.3999999999999986
2026-08-14 15:00:00+00:00,2026-08-14T22:00:00+07:00,45.9,30.2,2034.0,58.0,24.8,15.0,-0.7071067811865471,-0.7071067811865479,42.5,43.1,41.1,56.0,56.0,55.0,25.2,25.4,25.4,1.4436065946085939,-0.6000000000000014,3.3999999999999986,1.2000000000000028
2026-08-14 16:00:00+00:00,2026-08-14T23:00:00+07:00,47.1,30.6,2076.0,59.0,24.5,16.0,-0.8660254037844384,-0.5000000000000004,45.9,42.5,43.1,58.0,56.0,56.0,24.8,25.2,25.4,1.6203908993400826,3.3999999999999986,1.2000000000000028,6.399999999999999
2026-08-14 17:00:00+00:00,2026-08-15T00:00:00+07:00,53.5,33.2,2448.0,60.0,24.5,17.0,-0.9659258262890683,-0.25881904510252063,47.1,45.9,42.5,59.0,58.0,56.0,24.5,24.8,25.2,2.344923595058952,1.2000000000000028,6.399999999999999,-11.0
2026-08-14 18:00:00+00:00,2026-08-15T01:00:00+07:00,42.5,27.7,1740.0,58.0,24.5,18.0,-1.0,-1.8369701987210297e-16,53.5,47.1,45.9,60.0,59.0,58.0,24.5,24.5,24.8,4.490731195102228,6.399999999999999,-11.0,2.5
2026-08-14 19:00:00+00:00,2026-08-15T02:00:00+07:00,45.0,29.2,1902.0,58.0,24.5,19.0,-0.9659258262890684,0.2588190451025203,42.5,53.5,47.1,58.0,60.0,59.0,24.5,24.5,24.5,4.243897579662391,-11.0,2.5,2.8999999999999986
2026-08-14 20:00:00+00:00,2026-08-15T03:00:00+07:00,47.9,30.7,2124.0,56.0,24.5,20.0,-0.8660254037844386,0.5000000000000001,45.0,42.5,53.5,58.0,58.0,60.0,24.5,24.5,24.5,4.072550388474563,2.5,2.8999999999999986,2.8999999999999986
2026-08-14 21:00:00+00:00,2026-08-15T04:00:00+07:00,50.8,31.9,2228.0,56.0,24.5,21.0,-0.7071067811865477,0.7071067811865474,47.9,45.0,42.5,56.0,58.0,58.0,24.5,24.5,24.5,3.7021165117624726,2.8999999999999986,2.8999999999999986,9.200000000000003
2026-08-14 22:00:00+00:00,2026-08-15T05:00:00+07:00,60.0,36.4,2756.0,59.0,24.1,22.0,-0.5000000000000004,0.8660254037844384,50.8,47.9,45.0,56.0,56.0,58.0,24.5,24.5,24.5,3.9476575332718133,2.8999999999999986,9.200000000000003,-5.5
2026-08-14 23:00:00+00:00,2026-08-15T06:00:00+07:00,54.5,33.9,2516.0,59.0,24.2,23.0,-0.25881904510252157,0.9659258262890681,60.0,50.8,47.9,59.0,56.0,56.0,24.1,24.5,24.5,6.301349061907125,9.200000000000003,-5.5,-11.399999999999999
2026-08-15 00:00:00+00:00,2026-08-15T07:00:00+07:00,43.1,27.3,1778.0,58.0,24.8,0.0,0.0,1.0,54.5,60.0,50.8,59.0,59.0,56.0,24.2,24.1,24.5,6.4260148355465585,-5.5,-11.399999999999999,1.7999999999999972
2026-08-15 01:00:00+00:00,2026-08-15T08:00:00+07:00,44.9,28.5,1858.0,56.0,25.5,1.0,0.25881904510252074,0.9659258262890683,43.1,54.5,60.0,58.0,59.0,59.0,24.8,24.2,24.1,6.286944143752549,-11.399999999999999,1.7999999999999972,4.300000000000004
2026-08-15 02:00:00+00:00,2026-08-15T09:00:00+07:00,49.2,31.2,2174.0,53.0,26.2,2.0,0.49999999999999994,0.8660254037844387,44.9,43.1,54.5,56.0,58.0,59.0,25.5,24.8,24.2,6.303649736462028,1.7999999999999972,4.300000000000004,12.799999999999997
2026-08-15 03:00:00+00:00,2026-08-15T10:00:00+07:00,62.0,38.5,2868.0,49.0,27.5,3.0,0.7071067811865475,0.7071067811865476,49.2,44.9,43.1,53.0,56.0,58.0,26.2,25.5,24.8,6.230703545079357,4.300000000000004,12.799999999999997,9.900000000000006
2026-08-15 04:00:00+00:00,2026-08-15T11:00:00+07:00,71.9,45.2,3382.0,45.0,29.4,4.0,0.8660254037844386,0.5000000000000001,62.0,49.2,44.9,49.0,53.0,56.0,27.5,26.2,25.5,7.838728638412259,12.799999999999997,9.900000000000006,-11.100000000000009
2026-08-15 05:00:00+00:00,2026-08-15T12:00:00+07:00,60.8,39.1,2933.0,42.0,30.7,5.0,0.9659258262890683,0.25881904510252074,71.9,62.0,49.2,45.0,49.0,53.0,29.4,27.5,26.2,11.035337179563866,9.900000000000006,-11.100000000000009,-7.299999999999997
2026-08-15 06:00:00+00:00,2026-08-15T13:00:00+07:00,53.5,35.3,2615.0,42.0,30.4,6.0,1.0,6.123233995736766e-17,60.8,71.9,62.0,42.0,45.0,49.0,30.7,29.4,27.5,11.35700958292563,-11.100000000000009,-7.299999999999997,29.599999999999994
2026-08-15 07:00:00+00:00,2026-08-15T14:00:00+07:00,83.1,51.6,3854.0,45.0,29.8,7.0,0.9659258262890683,-0.25881904510252063,53.5,60.8,71.9,42.0,42.0,45.0,30.4,30.7,29.4,9.807497132296188,-7.299999999999997,29.599999999999994,-10.799999999999997
2026-08-15 08:00:00+00:00,2026-08-15T15:00:00+07:00,72.3,45.8,3414.0,44.0,30.7,8.0,0.8660254037844387,-0.4999999999999998,83.1,53.5,60.8,45.0,42.0,42.0,29.8,30.4,30.7,12.399260730651026,29.599999999999994,-10.799999999999997,-11.799999999999997
2026-08-15 09:00:00+00:00,2026-08-15T16:00:00+07:00,60.5,39.1,2917.0,47.0,29.5,9.0,0.7071067811865476,-0.7071067811865475,72.3,83.1,53.5,44.0,45.0,42.0,30.7,29.8,30.4,10.550576603516259,-10.799999999999997,-11.799999999999997,-6.899999999999999
2026-08-15 10:00:00+00:00,2026-08-15T17:00:00+07:00,53.6,34.6,2587.0,50.0,27.8,10.0,0.49999999999999994,-0.8660254037844387,60.5,72.3,83.1,47.0,44.0,45.0,29.5,30.7,29.8,10.716793674726816,-11.799999999999997,-6.899999999999999,-2.5
2026-08-15 11:00:00+00:00,2026-08-15T18:00:00+07:00,51.1,33.2,2327.0,51.0,27.1,11.0,0.258819045102521,-0.9659258262890682,53.6,60.5,72.3,50.0,47.0,44.0,27.8,29.5,30.7,11.615449481904028,-6.899999999999999,-2.5,-8.5
2026-08-15 12:00:00+00:00,2026-08-15T19:00:00+07:00,42.6,28.3,1800.0,52.0,26.4,12.0,1.2246467991473532e-16,-1.0,51.1,53.6,60.5,51.0,50.0,47.0,27.1,27.8,29.5,12.762719146012646,-2.5,-8.5,0.19999999999999574
2026-08-15 13:00:00+00:00,2026-08-15T20:00:00+07:00,42.8,28.3,1819.0,54.0,25.7,13.0,-0.2588190451025208,-0.9659258262890683,42.6,51.1,53.6,52.0,51.0,50.0,26.4,27.1,27.8,14.875303918463796,-8.5,0.19999999999999574,-5.299999999999997
2026-08-15 14:00:00+00:00,2026-08-15T21:00:00+07:00,37.5,24.7,1461.0,56.0,25.3,14.0,-0.4999999999999997,-0.8660254037844388,42.8,42.6,51.1,54.0,52.0,51.0,25.7,26.4,27.1,11.321734260556736,0.19999999999999574,-5.299999999999997,2.6000000000000014
2026-08-15 15:00:00+00:00,2026-08-15T22:00:00+07:00,40.1,26.6,1611.0,58.0,25.0,15.0,-0.7071067811865471,-0.7071067811865479,37.5,42.8,42.6,56.0,54.0,52.0,25.3,25.7,26.4,8.528403523911374,-5.299999999999997,2.6000000000000014,5.299999999999997
2026-08-15 16:00:00+00:00,2026-08-15T23:00:00+07:00,45.4,29.0,1906.0,60.0,24.5,16.0,-0.8660254037844384,-0.5000000000000004,40.1,37.5,42.8,58.0,56.0,54.0,25.0,25.3,25.7,6.34268607662903,2.6000000000000014,5.299999999999997,10.100000000000001
2026-08-15 17:00:00+00:00,2026-08-16T00:00:00+07:00,55.5,34.3,2492.0,61.0,24.2,17.0,-0.9659258262890683,-0.25881904510252063,45.4,40.1,37.5,60.0,58.0,56.0,24.5,25.0,25.3,4.687323330003704,5.299999999999997,10.100000000000001,10.599999999999994
2026-08-15 18:00:00+00:00,2026-08-16T01:00:00+07:00,66.1,39.3,2971.0,62.0,23.6,18.0,-1.0,-1.8369701987210297e-16,55.5,45.4,40.1,61.0,60.0,58.0,24.2,24.5,25.0,6.246092111605762,10.100000000000001,10.599999999999994,7.1000000000000085
2026-08-15 19:00:00+00:00,2026-08-16T02:00:00+07:00,73.2,43.7,3316.0,61.0,23.3,19.0,-0.9659258262890684,0.2588190451025203,66.1,55.5,45.4,62.0,61.0,60.0,23.6,24.2,24.5,10.86517372157469,10.599999999999994,7.1000000000000085,9.0
2026-08-15 20:00:00+00:00,2026-08-16T03:00:00+07:00,82.2,49.9,3758.0,61.0,23.1,20.0,-0.8660254037844386,0.5000000000000001,73.2,66.1,55.5,61.0,62.0,61.0,23.3,23.6,24.2,14.4935387903253,7.1000000000000085,9.0,18.0
2026-08-15 21:00:00+00:00,2026-08-16T04:00:00+07:00,100.2,59.1,4429.0,62.0,22.8,21.0,-0.7071067811865477,0.7071067811865474,82.2,73.2,66.1,61.0,61.0,62.0,23.1,23.3,23.6,16.325858833968415,9.0,18.0,3.3999999999999915
2026-08-15 22:00:00+00:00,2026-08-16T05:00:00+07:00,103.6,61.3,4581.0,62.0,22.6,22.0,-0.5000000000000004,0.8660254037844384,100.2,82.2,73.2,62.0,61.0,61.0,22.8,23.1,23.3,19.496734769357282,18.0,3.3999999999999915,-2.6999999999999886
2026-08-15 23:00:00+00:00,2026-08-16T06:00:00+07:00,100.9,60.9,4544.0,60.0,22.9,23.0,-0.25881904510252157,0.9659258262890681,103.6,100.2,82.2,62.0,62.0,61.0,22.6,22.8,23.1,19.023319023416118,3.3999999999999915,-2.6999999999999886,-17.5
2026-08-16 00:00:00+00:00,2026-08-16T07:00:00+07:00,83.4,50.9,3779.0,58.0,24.4,0.0,0.0,1.0,100.9,103.6,100.2,60.0,62.0,62.0,22.9,22.6,22.8,16.064619509966594,-2.6999999999999886,-17.5,-37.10000000000001
2026-08-16 01:00:00+00:00,2026-08-16T08:00:00+07:00,46.3,29.7,1981.0,52.0,26.6,1.0,0.25881904510252074,0.9659258262890683,83.4,100.9,103.6,58.0,60.0,62.0,24.4,22.9,22.6,12.588950181276678,-17.5,-37.10000000000001,0.6000000000000014
2026-08-16 02:00:00+00:00,2026-08-16T09:00:00+07:00,46.9,30.4,2060.0,48.0,28.2,2.0,0.49999999999999994,0.8660254037844387,46.3,83.4,100.9,52.0,58.0,60.0,26.6,24.4,22.9,21.589997684112877,-37.10000000000001,0.6000000000000014,4.899999999999999
2026-08-16 03:00:00+00:00,2026-08-16T10:00:00+07:00,51.8,33.6,2473.0,45.0,29.9,3.0,0.7071067811865475,0.7071067811865476,46.9,46.3,83.4,48.0,52.0,58.0,28.2,26.6,24.4,26.997734472852823,0.6000000000000014,4.899999999999999,9.200000000000003
2026-08-16 04:00:00+00:00,2026-08-16T11:00:00+07:00,61.0,39.0,2951.0,43.0,31.2,4.0,0.8660254037844386,0.5000000000000001,51.8,46.9,46.3,45.0,48.0,52.0,29.9,28.2,26.6,27.063388553542197,4.899999999999999,9.200000000000003,-5.600000000000001
2026-08-16 05:00:00+00:00,2026-08-16T12:00:00+07:00,55.4,36.1,2657.0,41.0,32.3,5.0,0.9659258262890683,0.25881904510252074,61.0,51.8,46.9,43.0,45.0,48.0,31.2,29.9,28.2,22.3378378541881,9.200000000000003,-5.600000000000001,-8.0
2026-08-16 06:00:00+00:00,2026-08-16T13:00:00+07:00,47.4,31.3,2168.0,39.0,33.2,6.0,1.0,6.123233995736766e-17,55.4,61.0,51.8,41.0,43.0,45.0,32.3,31.2,29.9,13.840183043105503,-5.600000000000001,-8.0,-4.199999999999996
2026-08-16 07:00:00+00:00,2026-08-16T14:00:00+07:00,43.2,28.6,1841.0,39.0,33.1,7.0,0.9659258262890683,-0.25881904510252063,47.4,55.4,61.0,39.0,41.0,43.0,33.2,32.3,31.2,5.840433773844617,-8.0,-4.199999999999996,-3.3000000000000043
2026-08-16 08:00:00+00:00,2026-08-16T15:00:00+07:00,39.9,26.9,1624.0,39.0,33.3,8.0,0.8660254037844387,-0.4999999999999998,43.2,47.4,55.4,39.0,39.0,41.0,33.1,33.2,32.3,6.489915253683839,-4.199999999999996,-3.3000000000000043,0.8000000000000043
2026-08-16 09:00:00+00:00,2026-08-16T16:00:00+07:00,40.7,27.1,1660.0,45.0,30.3,9.0,0.7071067811865476,-0.7071067811865475,39.9,43.2,47.4,39.0,39.0,39.0,33.3,33.1,33.2,7.850201695922519,-3.3000000000000043,0.8000000000000043,0.7999999999999972
2026-08-16 10:00:00+00:00,2026-08-16T17:00:00+07:00,41.5,27.4,1704.0,51.0,27.8,10.0,0.49999999999999994,-0.8660254037844387,40.7,39.9,43.2,45.0,39.0,39.0,30.3,33.3,33.1,8.556089449431013,0.8000000000000043,0.7999999999999972,2.0
2026-08-16 11:00:00+00:00,2026-08-16T18:00:00+07:00,43.5,28.1,1787.0,55.0,27.3,11.0,0.258819045102521,-0.9659258262890682,41.5,40.7,39.9,51.0,45.0,39.0,27.8,30.3,33.3,5.887415958352575,0.7999999999999972,2.0,-1.7000000000000028
2026-08-16 12:00:00+00:00,2026-08-16T19:00:00+07:00,41.8,26.9,1656.0,58.0,26.8,12.0,1.2246467991473532e-16,-1.0,43.5,41.5,40.7,55.0,51.0,45.0,27.3,27.8,30.3,2.692953768633584,2.0,-1.7000000000000028,-3.0999999999999943
2026-08-16 13:00:00+00:00,2026-08-16T20:00:00+07:00,38.7,24.9,1479.0,59.0,26.4,13.0,-0.2588190451025208,-0.9659258262890683,41.8,43.5,41.5,58.0,55.0,51.0,26.8,27.3,27.8,1.3966626889354672,-1.7000000000000028,-3.0999999999999943,-2.200000000000003
2026-08-16 14:00:00+00:00,2026-08-16T21:00:00+07:00,36.5,23.6,1364.0,61.0,26.1,14.0,-0.4999999999999997,-0.8660254037844388,38.7,41.8,43.5,59.0,58.0,55.0,26.4,26.8,27.3,1.657005330910075,-3.0999999999999943,-2.200000000000003,-2.6000000000000014
2026-08-16 15:00:00+00:00,2026-08-16T22:00:00+07:00,33.9,22.3,1230.0,60.0,25.9,15.0,-0.7071067811865471,-0.7071067811865479,36.5,38.7,41.8,61.0,59.0,58.0,26.1,26.4,26.8,2.488172019776307,-2.200000000000003,-2.6000000000000014,-1.2999999999999972
2026-08-16 16:00:00+00:00,2026-08-16T23:00:00+07:00,32.6,21.6,1162.0,59.0,25.7,16.0,-0.8660254037844384,-0.5000000000000004,33.9,36.5,38.7,60.0,61.0,59.0,25.9,26.1,26.4,3.635610906940443,-2.6000000000000014,-1.2999999999999972,-2.3000000000000007
2026-08-16 17:00:00+00:00,2026-08-17T00:00:00+07:00,30.3,20.4,1060.0,58.0,25.5,17.0,-0.9659258262890683,-0.25881904510252063,32.6,33.9,36.5,59.0,60.0,61.0,25.7,25.9,26.1,4.318178628387692,-1.2999999999999972,-2.3000000000000007,0.5
2026-08-16 18:00:00+00:00,2026-08-17T01:00:00+07:00,30.8,20.5,1059.0,58.0,25.2,18.0,-1.0,-1.8369701987210297e-16,30.3,32.6,33.9,58.0,59.0,60.0,25.5,25.7,25.9,4.21505239192398,-2.3000000000000007,0.5,23.099999999999998
2026-08-16 19:00:00+00:00,2026-08-17T02:00:00+07:00,53.9,33.3,2342.0,56.0,24.7,19.0,-0.9659258262890684,0.2588190451025203,30.8,30.3,32.6,58.0,58.0,59.0,25.2,25.5,25.7,3.2863353450305817,0.5,23.099999999999998,13.699999999999996
2026-08-16 20:00:00+00:00,2026-08-17T03:00:00+07:00,67.6,40.9,3089.0,57.0,23.8,20.0,-0.8660254037844386,0.5000000000000001,53.9,30.8,30.3,56.0,58.0,58.0,24.7,25.2,25.5,8.893743118994617,23.099999999999998,13.699999999999996,-2.299999999999997
2026-08-16 21:00:00+00:00,2026-08-17T04:00:00+07:00,65.3,39.5,2976.0,58.0,23.5,21.0,-0.7071067811865477,0.7071067811865474,67.6,53.9,30.8,57.0,56.0,58.0,23.8,24.7,25.2,15.568354655090062,13.699999999999996,-2.299999999999997,3.0
2026-08-16 22:00:00+00:00,2026-08-17T05:00:00+07:00,68.3,41.2,3103.0,59.0,23.2,22.0,-0.5000000000000004,0.8660254037844384,65.3,67.6,53.9,58.0,57.0,56.0,23.5,23.8,24.7,17.636184394590515,-2.299999999999997,3.0,14.799999999999997
2026-08-16 23:00:00+00:00,2026-08-17T06:00:00+07:00,83.1,50.3,3770.0,58.0,23.6,23.0,-0.25881904510252157,0.9659258262890681,68.3,65.3,67.6,59.0,58.0,57.0,23.2,23.5,23.8,17.927297621225527,3.0,14.799999999999997,7.6000000000000085
2026-08-17 00:00:00+00:00,2026-08-17T07:00:00+07:00,90.7,55.4,4129.0,55.0,24.7,0.0,0.0,1.0,83.1,68.3,65.3,58.0,59.0,58.0,23.6,23.2,23.5,17.69011023142589,14.799999999999997,7.6000000000000085,7.299999999999997
2026-08-17 01:00:00+00:00,2026-08-17T08:00:00+07:00,98.0,58.5,4404.0,49.0,26.2,1.0,0.25881904510252074,0.9659258262890683,90.7,83.1,68.3,55.0,58.0,59.0,24.7,23.6,23.2,13.242721271198995,7.6000000000000085,7.299999999999997,-11.299999999999997
2026-08-17 12:00:00+00:00,2026-08-17T19:00:00+07:00,75.2,45.3,3395.0,61.0,26.0,12.0,1.2246467991473532e-16,-1.0,75.4,67.7,65.8,60.0,59.0,62.0,26.2,26.5,26.7,6.190772703521457,7.700000000000003,-0.20000000000000284,1.0
2026-08-17 13:00:00+00:00,2026-08-17T20:00:00+07:00,76.2,46.2,3468.0,59.0,25.7,13.0,-0.2588190451025208,-0.9659258262890683,75.2,75.4,67.7,61.0,60.0,59.0,26.0,26.2,26.5,6.977511495272966,-0.20000000000000284,1.0,-8.900000000000006
2026-08-17 14:00:00+00:00,2026-08-17T21:00:00+07:00,67.3,41.1,3104.0,61.0,25.0,14.0,-0.4999999999999997,-0.8660254037844388,76.2,75.2,75.4,59.0,61.0,60.0,25.7,26.0,26.2,6.505382386916217,1.0,-8.900000000000006,1.6000000000000085
2026-08-17 15:00:00+00:00,2026-08-17T22:00:00+07:00,68.9,42.1,3165.0,63.0,24.6,15.0,-0.7071067811865471,-0.7071067811865479,67.3,76.2,75.2,61.0,59.0,61.0,25.0,25.7,26.0,4.800694394216987,-8.900000000000006,1.6000000000000085,15.199999999999989
2026-08-17 16:00:00+00:00,2026-08-17T23:00:00+07:00,84.1,50.6,3823.0,63.0,24.3,16.0,-0.8660254037844384,-0.5000000000000004,68.9,67.3,76.2,63.0,61.0,59.0,24.6,25.0,25.7,4.227252851044803,1.6000000000000085,15.199999999999989,17.10000000000001
2026-08-17 17:00:00+00:00,2026-08-18T00:00:00+07:00,101.2,60.4,4510.0,63.0,23.9,17.0,-0.9659258262890683,-0.25881904510252063,84.1,68.9,67.3,63.0,63.0,61.0,24.3,24.6,25.0,5.992467494001657,15.199999999999989,17.10000000000001,-13.100000000000009
2026-08-17 18:00:00+00:00,2026-08-18T01:00:00+07:00,88.1,52.4,3931.0,63.0,23.5,18.0,-1.0,-1.8369701987210297e-16,101.2,84.1,68.9,63.0,63.0,63.0,23.9,24.3,24.6,12.488621487845114,17.10000000000001,-13.100000000000009,-5.699999999999989
2026-08-17 19:00:00+00:00,2026-08-18T02:00:00+07:00,82.4,48.6,3652.0,63.0,23.2,19.0,-0.9659258262890684,0.2588190451025203,88.1,101.2,84.1,63.0,63.0,63.0,23.5,23.9,24.3,12.84673758845672,-13.100000000000009,-5.699999999999989,-10.5
2026-08-17 20:00:00+00:00,2026-08-18T03:00:00+07:00,71.9,42.3,3185.0,61.0,23.0,20.0,-0.8660254037844386,0.5000000000000001,82.4,88.1,101.2,63.0,63.0,63.0,23.2,23.5,23.9,12.634239193556539,-5.699999999999989,-10.5,-9.800000000000004
2026-08-17 21:00:00+00:00,2026-08-18T04:00:00+07:00,62.1,35.9,2719.0,61.0,22.6,21.0,-0.7071067811865477,0.7071067811865474,71.9,82.4,88.1,61.0,63.0,63.0,23.0,23.2,23.5,11.66630475629138,-10.5,-9.800000000000004,-8.399999999999999
2026-08-17 22:00:00+00:00,2026-08-18T05:00:00+07:00,53.7,33.0,2401.0,60.0,22.6,22.0,-0.5000000000000004,0.8660254037844384,62.1,71.9,82.4,61.0,61.0,63.0,22.6,23.0,23.2,13.473183241783168,-9.800000000000004,-8.399999999999999,9.199999999999996
2026-08-17 23:00:00+00:00,2026-08-18T06:00:00+07:00,62.9,37.9,2881.0,59.0,22.8,23.0,-0.25881904510252157,0.9659258262890681,53.7,62.1,71.9,60.0,61.0,61.0,22.6,22.6,23.0,17.480236459117663,-8.399999999999999,9.199999999999996,14.699999999999996
2026-08-18 00:00:00+00:00,2026-08-18T07:00:00+07:00,77.6,45.3,3421.0,61.0,24.2,0.0,0.0,1.0,62.9,53.7,62.1,59.0,60.0,61.0,22.8,22.6,22.6,13.139926433076626,9.199999999999996,14.699999999999996,-15.699999999999996
2026-08-18 01:00:00+00:00,2026-08-18T08:00:00+07:00,61.9,35.2,2682.0,58.0,26.0,1.0,0.25881904510252074,0.9659258262890683,77.6,62.9,53.7,61.0,59.0,60.0,24.2,22.8,22.6,10.760235437325044,14.699999999999996,-15.699999999999996,4.500000000000007
2026-08-18 02:00:00+00:00,2026-08-18T09:00:00+07:00,66.4,37.9,2878.0,54.0,27.3,2.0,0.49999999999999994,0.8660254037844387,61.9,77.6,62.9,58.0,61.0,59.0,26.0,24.2,22.8,8.443794565636077,-15.699999999999996,4.500000000000007,-3.000000000000007
2026-08-18 03:00:00+00:00,2026-08-18T10:00:00+07:00,63.4,37.2,2814.0,46.0,29.1,3.0,0.7071067811865475,0.7071067811865476,66.4,61.9,77.6,54.0,58.0,61.0,27.3,26.0,24.2,7.822787227069301,4.500000000000007,-3.000000000000007,20.199999999999996
2026-08-18 04:00:00+00:00,2026-08-18T11:00:00+07:00,83.6,50.7,3811.0,45.0,31.0,4.0,0.8660254037844386,0.5000000000000001,63.4,66.4,61.9,46.0,54.0,58.0,29.1,27.3,26.0,7.774166622002984,-3.000000000000007,20.199999999999996,-20.999999999999993
2026-08-18 05:00:00+00:00,2026-08-18T12:00:00+07:00,62.6,39.3,2943.0,44.0,32.0,5.0,0.9659258262890683,0.25881904510252074,83.6,63.4,66.4,45.0,46.0,54.0,31.0,29.1,27.3,9.080969111278765,20.199999999999996,-20.999999999999993,-12.5
2026-08-18 06:00:00+00:00,2026-08-18T13:00:00+07:00,50.1,32.4,2316.0,42.0,32.6,6.0,1.0,6.123233995736766e-17,62.6,83.6,63.4,44.0,45.0,46.0,32.0,31.0,29.1,9.123979394978875,-20.999999999999993,-12.5,-6.100000000000001
2026-08-18 07:00:00+00:00,2026-08-18T14:00:00+07:00,44.0,29.0,1891.0,41.0,32.9,7.0,0.9659258262890683,-0.25881904510252063,50.1,62.6,83.6,42.0,44.0,45.0,32.6,32.0,31.0,10.836912229351372,-12.5,-6.100000000000001,-5.200000000000003
2026-08-18 08:00:00+00:00,2026-08-18T15:00:00+07:00,38.8,25.7,1548.0,41.0,33.0,8.0,0.8660254037844387,-0.4999999999999998,44.0,50.1,62.6,41.0,42.0,44.0,32.9,32.6,32.0,13.807594528615947,-6.100000000000001,-5.200000000000003,-1.2999999999999972
2026-08-18 09:00:00+00:00,2026-08-18T16:00:00+07:00,37.5,24.9,1487.0,46.0,29.5,9.0,0.7071067811865476,-0.7071067811865475,38.8,44.0,50.1,41.0,41.0,42.0,33.0,32.9,32.6,16.295326528384283,-5.200000000000003,-1.2999999999999972,3.799999999999997
2026-08-18 10:00:00+00:00,2026-08-18T17:00:00+07:00,41.3,27.4,1717.0,49.0,27.9,10.0,0.49999999999999994,-0.8660254037844387,37.5,38.8,44.0,46.0,41.0,41.0,29.5,33.0,32.9,17.660653064557497,-1.2999999999999972,3.799999999999997,1.9000000000000057
2026-08-18 11:00:00+00:00,2026-08-18T18:00:00+07:00,43.2,28.2,1798.0,54.0,27.1,11.0,0.258819045102521,-0.9659258262890682,41.3,37.5,38.8,49.0,46.0,41.0,27.9,29.5,33.0,9.402854176613799,3.799999999999997,1.9000000000000057,-4.900000000000006
2026-08-18 12:00:00+00:00,2026-08-18T19:00:00+07:00,38.3,25.3,1498.0,57.0,26.7,12.0,1.2246467991473532e-16,-1.0,43.2,41.3,37.5,54.0,49.0,46.0,27.1,27.9,29.5,4.486163914377543,1.9000000000000057,-4.900000000000006,-7.599999999999998
2026-08-18 13:00:00+00:00,2026-08-18T20:00:00+07:00,30.7,21.2,1118.0,58.0,26.5,13.0,-0.2588190451025208,-0.9659258262890683,38.3,43.2,41.3,57.0,54.0,49.0,26.7,27.1,27.9,2.716922278362603,-4.900000000000006,-7.599999999999998,-1.5
2026-08-18 14:00:00+00:00,2026-08-18T21:00:00+07:00,29.2,19.8,1034.0,58.0,26.2,14.0,-0.4999999999999997,-0.8660254037844388,30.7,38.3,43.2,58.0,57.0,54.0,26.5,26.7,27.1,4.281588490268087,-7.599999999999998,-1.5,6.400000000000002
2026-08-18 15:00:00+00:00,2026-08-18T22:00:00+07:00,35.6,23.1,1313.0,59.0,25.9,15.0,-0.7071067811865471,-0.7071067811865479,29.2,30.7,38.3,58.0,58.0,57.0,26.2,26.5,26.7,5.636665681056134,-1.5,6.400000000000002,0.29999999999999716
2026-08-18 16:00:00+00:00,2026-08-18T23:00:00+07:00,35.9,23.5,1354.0,59.0,25.5,16.0,-0.8660254037844384,-0.5000000000000004,35.6,29.2,30.7,59.0,58.0,58.0,25.9,26.2,26.5,5.636103855205531,6.400000000000002,0.29999999999999716,11.399999999999999
2026-08-18 17:00:00+00:00,2026-08-19T00:00:00+07:00,47.3,29.8,2017.0,57.0,24.9,17.0,-0.9659258262890683,-0.25881904510252063,35.9,35.6,29.2,59.0,59.0,58.0,25.5,25.9,26.2,5.099575145702096,0.29999999999999716,11.399999999999999,23.400000000000006
2026-08-18 18:00:00+00:00,2026-08-19T01:00:00+07:00,70.7,41.8,3145.0,58.0,24.1,18.0,-1.0,-1.8369701987210297e-16,47.3,35.9,35.6,57.0,59.0,59.0,24.9,25.5,25.9,6.439151082764141,11.399999999999999,23.400000000000006,25.0
2026-08-18 19:00:00+00:00,2026-08-19T02:00:00+07:00,95.7,55.5,4143.0,58.0,23.7,19.0,-0.9659258262890684,0.2588190451025203,70.7,47.3,35.9,58.0,57.0,59.0,24.1,24.9,25.5,15.622761172938132,23.400000000000006,25.0,-21.700000000000003
2026-08-18 20:00:00+00:00,2026-08-19T03:00:00+07:00,74.0,43.1,3259.0,58.0,23.5,20.0,-0.8660254037844386,0.5000000000000001,95.7,70.7,47.3,58.0,58.0,57.0,23.7,24.1,24.9,25.801240280265556,25.0,-21.700000000000003,-0.09999999999999432
2026-08-18 21:00:00+00:00,2026-08-19T04:00:00+07:00,73.9,42.8,3241.0,59.0,23.0,21.0,-0.7071067811865477,0.7071067811865474,74.0,95.7,70.7,58.0,58.0,58.0,23.5,23.7,24.1,24.175745421117117,-21.700000000000003,-0.09999999999999432,-8.0
2026-08-18 22:00:00+00:00,2026-08-19T05:00:00+07:00,65.9,39.2,2933.0,56.0,22.7,22.0,-0.5000000000000004,0.8660254037844384,73.9,74.0,95.7,59.0,58.0,58.0,23.0,23.5,23.7,21.381838087498448,-0.09999999999999432,-8.0,13.699999999999989
2026-08-18 23:00:00+00:00,2026-08-19T06:00:00+07:00,79.6,46.8,3545.0,56.0,23.0,23.0,-0.25881904510252157,0.9659258262890681,65.9,73.9,74.0,56.0,59.0,58.0,22.7,23.0,23.5,15.587911983328611,-8.0,13.699999999999989,-21.199999999999996
2026-08-19 00:00:00+00:00,2026-08-19T07:00:00+07:00,58.4,35.9,2551.0,56.0,24.5,0.0,0.0,1.0,79.6,65.9,73.9,56.0,56.0,59.0,23.0,22.7,23.0,10.364876587141156,13.699999999999989,-21.199999999999996,-18.0
2026-08-19 01:00:00+00:00,2026-08-19T08:00:00+07:00,40.4,26.7,1628.0,51.0,26.7,1.0,0.25881904510252074,0.9659258262890683,58.4,79.6,65.9,56.0,56.0,56.0,24.5,23.0,22.7,12.721543407411959,-21.199999999999996,-18.0,-3.8999999999999986
2026-08-19 02:00:00+00:00,2026-08-19T09:00:00+07:00,36.5,24.2,1420.0,47.0,28.2,2.0,0.49999999999999994,0.8660254037844387,40.4,58.4,79.6,51.0,56.0,56.0,26.7,24.5,23.0,14.297505609953983,-18.0,-3.8999999999999986,-5.699999999999999
2026-08-19 03:00:00+00:00,2026-08-19T10:00:00+07:00,30.8,21.2,1152.0,44.0,29.9,3.0,0.7071067811865475,0.7071067811865476,36.5,40.4,58.4,47.0,51.0,56.0,28.2,26.7,24.5,17.58674690403728,-3.8999999999999986,-5.699999999999999,-5.100000000000001
2026-08-19 04:00:00+00:00,2026-08-19T11:00:00+07:00,25.7,17.7,951.0,39.0,31.3,4.0,0.8660254037844386,0.5000000000000001,30.8,36.5,40.4,44.0,47.0,51.0,29.9,28.2,26.7,19.079587696453608,-5.699999999999999,-5.100000000000001,2.3000000000000007
2026-08-19 05:00:00+00:00,2026-08-19T12:00:00+07:00,28.0,20.1,1043.0,36.0,32.9,5.0,0.9659258262890683,0.25881904510252074,25.7,30.8,36.5,39.0,44.0,47.0,31.3,29.9,28.2,20.21847340099304,-5.100000000000001,2.3000000000000007,-2.3999999999999986
2026-08-19 06:00:00+00:00,2026-08-19T13:00:00+07:00,25.6,17.1,955.0,37.0,32.7,6.0,1.0,6.123233995736766e-17,28.0,25.7,30.8,36.0,39.0,44.0,32.9,31.3,29.9,11.967400163221,2.3000000000000007,-2.3999999999999986,-3.200000000000003
2026-08-19 07:00:00+00:00,2026-08-19T14:00:00+07:00,22.4,13.8,853.0,38.0,32.9,7.0,0.9659258262890683,-0.25881904510252063,25.6,28.0,25.7,37.0,36.0,39.0,32.7,32.9,31.3,6.078376976353255,-2.3999999999999986,-3.200000000000003,4.300000000000001
2026-08-19 08:00:00+00:00,2026-08-19T15:00:00+07:00,26.7,19.0,992.0,44.0,30.1,8.0,0.8660254037844387,-0.4999999999999998,22.4,25.6,28.0,38.0,37.0,36.0,32.9,32.7,32.9,4.946379147079302,-3.200000000000003,4.300000000000001,1.8000000000000007
2026-08-19 09:00:00+00:00,2026-08-19T16:00:00+07:00,28.5,19.9,1051.0,48.0,28.6,9.0,0.7071067811865476,-0.7071067811865475,26.7,22.4,25.6,44.0,38.0,37.0,30.1,32.9,32.7,2.79404127862506,4.300000000000001,1.8000000000000007,5.600000000000001
2026-08-19 10:00:00+00:00,2026-08-19T17:00:00+07:00,34.1,23.2,1312.0,52.0,27.2,10.0,0.49999999999999994,-0.8660254037844387,28.5,26.7,22.4,48.0,44.0,38.0,28.6,30.1,32.9,2.1824298385043317,1.8000000000000007,5.600000000000001,-1.3000000000000043
2026-08-19 11:00:00+00:00,2026-08-19T18:00:00+07:00,32.8,22.2,1235.0,55.0,26.7,11.0,0.258819045102521,-0.9659258262890682,34.1,28.5,26.7,52.0,48.0,44.0,27.2,28.6,30.1,3.8744031798451517,5.600000000000001,-1.3000000000000043,-7.699999999999996
2026-08-19 12:00:00+00:00,2026-08-19T19:00:00+07:00,25.1,16.5,909.0,56.0,26.5,12.0,1.2246467991473532e-16,-1.0,32.8,34.1,28.5,55.0,52.0,48.0,26.7,27.2,28.6,4.440157654858026,-1.3000000000000043,-7.699999999999996,-0.9000000000000021
2026-08-19 13:00:00+00:00,2026-08-19T20:00:00+07:00,24.2,15.0,857.0,57.0,26.1,13.0,-0.2588190451025208,-0.9659258262890683,25.1,32.8,34.1,56.0,55.0,52.0,26.5,26.7,27.2,4.5062918976316855,-7.699999999999996,-0.9000000000000021,7.400000000000002
2026-08-19 14:00:00+00:00,2026-08-19T21:00:00+07:00,31.6,21.5,1148.0,58.0,25.9,14.0,-0.4999999999999997,-0.8660254037844388,24.2,25.1,32.8,57.0,56.0,55.0,26.1,26.5,26.7,4.077090465842156,-0.9000000000000021,7.400000000000002,-4.600000000000001
2026-08-19 15:00:00+00:00,2026-08-19T22:00:00+07:00,27.0,18.3,950.0,58.0,25.6,15.0,-0.7071067811865471,-0.7071067811865479,31.6,24.2,25.1,58.0,57.0,56.0,25.9,26.1,26.5,4.118939993088162,7.400000000000002,-4.600000000000001,-1.6000000000000014
2026-08-19 16:00:00+00:00,2026-08-19T23:00:00+07:00,25.4,16.7,902.0,60.0,25.4,16.0,-0.8660254037844384,-0.5000000000000004,27.0,31.6,24.2,58.0,58.0,57.0,25.6,25.9,26.1,4.2273711295154905,-4.600000000000001,-1.6000000000000014,8.200000000000003
2026-08-19 17:00:00+00:00,2026-08-20T00:00:00+07:00,33.6,21.5,1340.0,60.0,25.3,17.0,-0.9659258262890683,-0.25881904510252063,25.4,27.0,31.6,60.0,58.0,58.0,25.4,25.6,25.9,3.6334097851275877,-1.6000000000000014,8.200000000000003,42.199999999999996
2026-08-19 18:00:00+00:00,2026-08-20T01:00:00+07:00,75.8,45.5,3420.0,60.0,24.6,18.0,-1.0,-1.8369701987210297e-16,33.6,25.4,27.0,60.0,60.0,58.0,25.3,25.4,25.6,3.8659625795732855,8.200000000000003,42.199999999999996,-10.700000000000003
2026-08-19 19:00:00+00:00,2026-08-20T02:00:00+07:00,65.1,39.7,2978.0,58.0,24.0,19.0,-0.9659258262890684,0.2588190451025203,75.8,33.6,25.4,60.0,60.0,60.0,24.6,25.3,25.4,19.70448341537179,42.199999999999996,-10.700000000000003,-6.999999999999993
2026-08-19 20:00:00+00:00,2026-08-20T03:00:00+07:00,58.1,35.8,2670.0,57.0,23.4,20.0,-0.8660254037844386,0.5000000000000001,65.1,75.8,33.6,58.0,60.0,60.0,24.0,24.6,25.3,21.671586620888252,-10.700000000000003,-6.999999999999993,-4.700000000000003
2026-08-19 21:00:00+00:00,2026-08-20T04:00:00+07:00,53.4,33.6,2472.0,59.0,23.1,21.0,-0.7071067811865477,0.7071067811865474,58.1,65.1,75.8,57.0,58.0,60.0,23.4,24.0,24.6,21.563302158992176,-6.999999999999993,-4.700000000000003,6.899999999999999
2026-08-19 22:00:00+00:00,2026-08-20T05:00:00+07:00,60.3,36.9,2767.0,58.0,23.0,22.0,-0.5000000000000004,0.8660254037844384,53.4,58.1,65.1,59.0,57.0,58.0,23.1,23.4,24.0,19.09596816084477,-4.700000000000003,6.899999999999999,40.10000000000001
2026-08-19 23:00:00+00:00,2026-08-20T06:00:00+07:00,100.4,60.1,4526.0,59.0,23.2,23.0,-0.25881904510252157,0.9659258262890681,60.3,53.4,58.1,58.0,59.0,57.0,23.0,23.1,23.4,14.061211422443822,6.899999999999999,40.10000000000001,49.900000000000006
2026-08-20 00:00:00+00:00,2026-08-20T07:00:00+07:00,150.3,90.8,6729.0,58.0,24.3,0.0,0.0,1.0,100.4,60.3,53.4,59.0,58.0,59.0,23.2,23.0,23.1,17.234471271263285,40.10000000000001,49.900000000000006,-57.000000000000014
2026-08-20 01:00:00+00:00,2026-08-20T08:00:00+07:00,93.3,58.0,4144.0,55.0,26.1,1.0,0.25881904510252074,0.9659258262890683,150.3,100.4,60.3,58.0,59.0,58.0,24.3,23.2,23.0,37.804479452396485,49.900000000000006,-57.000000000000014,-47.9
2026-08-20 02:00:00+00:00,2026-08-20T09:00:00+07:00,45.4,29.5,1948.0,49.0,28.1,2.0,0.49999999999999994,0.8660254037844387,93.3,150.3,100.4,55.0,58.0,59.0,26.1,24.3,23.2,37.13971818238082,-57.000000000000014,-47.9,-1.0
2026-08-20 11:00:00+00:00,2026-08-20T18:00:00+07:00,28.9,20.3,1070.0,49.0,27.0,11.0,0.258819045102521,-0.9659258262890682,28.6,23.2,25.2,46.0,42.0,36.0,27.9,30.1,34.1,2.7444489428653984,5.400000000000002,0.29999999999999716,-6.299999999999997
2026-08-20 12:00:00+00:00,2026-08-20T19:00:00+07:00,22.6,13.2,816.0,48.0,26.5,12.0,1.2246467991473532e-16,-1.0,28.9,28.6,23.2,49.0,46.0,42.0,27.0,27.9,30.1,2.584118160352125,0.29999999999999716,-6.299999999999997,-2.200000000000003
2026-08-20 13:00:00+00:00,2026-08-20T20:00:00+07:00,20.4,10.9,770.0,43.0,26.3,13.0,-0.2588190451025208,-0.9659258262890683,22.6,28.9,28.6,48.0,49.0,46.0,26.5,27.0,27.9,3.0186089511552945,-6.299999999999997,-2.200000000000003,-1.2999999999999972
2026-08-20 14:00:00+00:00,2026-08-20T21:00:00+07:00,19.1,10.1,731.0,45.0,26.0,14.0,-0.4999999999999997,-0.8660254037844388,20.4,22.6,28.9,43.0,48.0,49.0,26.3,26.5,27.0,3.4108161291194494,-2.200000000000003,-1.2999999999999972,11.899999999999999
2026-08-20 15:00:00+00:00,2026-08-20T22:00:00+07:00,31.0,21.0,1161.0,50.0,25.3,15.0,-0.7071067811865471,-0.7071067811865479,19.1,20.4,22.6,45.0,43.0,48.0,26.0,26.3,26.5,4.110960958218238,-1.2999999999999972,11.899999999999999,-3.5
2026-08-20 16:00:00+00:00,2026-08-20T23:00:00+07:00,27.5,18.9,1010.0,54.0,24.9,16.0,-0.8660254037844384,-0.5000000000000004,31.0,19.1,20.4,50.0,45.0,43.0,25.3,26.0,26.3,5.016771870435683,11.899999999999999,-3.5,10.5
2026-08-20 17:00:00+00:00,2026-08-21T00:00:00+07:00,38.0,25.0,1551.0,53.0,24.5,17.0,-0.9659258262890683,-0.25881904510252063,27.5,31.0,19.1,54.0,50.0,45.0,24.9,25.3,26.0,4.881563957038911,-3.5,10.5,23.799999999999997
2026-08-20 18:00:00+00:00,2026-08-21T01:00:00+07:00,61.8,38.3,2891.0,55.0,23.6,18.0,-1.0,-1.8369701987210297e-16,38.0,27.5,31.0,53.0,54.0,50.0,24.5,24.9,25.3,7.220156969669118,10.5,23.799999999999997,6.700000000000003
2026-08-20 19:00:00+00:00,2026-08-21T02:00:00+07:00,68.5,41.5,3123.0,56.0,23.4,19.0,-0.9659258262890684,0.2588190451025203,61.8,38.0,27.5,55.0,53.0,54.0,23.6,24.5,24.9,15.752163872518027,23.799999999999997,6.700000000000003,-2.4000000000000057
2026-08-20 20:00:00+00:00,2026-08-21T03:00:00+07:00,66.1,39.7,3004.0,56.0,23.0,20.0,-0.8660254037844386,0.5000000000000001,68.5,61.8,38.0,56.0,55.0,53.0,23.4,23.6,24.5,19.797718723799036,6.700000000000003,-2.4000000000000057,-1.1999999999999886
2026-08-20 21:00:00+00:00,2026-08-21T04:00:00+07:00,64.9,38.9,2929.0,57.0,22.8,21.0,-0.7071067811865477,0.7071067811865474,66.1,68.5,61.8,56.0,56.0,55.0,23.0,23.4,23.6,18.673769481994352,-2.4000000000000057,-1.1999999999999886,6.799999999999997
2026-08-20 22:00:00+00:00,2026-08-21T05:00:00+07:00,71.7,43.7,3299.0,58.0,22.6,22.0,-0.5000000000000004,0.8660254037844384,64.9,66.1,68.5,57.0,56.0,56.0,22.8,23.0,23.4,17.281512279504483,-1.1999999999999886,6.799999999999997,16.0
2026-08-20 23:00:00+00:00,2026-08-21T06:00:00+07:00,87.7,53.4,3996.0,57.0,22.8,23.0,-0.25881904510252157,0.9659258262890681,71.7,64.9,66.1,58.0,57.0,56.0,22.6,22.8,23.0,12.144408864439018,6.799999999999997,16.0,24.200000000000003
2026-08-21 00:00:00+00:00,2026-08-21T07:00:00+07:00,111.9,67.6,5043.0,56.0,24.0,0.0,0.0,1.0,87.7,71.7,64.9,57.0,58.0,57.0,22.8,22.6,22.8,9.239137766407957,16.0,24.200000000000003,-31.5
2026-08-21 01:00:00+00:00,2026-08-21T08:00:00+07:00,80.4,51.0,3661.0,50.0,26.1,1.0,0.25881904510252074,0.9659258262890683,111.9,87.7,71.7,56.0,57.0,58.0,24.0,22.8,22.6,18.358394991574468,24.200000000000003,-31.5,-37.400000000000006
2026-08-21 02:00:00+00:00,2026-08-21T09:00:00+07:00,43.0,28.4,1825.0,44.0,28.3,2.0,0.49999999999999994,0.8660254037844387,80.4,111.9,87.7,50.0,56.0,57.0,26.1,24.0,22.8,17.697203168862586,-31.5,-37.400000000000006,3.299999999999997
2026-08-21 03:00:00+00:00,2026-08-21T10:00:00+07:00,46.3,30.5,2087.0,42.0,29.8,3.0,0.7071067811865475,0.7071067811865476,43.0,80.4,111.9,44.0,50.0,56.0,28.3,26.1,24.0,23.124013492471406,-37.400000000000006,3.299999999999997,-3.5
2026-08-21 04:00:00+00:00,2026-08-21T11:00:00+07:00,42.8,29.1,1887.0,41.0,31.1,4.0,0.8660254037844386,0.5000000000000001,46.3,43.0,80.4,42.0,44.0,50.0,29.8,28.3,26.1,26.065839714077875,3.299999999999997,-3.5,-7.699999999999996
2026-08-21 05:00:00+00:00,2026-08-21T12:00:00+07:00,35.1,24.1,1403.0,39.0,32.6,5.0,0.9659258262890683,0.25881904510252074,42.8,46.3,43.0,41.0,42.0,44.0,31.1,29.8,28.3,28.97305069658122,-3.5,-7.699999999999996,-1.3999999999999986
2026-08-21 06:00:00+00:00,2026-08-21T13:00:00+07:00,33.7,23.3,1333.0,38.0,33.5,6.0,1.0,6.123233995736766e-17,35.1,42.8,46.3,39.0,41.0,42.0,32.6,31.1,29.8,30.007560158511126,-7.699999999999996,-1.3999999999999986,2.5
2026-08-21 07:00:00+00:00,2026-08-21T14:00:00+07:00,36.2,24.8,1469.0,38.0,33.7,7.0,0.9659258262890683,-0.25881904510252063,33.7,35.1,42.8,38.0,39.0,41.0,33.5,32.6,31.1,17.135392223893287,-1.3999999999999986,2.5,-0.7000000000000028
2026-08-21 08:00:00+00:00,2026-08-21T15:00:00+07:00,35.5,24.2,1422.0,41.0,32.9,8.0,0.8660254037844387,-0.4999999999999998,36.2,33.7,35.1,38.0,38.0,39.0,33.7,33.5,32.6,5.162718921911353,2.5,-0.7000000000000028,-1.2999999999999972
2026-08-21 09:00:00+00:00,2026-08-21T16:00:00+07:00,34.2,23.0,1311.0,48.0,29.9,9.0,0.7071067811865476,-0.7071067811865475,35.5,36.2,33.7,41.0,38.0,38.0,32.9,33.7,33.5,5.057535631773777,-0.7000000000000028,-1.2999999999999972,1.3999999999999986
2026-08-21 10:00:00+00:00,2026-08-21T17:00:00+07:00,35.6,23.7,1382.0,53.0,28.2,10.0,0.49999999999999994,-0.8660254037844387,34.2,35.5,36.2,48.0,41.0,38.0,29.9,32.9,33.7,3.3315161713541888,-1.2999999999999972,1.3999999999999986,1.8999999999999986
2026-08-21 11:00:00+00:00,2026-08-21T18:00:00+07:00,37.5,23.8,1413.0,55.0,27.5,11.0,0.258819045102521,-0.9659258262890682,35.6,34.2,35.5,53.0,48.0,41.0,28.2,29.9,32.9,0.9354143466904584,1.3999999999999986,1.8999999999999986,-7.800000000000001
2026-08-21 12:00:00+00:00,2026-08-21T19:00:00+07:00,29.7,20.5,1078.0,55.0,27.3,12.0,1.2246467991473532e-16,-1.0,37.5,35.6,34.2,55.0,53.0,48.0,27.5,28.2,29.9,1.3722244714311078,1.8999999999999986,-7.800000000000001,-3.8000000000000007
2026-08-21 13:00:00+00:00,2026-08-21T20:00:00+07:00,25.9,17.4,932.0,56.0,27.0,13.0,-0.2588190451025208,-0.9659258262890683,29.7,37.5,35.6,55.0,55.0,53.0,27.3,27.5,28.2,2.711026865720989,-7.800000000000001,-3.8000000000000007,2.200000000000003
2026-08-21 14:00:00+00:00,2026-08-21T21:00:00+07:00,28.1,19.4,999.0,58.0,26.6,14.0,-0.4999999999999997,-0.8660254037844388,25.9,29.7,37.5,56.0,55.0,55.0,27.0,27.3,27.5,4.38117183715279,-3.8000000000000007,2.200000000000003,1.5
2026-08-21 15:00:00+00:00,2026-08-21T22:00:00+07:00,29.6,20.5,1059.0,58.0,26.2,15.0,-0.7071067811865471,-0.7071067811865479,28.1,25.9,29.7,58.0,56.0,55.0,26.6,27.0,27.3,4.595505050226862,2.200000000000003,1.5,3.1000000000000014
2026-08-21 16:00:00+00:00,2026-08-21T23:00:00+07:00,32.7,21.9,1205.0,59.0,25.7,16.0,-0.8660254037844384,-0.5000000000000004,29.6,28.1,25.9,58.0,58.0,56.0,26.2,26.6,27.0,4.504516252236247,1.5,3.1000000000000014,2.6999999999999957
2026-08-21 17:00:00+00:00,2026-08-22T00:00:00+07:00,35.4,23.0,1303.0,59.0,25.4,17.0,-0.9659258262890683,-0.25881904510252063,32.7,29.6,28.1,59.0,58.0,58.0,25.7,26.2,26.6,4.053845910571888,3.1000000000000014,2.6999999999999957,12.100000000000001
2026-08-21 18:00:00+00:00,2026-08-22T01:00:00+07:00,47.5,30.1,2057.0,59.0,24.9,18.0,-1.0,-1.8369701987210297e-16,35.4,32.7,29.6,59.0,59.0,58.0,25.4,25.7,26.2,3.370262106522336,2.6999999999999957,12.100000000000001,12.899999999999999
2026-08-21 19:00:00+00:00,2026-08-22T02:00:00+07:00,60.4,36.2,2733.0,57.0,24.5,19.0,-0.9659258262890684,0.2588190451025203,47.5,35.4,32.7,59.0,59.0,59.0,24.9,25.4,25.7,7.76968467828612,12.100000000000001,12.899999999999999,-2.299999999999997
2026-08-21 20:00:00+00:00,2026-08-22T03:00:00+07:00,58.1,35.1,2654.0,58.0,23.9,20.0,-0.8660254037844386,0.5000000000000001,60.4,47.5,35.4,57.0,59.0,59.0,24.5,24.9,25.4,12.569924423002504,12.899999999999999,-2.299999999999997,-5.899999999999999
2026-08-21 21:00:00+00:00,2026-08-22T04:00:00+07:00,52.2,33.0,2391.0,56.0,24.4,21.0,-0.7071067811865477,0.7071067811865474,58.1,60.4,47.5,58.0,57.0,59.0,23.9,24.5,24.9,13.33427913312135,-2.299999999999997,-5.899999999999999,12.5
2026-08-21 22:00:00+00:00,2026-08-22T05:00:00+07:00,64.7,38.6,2877.0,54.0,24.4,22.0,-0.5000000000000004,0.8660254037844384,52.2,58.1,60.4,56.0,58.0,57.0,24.4,23.9,24.5,11.541475931035105,-5.899999999999999,12.5,-7.400000000000006
2026-08-21 23:00:00+00:00,2026-08-22T06:00:00+07:00,57.3,35.5,2717.0,53.0,24.3,23.0,-0.25881904510252157,0.9659258262890681,64.7,52.2,58.1,54.0,56.0,58.0,24.4,24.4,23.9,10.566882227033512,12.5,-7.400000000000006,33.10000000000001
2026-08-22 00:00:00+00:00,2026-08-22T07:00:00+07:00,90.4,53.8,4039.0,53.0,25.6,0.0,0.0,1.0,57.3,64.7,52.2,53.0,54.0,56.0,24.3,24.4,24.4,6.0811183182040764,-7.400000000000006,33.10000000000001,-37.2
2026-08-22 01:00:00+00:00,2026-08-22T08:00:00+07:00,53.2,33.3,2377.0,51.0,26.5,1.0,0.25881904510252074,0.9659258262890683,90.4,57.3,64.7,53.0,53.0,54.0,25.6,24.3,24.4,13.632424582589781,33.10000000000001,-37.2,-5.900000000000006
2026-08-22 02:00:00+00:00,2026-08-22T09:00:00+07:00,47.3,30.3,2064.0,47.0,27.6,2.0,0.49999999999999994,0.8660254037844387,53.2,90.4,57.3,51.0,53.0,53.0,26.5,25.6,24.3,14.297517266994225,-37.2,-5.900000000000006,5.0
2026-08-22 03:00:00+00:00,2026-08-22T10:00:00+07:00,52.3,33.6,2475.0,43.0,28.9,3.0,0.7071067811865475,0.7071067811865476,47.3,53.2,90.4,47.0,51.0,53.0,27.6,26.5,25.6,15.604967157927563,-5.900000000000006,5.0,1.8000000000000043
2026-08-22 04:00:00+00:00,2026-08-22T11:00:00+07:00,54.1,34.4,2581.0,39.0,30.6,4.0,0.8660254037844386,0.5000000000000001,52.3,47.3,53.2,43.0,47.0,51.0,28.9,27.6,26.5,15.593930443177708,5.0,1.8000000000000043,4.799999999999997
2026-08-22 05:00:00+00:00,2026-08-22T12:00:00+07:00,58.9,36.8,2768.0,36.0,32.6,5.0,0.9659258262890683,0.25881904510252074,54.1,52.3,47.3,39.0,43.0,47.0,30.6,28.9,27.6,15.673034167001537,1.8000000000000043,4.799999999999997,-2.8999999999999986
2026-08-22 06:00:00+00:00,2026-08-22T13:00:00+07:00,56.0,35.4,2678.0,35.0,33.9,6.0,1.0,6.123233995736766e-17,58.9,54.1,52.3,36.0,39.0,43.0,32.6,30.6,28.9,15.649877528807192,4.799999999999997,-2.8999999999999986,-8.399999999999999
2026-08-22 07:00:00+00:00,2026-08-22T14:00:00+07:00,47.6,31.3,2173.0,38.0,33.4,7.0,0.9659258262890683,-0.25881904510252063,56.0,58.9,54.1,35.0,36.0,39.0,33.9,32.6,30.6,3.889301565405221,-2.8999999999999986,-8.399999999999999,-3.8999999999999986
2026-08-22 08:00:00+00:00,2026-08-22T15:00:00+07:00,43.7,28.8,1897.0,40.0,32.6,8.0,0.8660254037844387,-0.4999999999999998,47.6,56.0,58.9,38.0,35.0,36.0,33.4,33.9,32.6,4.61779168001294,-8.399999999999999,-3.8999999999999986,-0.4000000000000057
2026-08-22 09:00:00+00:00,2026-08-22T16:00:00+07:00,43.3,28.5,1834.0,46.0,29.7,9.0,0.7071067811865476,-0.7071067811865475,43.7,47.6,56.0,40.0,38.0,35.0,32.6,33.4,33.9,5.591064299397445,-3.8999999999999986,-0.4000000000000057,-0.6999999999999957
2026-08-22 10:00:00+00:00,2026-08-22T17:00:00+07:00,42.6,28.2,1804.0,49.0,28.2,10.0,0.49999999999999994,-0.8660254037844387,43.3,43.7,47.6,46.0,40.0,38.0,29.7,32.6,33.4,6.636264009214558,-0.4000000000000057,-0.6999999999999957,-3.0
2026-08-22 11:00:00+00:00,2026-08-22T18:00:00+07:00,39.6,26.2,1610.0,50.0,27.6,11.0,0.258819045102521,-0.9659258262890682,42.6,43.3,43.7,49.0,46.0,40.0,28.2,29.7,32.6,7.06977133057802,-0.6999999999999957,-3.0,-3.0
2026-08-22 12:00:00+00:00,2026-08-22T19:00:00+07:00,36.6,24.3,1457.0,51.0,27.1,12.0,1.2246467991473532e-16,-1.0,39.6,42.6,43.3,50.0,49.0,46.0,27.6,28.2,29.7,5.761134147601717,-3.0,-3.0,5.399999999999999
2026-08-22 13:00:00+00:00,2026-08-22T20:00:00+07:00,42.0,27.4,1725.0,53.0,26.8,13.0,-0.2588190451025208,-0.9659258262890683,36.6,39.6,42.6,51.0,50.0,49.0,27.1,27.6,28.2,3.765457032906123,-3.0,5.399999999999999,-1.6000000000000014
2026-08-22 14:00:00+00:00,2026-08-22T21:00:00+07:00,40.4,26.6,1637.0,55.0,26.3,14.0,-0.4999999999999997,-0.8660254037844388,42.0,36.6,39.6,53.0,51.0,50.0,26.8,27.1,27.6,2.717351651883761,5.399999999999999,-1.6000000000000014,-2.8999999999999986
2026-08-22 15:00:00+00:00,2026-08-22T22:00:00+07:00,37.5,25.0,1472.0,56.0,25.9,15.0,-0.7071067811865471,-0.7071067811865479,40.4,42.0,36.6,55.0,53.0,51.0,26.3,26.8,27.1,2.4558094388602982,-1.6000000000000014,-2.8999999999999986,-1.3999999999999986
2026-08-22 16:00:00+00:00,2026-08-22T23:00:00+07:00,36.1,23.9,1404.0,56.0,25.7,16.0,-0.8660254037844384,-0.5000000000000004,37.5,40.4,42.0,56.0,55.0,53.0,25.9,26.3,26.8,2.3920005574125334,-2.8999999999999986,-1.3999999999999986,-0.8000000000000043
2026-08-22 17:00:00+00:00,2026-08-23T00:00:00+07:00,35.3,23.5,1345.0,58.0,25.4,17.0,-0.9659258262890683,-0.25881904510252063,36.1,37.5,40.4,56.0,56.0,55.0,25.7,25.9,26.3,2.3323807579370572,-1.3999999999999986,-0.8000000000000043,-1.5999999999999943
2026-08-22 18:00:00+00:00,2026-08-23T01:00:00+07:00,33.7,22.4,1246.0,57.0,25.2,18.0,-1.0,-1.8369701987210297e-16,35.3,36.1,37.5,58.0,56.0,56.0,25.4,25.7,25.9,2.6407700897014124,-0.8000000000000043,-1.5999999999999943,-2.900000000000002
2026-08-22 19:00:00+00:00,2026-08-23T02:00:00+07:00,30.8,21.1,1111.0,57.0,25.1,19.0,-0.9659258262890684,0.2588190451025203,33.7,35.3,36.1,57.0,58.0,56.0,25.2,25.4,25.7,3.159113799785451,-1.5999999999999943,-2.900000000000002,1.0
2026-08-22 20:00:00+00:00,2026-08-23T03:00:00+07:00,31.8,21.4,1154.0,58.0,25.1,20.0,-0.8660254037844386,0.5000000000000001,30.8,33.7,35.3,57.0,57.0,58.0,25.1,25.2,25.4,3.2751590292169444,-2.900000000000002,1.0,-1.6000000000000014
2026-08-22 21:00:00+00:00,2026-08-23T04:00:00+07:00,30.2,20.6,1100.0,58.0,24.9,21.0,-0.7071067811865477,0.7071067811865474,31.8,30.8,33.7,58.0,57.0,57.0,25.1,25.1,25.2,2.5799224794544524,1.0,-1.6000000000000014,8.3
2026-08-22 22:00:00+00:00,2026-08-23T05:00:00+07:00,38.5,25.2,1536.0,59.0,24.1,22.0,-0.5000000000000004,0.8660254037844384,30.2,31.8,30.8,58.0,58.0,57.0,24.9,25.1,25.1,2.429334613975789,-1.6000000000000014,8.3,32.5
2026-08-22 23:00:00+00:00,2026-08-23T06:00:00+07:00,71.0,44.3,3337.0,58.0,24.2,23.0,-0.25881904510252157,0.9659258262890681,38.5,30.2,31.8,59.0,58.0,58.0,24.1,24.9,25.1,3.1390550595140825,8.3,32.5,-28.299999999999997
2026-08-23 00:00:00+00:00,2026-08-23T07:00:00+07:00,42.7,27.4,1759.0,53.0,25.3,0.0,0.0,1.0,71.0,38.5,30.2,58.0,59.0,58.0,24.2,24.1,24.9,15.799957805850681,32.5,-28.299999999999997,-1.3000000000000043
2026-08-23 01:00:00+00:00,2026-08-23T08:00:00+07:00,41.4,27.4,1710.0,50.0,26.6,1.0,0.25881904510252074,0.9659258262890683,42.7,71.0,38.5,53.0,58.0,59.0,25.3,24.2,24.1,15.583923339989264,-28.299999999999997,-1.3000000000000043,0.8999999999999986
2026-08-23 02:00:00+00:00,2026-08-23T09:00:00+07:00,42.3,27.6,1766.0,46.0,27.6,2.0,0.49999999999999994,0.8660254037844387,41.4,42.7,71.0,50.0,53.0,58.0,26.6,25.3,24.2,14.800135134518055,-1.3000000000000043,0.8999999999999986,-6.099999999999994
2026-08-23 03:00:00+00:00,2026-08-23T10:00:00+07:00,36.2,23.8,1404.0,39.0,30.0,3.0,0.7071067811865475,0.7071067811865476,42.3,41.4,42.7,46.0,50.0,53.0,27.6,26.6,25.3,13.858535276139252,0.8999999999999986,-6.099999999999994,4.399999999999999
2026-08-23 04:00:00+00:00,2026-08-23T11:00:00+07:00,40.6,26.9,1684.0,37.0,31.7,4.0,0.8660254037844386,0.5000000000000001,36.2,42.3,41.4,39.0,46.0,50.0,30.0,27.6,26.6,12.810113192317862,-6.099999999999994,4.399999999999999,5.600000000000001
2026-08-23 05:00:00+00:00,2026-08-23T12:00:00+07:00,46.2,30.7,2116.0,35.0,33.5,5.0,0.9659258262890683,0.25881904510252074,40.6,36.2,42.3,37.0,39.0,46.0,31.7,30.0,27.6,12.612692020341898,4.399999999999999,5.600000000000001,-5.200000000000003
2026-08-23 06:00:00+00:00,2026-08-23T13:00:00+07:00,41.0,27.7,1754.0,33.0,34.6,6.0,1.0,6.123233995736766e-17,46.2,40.6,36.2,35.0,37.0,39.0,33.5,31.7,30.0,3.257401827632306,5.600000000000001,-5.200000000000003,-5.899999999999999
2026-08-23 07:00:00+00:00,2026-08-23T14:00:00+07:00,35.1,24.0,1403.0,32.0,34.9,7.0,0.9659258262890683,-0.25881904510252063,41.0,46.2,40.6,33.0,35.0,37.0,34.6,33.5,31.7,3.2127350757045376,-5.200000000000003,-5.899999999999999,-1.2000000000000028
2026-08-23 08:00:00+00:00,2026-08-23T15:00:00+07:00,33.9,23.4,1342.0,33.0,34.4,8.0,0.8660254037844387,-0.4999999999999998,35.1,41.0,46.2,32.0,33.0,35.0,34.9,34.6,33.5,4.0795424580045845,-5.899999999999999,-1.2000000000000028,-1.7999999999999972
2026-08-23 09:00:00+00:00,2026-08-23T16:00:00+07:00,32.1,22.2,1229.0,44.0,29.9,9.0,0.7071067811865476,-0.7071067811865475,33.9,35.1,41.0,33.0,32.0,33.0,34.4,34.9,34.6,4.632350015560339,-1.2000000000000028,-1.7999999999999972,6.600000000000001
2026-08-23 10:00:00+00:00,2026-08-23T17:00:00+07:00,38.7,26.0,1563.0,51.0,27.2,10.0,0.49999999999999994,-0.8660254037844387,32.1,33.9,35.1,44.0,33.0,32.0,29.9,34.4,34.9,5.345933033624263,-1.7999999999999972,6.600000000000001,-0.8000000000000043
2026-08-23 11:00:00+00:00,2026-08-23T18:00:00+07:00,37.9,25.4,1505.0,54.0,26.5,11.0,0.258819045102521,-0.9659258262890682,38.7,32.1,33.9,51.0,44.0,33.0,27.2,29.9,34.4,5.226726190136779,6.600000000000001,-0.8000000000000043,-8.0
2026-08-23 12:00:00+00:00,2026-08-23T19:00:00+07:00,29.9,20.7,1109.0,56.0,26.0,12.0,1.2246467991473532e-16,-1.0,37.9,38.7,32.1,54.0,51.0,44.0,26.5,27.2,29.9,3.3200903602153464,-0.8000000000000043,-8.0,-0.29999999999999716
2026-08-23 13:00:00+00:00,2026-08-23T20:00:00+07:00,29.6,20.2,1075.0,55.0,26.3,13.0,-0.2588190451025208,-0.9659258262890683,29.9,37.9,38.7,56.0,54.0,51.0,26.0,26.5,27.2,3.3698664661963433,-8.0,-0.29999999999999716,-2.5
2026-08-23 14:00:00+00:00,2026-08-23T21:00:00+07:00,27.1,17.7,964.0,56.0,26.1,14.0,-0.4999999999999997,-0.8660254037844388,29.6,29.9,37.9,55.0,56.0,54.0,26.3,26.0,26.5,3.9112231675859634,-0.29999999999999716,-2.5,-1.5
2026-08-23 15:00:00+00:00,2026-08-23T22:00:00+07:00,25.6,16.7,922.0,56.0,26.0,15.0,-0.7071067811865471,-0.7071067811865479,27.1,29.6,29.9,56.0,55.0,56.0,26.1,26.3,26.0,4.734448225505731,-2.5,-1.5,-6.300000000000001
2026-08-23 16:00:00+00:00,2026-08-23T23:00:00+07:00,19.3,9.9,735.0,55.0,25.8,16.0,-0.8660254037844384,-0.5000000000000004,25.6,27.1,29.6,56.0,56.0,55.0,26.0,26.1,26.3,5.534136487895911,-1.5,-6.300000000000001,-1.8000000000000007
2026-08-23 17:00:00+00:00,2026-08-24T00:00:00+07:00,17.5,8.5,695.0,55.0,25.6,17.0,-0.9659258262890683,-0.25881904510252063,19.3,25.6,27.1,55.0,56.0,56.0,25.8,26.0,26.1,6.101038163022789,-6.300000000000001,-1.8000000000000007,-4.699999999999999
2026-08-23 18:00:00+00:00,2026-08-24T01:00:00+07:00,12.8,6.7,609.0,55.0,25.4,18.0,-1.0,-1.8369701987210297e-16,17.5,19.3,25.6,55.0,55.0,56.0,25.6,25.8,26.0,5.26333227781223,-1.8000000000000007,-4.699999999999999,-3.3000000000000007
2026-08-23 19:00:00+00:00,2026-08-24T02:00:00+07:00,9.5,5.5,543.0,56.0,25.2,19.0,-0.9659258262890684,0.2588190451025203,12.8,17.5,19.3,55.0,55.0,55.0,25.4,25.6,25.8,6.463873967417661,-4.699999999999999,-3.3000000000000007,-3.2
2026-08-23 20:00:00+00:00,2026-08-24T03:00:00+07:00,6.3,3.6,436.0,55.0,25.0,20.0,-0.8660254037844386,0.5000000000000001,9.5,12.8,17.5,56.0,55.0,55.0,25.2,25.4,25.6,6.919441210579026,-3.3000000000000007,-3.2,1.7000000000000002
2026-08-23 21:00:00+00:00,2026-08-24T04:00:00+07:00,8.0,4.4,482.0,54.0,24.9,21.0,-0.7071067811865477,0.7071067811865474,6.3,9.5,12.8,55.0,56.0,55.0,25.0,25.2,25.4,7.038655174581216,-3.2,1.7000000000000002,6.199999999999999
2026-08-23 22:00:00+00:00,2026-08-24T05:00:00+07:00,14.2,7.1,624.0,54.0,25.0,22.0,-0.5000000000000004,0.8660254037844384,8.0,6.3,9.5,54.0,55.0,56.0,24.9,25.0,25.2,5.264852008049093,1.7000000000000002,6.199999999999999,11.3
2026-08-23 23:00:00+00:00,2026-08-24T06:00:00+07:00,25.5,16.2,930.0,56.0,24.9,23.0,-0.25881904510252157,0.9659258262890681,14.2,8.0,6.3,54.0,54.0,55.0,25.0,24.9,25.0,4.199722213034865,6.199999999999999,11.3,11.5
2026-08-24 00:00:00+00:00,2026-08-24T07:00:00+07:00,37.0,24.7,1474.0,54.0,25.4,0.0,0.0,1.0,25.5,14.2,8.0,56.0,54.0,54.0,24.9,25.0,24.9,6.919368950031398,11.3,11.5,4.399999999999999
2026-08-24 01:00:00+00:00,2026-08-24T08:00:00+07:00,41.4,27.5,1747.0,50.0,26.1,1.0,0.25881904510252074,0.9659258262890683,37.0,25.5,14.2,54.0,56.0,54.0,25.4,24.9,25.0,12.0950816450321,11.5,4.399999999999999,1.3999999999999986
2026-08-24 02:00:00+00:00,2026-08-24T09:00:00+07:00,42.8,28.4,1834.0,47.0,27.1,2.0,0.49999999999999994,0.8660254037844387,41.4,37.0,25.5,50.0,54.0,56.0,26.1,25.4,24.9,14.945991658858228,4.399999999999999,1.3999999999999986,-1.6999999999999957
2026-08-24 03:00:00+00:00,2026-08-24T10:00:00+07:00,41.1,27.4,1714.0,42.0,28.7,3.0,0.7071067811865475,0.7071067811865476,42.8,41.4,37.0,47.0,50.0,54.0,27.1,26.1,25.4,14.670753218563584,1.3999999999999986,-1.6999999999999957,3.6999999999999957
2026-08-24 04:00:00+00:00,2026-08-24T11:00:00+07:00,44.8,30.2,2041.0,39.0,30.4,4.0,0.8660254037844386,0.5000000000000001,41.1,42.8,41.4,42.0,47.0,50.0,28.7,27.1,26.1,11.447561603532042,-1.6999999999999957,3.6999999999999957,1.7000000000000028
2026-08-24 05:00:00+00:00,2026-08-24T12:00:00+07:00,46.5,31.4,2167.0,36.0,32.3,5.0,0.9659258262890683,0.25881904510252074,44.8,41.1,42.8,39.0,42.0,47.0,30.4,28.7,27.1,6.988180497573151,3.6999999999999957,1.7000000000000028,1.2999999999999972
2026-08-24 06:00:00+00:00,2026-08-24T13:00:00+07:00,47.8,32.0,2255.0,35.0,33.6,6.0,1.0,6.123233995736766e-17,46.5,44.8,41.1,36.0,39.0,42.0,32.3,30.4,28.7,3.3007069949727694,1.7000000000000028,1.2999999999999972,-4.899999999999999
2026-08-24 07:00:00+00:00,2026-08-24T14:00:00+07:00,42.9,29.1,1909.0,35.0,33.5,7.0,0.9659258262890683,-0.25881904510252063,47.8,46.5,44.8,35.0,36.0,39.0,33.6,32.3,30.4,2.753664225475283,1.2999999999999972,-4.899999999999999,-1.1000000000000014
2026-08-24 08:00:00+00:00,2026-08-24T15:00:00+07:00,41.8,28.2,1831.0,40.0,30.8,8.0,0.8660254037844387,-0.4999999999999998,42.9,47.8,46.5,35.0,35.0,36.0,33.5,33.6,32.3,2.5214413867195926,-4.899999999999999,-1.1000000000000014,-14.799999999999997
2026-08-24 09:00:00+00:00,2026-08-24T16:00:00+07:00,27.0,18.1,1001.0,45.0,29.2,9.0,0.7071067811865476,-0.7071067811865475,41.8,42.9,47.8,40.0,35.0,35.0,30.8,33.5,33.6,2.6703932294693478,-1.1000000000000014,-14.799999999999997,-2.6999999999999993
2026-08-24 10:00:00+00:00,2026-08-24T17:00:00+07:00,24.3,15.7,908.0,48.0,27.6,10.0,0.49999999999999994,-0.8660254037844387,27.0,41.8,42.9,45.0,40.0,35.0,29.2,30.8,33.5,7.580765132887009,-14.799999999999997,-2.6999999999999993,-1.5
2026-08-24 11:00:00+00:00,2026-08-24T18:00:00+07:00,22.8,13.9,847.0,51.0,26.6,11.0,0.258819045102521,-0.9659258262890682,24.3,27.0,41.8,48.0,45.0,40.0,27.6,29.2,30.8,10.144440184981208,-2.6999999999999993,-1.5,-2.900000000000002
2026-08-24 12:00:00+00:00,2026-08-24T19:00:00+07:00,19.9,10.2,750.0,53.0,26.0,12.0,1.2246467991473532e-16,-1.0,22.8,24.3,27.0,51.0,48.0,45.0,26.6,27.6,29.2,10.935203092154305,-1.5,-2.900000000000002,-3.599999999999998
2026-08-24 13:00:00+00:00,2026-08-24T20:00:00+07:00,16.3,8.1,667.0,54.0,25.9,13.0,-0.2588190451025208,-0.9659258262890683,19.9,22.8,24.3,53.0,51.0,48.0,26.0,26.6,27.6,10.007080826427881,-2.900000000000002,-3.599999999999998,0.09999999999999787
2026-08-24 14:00:00+00:00,2026-08-24T21:00:00+07:00,16.4,9.6,718.0,54.0,25.5,14.0,-0.4999999999999997,-0.8660254037844388,16.3,19.9,22.8,54.0,53.0,51.0,25.9,26.0,26.6,8.860417597381815,-3.599999999999998,0.09999999999999787,-6.599999999999998
2026-08-24 15:00:00+00:00,2026-08-24T22:00:00+07:00,9.8,5.7,552.0,54.0,25.4,15.0,-0.7071067811865471,-0.7071067811865479,16.4,16.3,19.9,54.0,54.0,53.0,25.5,25.9,26.0,4.347604704507933,0.09999999999999787,-6.599999999999998,-1.3000000000000007
2026-08-24 16:00:00+00:00,2026-08-24T23:00:00+07:00,8.5,5.3,525.0,54.0,25.5,16.0,-0.8660254037844384,-0.5000000000000004,9.8,16.4,16.3,54.0,54.0,54.0,25.4,25.5,25.9,5.266023167437882,-6.599999999999998,-1.3000000000000007,0.1999999999999993
2026-08-24 17:00:00+00:00,2026-08-25T00:00:00+07:00,8.7,5.1,524.0,55.0,25.3,17.0,-0.9659258262890683,-0.25881904510252063,8.5,9.8,16.4,54.0,54.0,54.0,25.5,25.4,25.5,5.576886825699338,-1.3000000000000007,0.1999999999999993,-3.6999999999999993
2026-08-24 18:00:00+00:00,2026-08-25T01:00:00+07:00,5.0,2.7,392.0,55.0,25.0,18.0,-1.0,-1.8369701987210297e-16,8.7,8.5,9.8,55.0,54.0,54.0,25.3,25.5,25.4,4.870592024247007,0.1999999999999993,-3.6999999999999993,19.1
2026-08-24 19:00:00+00:00,2026-08-25T02:00:00+07:00,24.1,16.4,902.0,52.0,24.7,19.0,-0.9659258262890684,0.2588190451025203,5.0,8.7,8.5,55.0,55.0,54.0,25.0,25.3,25.5,4.603223508223151,-3.6999999999999993,19.1,-3.700000000000003
2026-08-24 20:00:00+00:00,2026-08-25T03:00:00+07:00,20.4,9.7,740.0,50.0,24.6,20.0,-0.8660254037844386,0.5000000000000001,24.1,5.0,8.7,52.0,55.0,55.0,24.7,25.0,25.3,6.967184988692235,19.1,-3.700000000000003,2.0
2026-08-24 21:00:00+00:00,2026-08-25T04:00:00+07:00,22.4,12.6,823.0,50.0,24.0,21.0,-0.7071067811865477,0.7071067811865474,20.4,24.1,5.0,50.0,52.0,55.0,24.6,24.7,25.0,7.623319486942144,-3.700000000000003,2.0,5.800000000000001
2026-08-24 22:00:00+00:00,2026-08-25T05:00:00+07:00,28.2,19.0,998.0,48.0,22.9,22.0,-0.5000000000000004,0.8660254037844384,22.4,20.4,24.1,50.0,50.0,52.0,24.0,24.6,24.7,8.34907180469734,2.0,5.800000000000001,32.400000000000006
2026-08-24 23:00:00+00:00,2026-08-25T06:00:00+07:00,60.6,38.4,2738.0,52.0,22.4,23.0,-0.25881904510252157,0.9659258262890681,28.2,22.4,20.4,48.0,50.0,50.0,22.9,24.0,24.6,9.184261901027169,5.800000000000001,32.400000000000006,-15.800000000000004
2026-08-25 00:00:00+00:00,2026-08-25T07:00:00+07:00,44.8,29.5,1932.0,51.0,23.6,0.0,0.0,1.0,60.6,28.2,22.4,52.0,48.0,50.0,22.4,22.9,24.0,18.369803119975465,32.400000000000006,-15.800000000000004,-3.0999999999999943
2026-08-25 01:00:00+00:00,2026-08-25T08:00:00+07:00,41.7,27.5,1732.0,49.0,25.3,1.0,0.25881904510252074,0.9659258262890683,44.8,60.6,28.2,51.0,52.0,48.0,23.6,22.4,22.9,15.958247606384015,-15.800000000000004,-3.0999999999999943,0.6999999999999957
2026-08-25 02:00:00+00:00,2026-08-25T09:00:00+07:00,42.4,28.1,1805.0,45.0,27.1,2.0,0.49999999999999994,0.8660254037844387,41.7,44.8,60.6,49.0,51.0,52.0,25.3,23.6,22.4,15.514606021423647,-3.0999999999999943,0.6999999999999957,-0.8999999999999986
2026-08-25 03:00:00+00:00,2026-08-25T10:00:00+07:00,41.5,28.1,1793.0,39.0,28.7,3.0,0.7071067811865475,0.7071067811865476,42.4,41.7,44.8,45.0,49.0,51.0,27.1,25.3,23.6,13.453983301114283,0.6999999999999957,-0.8999999999999986,1.5
2026-08-25 04:00:00+00:00,2026-08-25T11:00:00+07:00,43.0,28.9,1903.0,36.0,30.6,4.0,0.8660254037844386,0.5000000000000001,41.5,42.4,41.7,39.0,45.0,49.0,28.7,27.1,25.3,10.354709073653188,-0.8999999999999986,1.5,-4.5
2026-08-25 05:00:00+00:00,2026-08-25T12:00:00+07:00,38.5,26.5,1642.0,33.0,32.7,5.0,0.9659258262890683,0.25881904510252074,43.0,41.5,42.4,36.0,39.0,45.0,30.6,28.7,27.1,7.411252705626938,1.5,-4.5,-14.8
2026-08-25 06:00:00+00:00,2026-08-25T13:00:00+07:00,23.7,15.6,902.0,33.0,33.8,6.0,1.0,6.123233995736766e-17,38.5,43.0,41.5,33.0,36.0,39.0,32.7,30.6,28.7,2.07789958050484,-4.5,-14.8,1.9000000000000021
2026-08-25 07:00:00+00:00,2026-08-25T14:00:00+07:00,25.6,16.2,1046.0,35.0,32.5,7.0,0.9659258262890683,-0.25881904510252063,23.7,38.5,43.0,33.0,33.0,36.0,33.8,32.7,30.6,7.39909904425274,-14.8,1.9000000000000021,11.299999999999997
2026-08-25 08:00:00+00:00,2026-08-25T15:00:00+07:00,36.9,25.7,1555.0,39.0,31.3,8.0,0.8660254037844387,-0.4999999999999998,25.6,23.7,38.5,35.0,33.0,33.0,32.5,33.8,32.7,8.782121991105653,1.9000000000000021,11.299999999999997,-1.2999999999999972
2026-08-25 09:00:00+00:00,2026-08-25T16:00:00+07:00,35.6,24.7,1478.0,44.0,29.5,9.0,0.7071067811865476,-0.7071067811865475,36.9,25.6,23.7,39.0,35.0,33.0,31.3,32.5,33.8,8.22257056319138,11.299999999999997,-1.2999999999999972,-9.8
2026-08-25 10:00:00+00:00,2026-08-25T17:00:00+07:00,25.8,16.8,990.0,47.0,28.1,10.0,0.49999999999999994,-0.8660254037844387,35.6,36.9,25.6,44.0,39.0,35.0,29.5,31.3,32.5,7.59984648967736,-1.2999999999999972,-9.8,-1.6999999999999993
2026-08-25 11:00:00+00:00,2026-08-25T18:00:00+07:00,24.1,15.5,891.0,50.0,27.2,11.0,0.258819045102521,-0.9659258262890682,25.8,35.6,36.9,47.0,44.0,39.0,28.1,29.5,31.3,6.658953871792546,-9.8,-1.6999999999999993,1.3999999999999986
2026-08-25 12:00:00+00:00,2026-08-25T19:00:00+07:00,25.5,18.2,949.0,53.0,26.4,12.0,1.2246467991473532e-16,-1.0,24.1,25.8,35.6,50.0,47.0,44.0,27.2,28.1,29.5,5.983115130653984,-1.6999999999999993,1.3999999999999986,1.1999999999999993
2026-08-25 13:00:00+00:00,2026-08-25T20:00:00+07:00,26.7,19.0,995.0,54.0,26.0,13.0,-0.2588190451025208,-0.9659258262890683,25.5,24.1,25.8,53.0,50.0,47.0,26.4,27.2,28.1,5.726924712850753,1.3999999999999986,1.1999999999999993,-4.199999999999999
2026-08-25 14:00:00+00:00,2026-08-25T21:00:00+07:00,22.5,13.6,836.0,55.0,25.7,14.0,-0.4999999999999997,-0.8660254037844388,26.7,25.5,24.1,54.0,53.0,50.0,26.0,26.4,27.2,5.616048432839058,1.1999999999999993,-4.199999999999999,-3.1999999999999993
2026-08-25 15:00:00+00:00,2026-08-25T22:00:00+07:00,19.3,9.6,743.0,56.0,25.5,15.0,-0.7071067811865471,-0.7071067811865479,22.5,26.7,25.5,55.0,54.0,53.0,25.7,26.0,26.4,4.601304162951387,-4.199999999999999,-3.1999999999999993,4.199999999999999
2026-08-25 16:00:00+00:00,2026-08-25T23:00:00+07:00,23.5,13.5,966.0,55.0,25.3,16.0,-0.8660254037844384,-0.5000000000000004,19.3,22.5,26.7,56.0,55.0,54.0,25.5,25.7,26.0,2.7250076452480148,-3.1999999999999993,4.199999999999999,23.9
2026-08-25 17:00:00+00:00,2026-08-26T00:00:00+07:00,47.4,31.0,2139.0,51.0,24.5,17.0,-0.9659258262890683,-0.25881904510252063,23.5,19.3,22.5,55.0,56.0,55.0,25.3,25.5,25.7,2.576043477892681,4.199999999999999,23.9,-1.6999999999999957
2026-08-25 18:00:00+00:00,2026-08-26T01:00:00+07:00,45.7,29.8,2006.0,51.0,23.8,18.0,-1.0,-1.8369701987210297e-16,47.4,23.5,19.3,51.0,55.0,56.0,24.5,25.3,25.5,10.088491793457559,23.9,-1.6999999999999957,-5.5
2026-08-25 19:00:00+00:00,2026-08-26T02:00:00+07:00,40.2,26.6,1628.0,49.0,23.6,19.0,-0.9659258262890684,0.2588190451025203,45.7,47.4,23.5,51.0,51.0,55.0,23.8,24.5,25.3,12.399959677353563,-1.6999999999999957,-5.5,2.6999999999999957
2026-08-25 20:00:00+00:00,2026-08-26T03:00:00+07:00,42.9,28.1,1787.0,51.0,23.3,20.0,-0.8660254037844386,0.5000000000000001,40.2,45.7,47.4,49.0,51.0,51.0,23.6,23.8,24.5,12.717075135423025,-5.5,2.6999999999999957,-4.199999999999996
2026-08-25 21:00:00+00:00,2026-08-26T04:00:00+07:00,38.7,25.6,1531.0,51.0,23.0,21.0,-0.7071067811865477,0.7071067811865474,42.9,40.2,45.7,51.0,49.0,51.0,23.3,23.6,23.8,12.02447504051611,2.6999999999999957,-4.199999999999996,30.799999999999997
2026-08-25 22:00:00+00:00,2026-08-26T05:00:00+07:00,69.5,45.2,3290.0,55.0,22.8,22.0,-0.5000000000000004,0.8660254037844384,38.7,42.9,40.2,51.0,51.0,49.0,23.0,23.3,23.6,8.593175586863216,-4.199999999999996,30.799999999999997,-11.600000000000001
2026-08-25 23:00:00+00:00,2026-08-26T06:00:00+07:00,57.9,38.1,2791.0,54.0,23.0,23.0,-0.25881904510252157,0.9659258262890681,69.5,38.7,42.9,55.0,51.0,51.0,22.8,23.0,23.3,11.305573846558882,30.799999999999997,-11.600000000000001,13.800000000000004
2026-08-26 00:00:00+00:00,2026-08-26T07:00:00+07:00,71.7,45.9,3444.0,54.0,24.1,0.0,0.0,1.0,57.9,69.5,38.7,54.0,55.0,51.0,23.0,22.8,23.0,12.090947026597892,-11.600000000000001,13.800000000000004,-23.1
2026-08-26 01:00:00+00:00,2026-08-26T08:00:00+07:00,48.6,31.9,2153.0,51.0,26.3,1.0,0.25881904510252074,0.9659258262890683,71.7,57.9,69.5,54.0,54.0,55.0,24.1,23.0,22.8,14.93243672903601,13.800000000000004,-23.1,-18.400000000000002
2026-08-26 02:00:00+00:00,2026-08-26T09:00:00+07:00,30.2,21.4,1144.0,44.0,28.3,2.0,0.49999999999999994,0.8660254037844387,48.6,71.7,57.9,51.0,54.0,54.0,26.3,24.1,23.0,13.787881152180846,-23.1,-18.400000000000002,1.3000000000000007
2026-08-26 03:00:00+00:00,2026-08-26T10:00:00+07:00,31.5,22.2,1234.0,41.0,30.1,3.0,0.7071067811865475,0.7071067811865476,30.2,48.6,71.7,44.0,51.0,54.0,28.3,26.3,24.1,16.66921313879763,-18.400000000000002,1.3000000000000007,7.5
2026-08-26 04:00:00+00:00,2026-08-26T11:00:00+07:00,39.0,26.5,1665.0,37.0,31.7,4.0,0.8660254037844386,0.5000000000000001,31.5,30.2,48.6,41.0,44.0,51.0,30.1,28.3,26.3,18.083546849737843,1.3000000000000007,7.5,2.3999999999999986
2026-08-26 05:00:00+00:00,2026-08-26T12:00:00+07:00,41.4,28.5,1847.0,36.0,33.1,5.0,0.9659258262890683,0.25881904510252074,39.0,31.5,30.2,37.0,41.0,44.0,31.7,30.1,28.3,16.22558678959448,7.5,2.3999999999999986,-6.199999999999996
2026-08-26 06:00:00+00:00,2026-08-26T13:00:00+07:00,35.2,24.8,1464.0,36.0,33.7,6.0,1.0,6.123233995736766e-17,41.4,39.0,31.5,36.0,37.0,41.0,33.1,31.7,30.1,15.273986600316979,2.3999999999999986,-6.199999999999996,-2.0
2026-08-26 07:00:00+00:00,2026-08-26T14:00:00+07:00,33.2,23.3,1329.0,36.0,33.6,7.0,0.9659258262890683,-0.25881904510252063,35.2,41.4,39.0,36.0,36.0,37.0,33.7,33.1,31.7,6.8573318426334975,-6.199999999999996,-2.0,3.5999999999999943
2026-08-26 08:00:00+00:00,2026-08-26T15:00:00+07:00,36.8,25.4,1523.0,38.0,33.0,8.0,0.8660254037844387,-0.4999999999999998,33.2,35.2,41.4,36.0,36.0,36.0,33.6,33.7,33.1,4.370087718417304,-2.0,3.5999999999999943,3.200000000000003
2026-08-26 09:00:00+00:00,2026-08-26T16:00:00+07:00,40.0,27.4,1698.0,44.0,30.3,9.0,0.7071067811865476,-0.7071067811865475,36.8,33.2,35.2,38.0,36.0,36.0,33.0,33.6,33.7,3.6695594649306122,3.5999999999999943,3.200000000000003,1.8999999999999986
2026-08-26 10:00:00+00:00,2026-08-26T17:00:00+07:00,41.9,28.1,1771.0,50.0,28.3,10.0,0.49999999999999994,-0.8660254037844387,40.0,36.8,33.2,44.0,38.0,36.0,30.3,33.0,33.6,3.0958036113415344,3.200000000000003,1.8999999999999986,0.7000000000000028
2026-08-26 11:00:00+00:00,2026-08-26T18:00:00+07:00,42.6,28.6,1838.0,52.0,27.6,11.0,0.258819045102521,-0.9659258262890682,41.9,40.0,36.8,50.0,44.0,38.0,28.3,30.3,33.0,3.5510092462090252,1.8999999999999986,0.7000000000000028,-0.6000000000000014
2026-08-26 12:00:00+00:00,2026-08-26T19:00:00+07:00,42.0,28.2,1804.0,54.0,26.9,12.0,1.2246467991473532e-16,-1.0,42.6,41.9,40.0,52.0,50.0,44.0,27.6,28.3,30.3,3.8002192919175086,0.7000000000000028,-0.6000000000000014,2.799999999999997
2026-08-26 13:00:00+00:00,2026-08-26T20:00:00+07:00,44.8,29.7,1968.0,56.0,26.3,13.0,-0.2588190451025208,-0.9659258262890683,42.0,42.6,41.9,54.0,52.0,50.0,26.9,27.6,28.3,3.709672043006241,-0.6000000000000014,2.799999999999997,-2.0999999999999943
2026-08-26 14:00:00+00:00,2026-08-26T21:00:00+07:00,42.7,28.0,1783.0,57.0,26.0,14.0,-0.4999999999999997,-0.8660254037844388,44.8,42.0,42.6,56.0,54.0,52.0,26.3,26.9,27.6,2.709797040369552,2.799999999999997,-2.0999999999999943,-1.0
2026-08-26 15:00:00+00:00,2026-08-26T22:00:00+07:00,41.7,27.5,1731.0,56.0,25.9,15.0,-0.7071067811865471,-0.7071067811865479,42.7,44.8,42.0,57.0,56.0,54.0,26.0,26.3,26.9,1.5513435037612793,-2.0999999999999943,-1.0,-7.200000000000003
2026-08-26 16:00:00+00:00,2026-08-26T23:00:00+07:00,34.5,23.3,1350.0,57.0,25.4,16.0,-0.8660254037844384,-0.5000000000000004,41.7,42.7,44.8,56.0,57.0,56.0,25.9,26.0,26.3,1.1409060726730937,-1.0,-7.200000000000003,-0.7000000000000028
2026-08-26 17:00:00+00:00,2026-08-27T00:00:00+07:00,33.8,22.3,1244.0,58.0,25.1,17.0,-0.9659258262890683,-0.25881904510252063,34.5,41.7,42.7,57.0,56.0,57.0,25.4,25.9,26.0,3.5425508700175685,-7.200000000000003,-0.7000000000000028,1.2000000000000028
2026-08-26 18:00:00+00:00,2026-08-27T01:00:00+07:00,35.0,23.0,1319.0,58.0,25.0,18.0,-1.0,-1.8369701987210297e-16,33.8,34.5,41.7,58.0,57.0,56.0,25.1,25.4,25.9,4.601485267461161,-0.7000000000000028,1.2000000000000028,-16.3
2026-08-26 19:00:00+00:00,2026-08-27T02:00:00+07:00,18.7,10.2,726.0,58.0,25.0,19.0,-0.9659258262890684,0.2588190451025203,35.0,33.8,34.5,58.0,58.0,57.0,25.0,25.1,25.4,4.84840179853066,1.2000000000000028,-16.3,-6.299999999999999
2026-08-26 20:00:00+00:00,2026-08-27T03:00:00+07:00,12.4,6.6,594.0,58.0,24.7,20.0,-0.8660254037844386,0.5000000000000001,18.7,35.0,33.8,58.0,58.0,58.0,25.0,25.0,25.1,8.595347578777426,-16.3,-6.299999999999999,2.5
2026-08-26 21:00:00+00:00,2026-08-27T04:00:00+07:00,14.9,7.2,638.0,56.0,24.6,21.0,-0.7071067811865477,0.7071067811865474,12.4,18.7,35.0,58.0,58.0,58.0,24.7,25.0,25.0,11.238282786973928,-6.299999999999999,2.5,16.5
2026-08-26 22:00:00+00:00,2026-08-27T05:00:00+07:00,31.4,20.3,1176.0,54.0,24.0,22.0,-0.5000000000000004,0.8660254037844384,14.9,12.4,18.7,56.0,58.0,58.0,24.6,24.7,25.0,10.658971182373122,2.5,16.5,7.800000000000004
2026-08-26 23:00:00+00:00,2026-08-27T06:00:00+07:00,39.2,25.7,1606.0,54.0,24.1,23.0,-0.25881904510252157,0.9659258262890681,31.4,14.9,12.4,54.0,56.0,58.0,24.0,24.6,24.7,10.163201595297647,16.5,7.800000000000004,-9.200000000000003
2026-08-27 00:00:00+00:00,2026-08-27T07:00:00+07:00,30.0,18.5,1286.0,52.0,25.3,0.0,0.0,1.0,39.2,31.4,14.9,54.0,54.0,56.0,24.1,24.0,24.6,11.336960203981521,7.800000000000004,-9.200000000000003,-7.199999999999999
2026-08-27 01:00:00+00:00,2026-08-27T08:00:00+07:00,22.8,13.8,904.0,49.0,26.4,1.0,0.25881904510252074,0.9659258262890683,30.0,39.2,31.4,52.0,54.0,54.0,25.3,24.1,24.0,10.640801974788397,-9.200000000000003,-7.199999999999999,19.400000000000002
2026-08-27 02:00:00+00:00,2026-08-27T09:00:00+07:00,42.2,28.6,1844.0,47.0,27.1,2.0,0.49999999999999994,0.8660254037844387,22.8,30.0,39.2,49.0,52.0,54.0,26.4,25.3,24.1,10.325970495147695,-7.199999999999999,19.400000000000002,2.3999999999999986
2026-08-27 03:00:00+00:00,2026-08-27T10:00:00+07:00,44.6,29.9,1989.0,43.0,28.5,3.0,0.7071067811865475,0.7071067811865476,42.2,22.8,30.0,47.0,49.0,52.0,27.1,26.4,25.3,10.151338171229508,19.400000000000002,2.3999999999999986,-4.800000000000004
2026-08-27 04:00:00+00:00,2026-08-27T11:00:00+07:00,39.8,27.1,1728.0,39.0,30.5,4.0,0.8660254037844386,0.5000000000000001,44.6,42.2,22.8,43.0,47.0,49.0,28.5,27.1,26.4,8.347854015653466,2.3999999999999986,-4.800000000000004,-16.9
2026-08-27 05:00:00+00:00,2026-08-27T12:00:00+07:00,22.9,14.9,891.0,34.0,32.2,5.0,0.9659258262890683,0.25881904510252074,39.8,44.6,42.2,39.0,43.0,47.0,30.5,28.5,27.1,8.320977506679238,-4.800000000000004,-16.9,-7.099999999999998
2026-08-27 06:00:00+00:00,2026-08-27T13:00:00+07:00,15.8,8.0,670.0,34.0,32.9,6.0,1.0,6.123233995736766e-17,22.9,39.8,44.6,34.0,39.0,43.0,32.2,30.5,28.5,9.771472082888103,-16.9,-7.099999999999998,-5.200000000000001
2026-08-27 07:00:00+00:00,2026-08-27T14:00:00+07:00,10.6,6.2,583.0,36.0,31.9,7.0,0.9659258262890683,-0.25881904510252063,15.8,22.9,39.8,34.0,34.0,39.0,32.9,32.2,30.5,12.25557016217502,-7.099999999999998,-5.200000000000001,-1.1999999999999993
2026-08-27 08:00:00+00:00,2026-08-27T15:00:00+07:00,9.4,5.6,556.0,37.0,30.6,8.0,0.8660254037844387,-0.4999999999999998,10.6,15.8,22.9,36.0,34.0,34.0,31.9,32.9,32.2,14.7217412919349,-5.200000000000001,-1.1999999999999993,2.0
2026-08-27 09:00:00+00:00,2026-08-27T16:00:00+07:00,11.4,6.2,595.0,40.0,28.8,9.0,0.7071067811865476,-0.7071067811865475,9.4,10.6,15.8,37.0,36.0,34.0,30.6,31.9,32.9,15.066751474687365,-1.1999999999999993,2.0,1.5999999999999996
2026-08-27 10:00:00+00:00,2026-08-27T17:00:00+07:00,13.0,6.8,619.0,45.0,27.3,10.0,0.49999999999999994,-0.8660254037844387,11.4,9.4,10.6,40.0,37.0,36.0,28.8,30.6,31.9,11.625560918366906,2.0,1.5999999999999996,8.2
2026-08-27 11:00:00+00:00,2026-08-27T18:00:00+07:00,21.2,11.5,792.0,48.0,26.4,11.0,0.258819045102521,-0.9659258262890682,13.0,11.4,9.4,45.0,40.0,37.0,27.3,28.8,30.6,4.955703784528781,1.5999999999999996,8.2,-1.8999999999999986
2026-08-27 12:00:00+00:00,2026-08-27T19:00:00+07:00,19.3,10.4,744.0,50.0,25.9,12.0,1.2246467991473532e-16,-1.0,21.2,13.0,11.4,48.0,45.0,40.0,26.4,27.3,28.8,4.345879274284956,8.2,-1.8999999999999986,-9.600000000000001
2026-08-27 13:00:00+00:00,2026-08-27T20:00:00+07:00,9.7,5.3,535.0,50.0,25.6,13.0,-0.2588190451025208,-0.9659258262890683,19.3,21.2,13.0,50.0,48.0,45.0,25.9,26.4,27.3,4.90458968722083,-1.8999999999999986,-9.600000000000001,-3.799999999999999
2026-08-27 14:00:00+00:00,2026-08-27T21:00:00+07:00,5.9,3.7,437.0,52.0,25.3,14.0,-0.4999999999999997,-0.8660254037844388,9.7,19.3,21.2,50.0,50.0,48.0,25.6,25.9,26.4,5.046583002388141,-9.600000000000001,-3.799999999999999,0.7999999999999998
2026-08-27 15:00:00+00:00,2026-08-27T22:00:00+07:00,6.7,4.1,469.0,52.0,25.1,15.0,-0.7071067811865471,-0.7071067811865479,5.9,9.7,19.3,52.0,50.0,50.0,25.3,25.6,25.9,5.8266342485743445,-3.799999999999999,0.7999999999999998,2.999999999999999
2026-08-27 16:00:00+00:00,2026-08-27T23:00:00+07:00,9.7,5.6,545.0,52.0,24.7,16.0,-0.8660254037844384,-0.5000000000000004,6.7,5.9,9.7,52.0,52.0,50.0,25.1,25.3,25.6,6.436044333801581,0.7999999999999998,2.999999999999999,8.8
2026-08-27 17:00:00+00:00,2026-08-28T00:00:00+07:00,18.5,9.5,719.0,55.0,23.7,17.0,-0.9659258262890683,-0.25881904510252063,9.7,6.7,5.9,52.0,52.0,52.0,24.7,25.1,25.3,6.538628806306364,2.999999999999999,8.8,9.100000000000001
2026-08-27 18:00:00+00:00,2026-08-28T01:00:00+07:00,27.6,19.4,1040.0,57.0,23.3,18.0,-1.0,-1.8369701987210297e-16,18.5,9.7,6.7,55.0,52.0,52.0,23.7,24.7,25.1,5.841461004462782,8.8,9.100000000000001,4.099999999999998
2026-08-27 19:00:00+00:00,2026-08-28T02:00:00+07:00,31.7,22.0,1214.0,58.0,22.9,19.0,-0.9659258262890684,0.2588190451025203,27.6,18.5,9.7,57.0,55.0,52.0,23.3,23.7,24.7,8.429570965752616,9.100000000000001,4.099999999999998,17.599999999999998
2026-08-27 20:00:00+00:00,2026-08-28T03:00:00+07:00,49.3,31.9,2239.0,59.0,22.6,20.0,-0.8660254037844386,0.5000000000000001,31.7,27.6,18.5,58.0,57.0,55.0,22.9,23.3,23.7,11.069673286355828,4.099999999999998,17.599999999999998,14.799999999999997
2026-08-27 21:00:00+00:00,2026-08-28T04:00:00+07:00,64.1,39.9,2954.0,59.0,22.2,21.0,-0.7071067811865477,0.7071067811865474,49.3,31.7,27.6,59.0,58.0,57.0,22.6,22.9,23.3,15.788149564361888,17.599999999999998,14.799999999999997,10.700000000000003
2026-08-27 22:00:00+00:00,2026-08-28T05:00:00+07:00,74.8,45.6,3403.0,59.0,22.1,22.0,-0.5000000000000004,0.8660254037844384,64.1,49.3,31.7,59.0,59.0,58.0,22.2,22.6,22.9,20.077292314120978,14.799999999999997,10.700000000000003,26.700000000000003
2026-08-27 23:00:00+00:00,2026-08-28T06:00:00+07:00,101.5,61.1,4567.0,60.0,22.2,23.0,-0.25881904510252157,0.9659258262890681,74.8,64.1,49.3,59.0,59.0,59.0,22.1,22.2,22.6,22.138533525657525,10.700000000000003,26.700000000000003,-52.6
2026-08-28 00:00:00+00:00,2026-08-28T07:00:00+07:00,48.9,32.6,2323.0,57.0,23.4,0.0,0.0,1.0,101.5,74.8,64.1,60.0,59.0,59.0,22.2,22.1,22.2,27.939482219015147,26.700000000000003,-52.6,-6.0
2026-08-28 01:00:00+00:00,2026-08-28T08:00:00+07:00,42.9,29.1,1959.0,48.0,25.1,1.0,0.25881904510252074,0.9659258262890683,48.9,101.5,74.8,57.0,60.0,59.0,23.4,22.2,22.1,24.40904886853775,-52.6,-6.0,-3.6999999999999957
2026-08-28 02:00:00+00:00,2026-08-28T09:00:00+07:00,39.2,26.7,1727.0,43.0,26.8,2.0,0.49999999999999994,0.8660254037844387,42.9,48.9,101.5,48.0,57.0,60.0,25.1,23.4,22.2,21.959819367805927,-6.0,-3.6999999999999957,2.3999999999999986
2026-08-28 03:00:00+00:00,2026-08-28T10:00:00+07:00,41.6,27.9,1996.0,41.0,28.4,3.0,0.7071067811865475,0.7071067811865476,39.2,42.9,48.9,43.0,48.0,57.0,26.8,25.1,23.4,23.59957626738237,-3.6999999999999957,2.3999999999999986,-24.0
2026-08-28 04:00:00+00:00,2026-08-28T11:00:00+07:00,17.6,9.9,722.0,35.0,30.5,4.0,0.8660254037844386,0.5000000000000001,41.6,39.2,42.9,41.0,43.0,48.0,28.4,26.8,25.1,24.9302025663651,2.3999999999999986,-24.0,-1.8000000000000007
2026-08-28 05:00:00+00:00,2026-08-28T12:00:00+07:00,15.8,8.3,679.0,33.0,32.4,5.0,0.9659258262890683,0.25881904510252074,17.6,41.6,39.2,35.0,41.0,43.0,30.5,28.4,26.8,28.033367023364548,-24.0,-1.8000000000000007,-4.800000000000001
2026-08-28 06:00:00+00:00,2026-08-28T13:00:00+07:00,11.0,6.2,584.0,29.0,33.6,6.0,1.0,6.123233995736766e-17,15.8,17.6,41.6,33.0,35.0,41.0,32.4,30.5,28.4,14.039610630877968,-1.8000000000000007,-4.800000000000001,1.8000000000000007
2026-08-28 07:00:00+00:00,2026-08-28T14:00:00+07:00,12.8,6.6,614.0,28.0,33.7,7.0,0.9659258262890683,-0.25881904510252063,11.0,15.8,17.6,29.0,33.0,35.0,33.6,32.4,30.5,14.686104543637882,-4.800000000000001,1.8000000000000007,1.1999999999999993
2026-08-28 08:00:00+00:00,2026-08-28T15:00:00+07:00,14.0,7.0,630.0,30.0,32.7,8.0,0.8660254037844387,-0.4999999999999998,12.8,11.0,15.8,28.0,29.0,33.0,33.7,33.6,32.4,13.692625752571862,1.8000000000000007,1.1999999999999993,4.0
2026-08-28 09:00:00+00:00,2026-08-28T16:00:00+07:00,18.0,9.1,712.0,35.0,30.7,9.0,0.7071067811865476,-0.7071067811865475,14.0,12.8,11.0,30.0,28.0,29.0,32.7,33.7,33.6,11.403157457476146,1.1999999999999993,4.0,8.8
2026-08-28 10:00:00+00:00,2026-08-28T17:00:00+07:00,26.8,18.0,1022.0,43.0,28.4,10.0,0.49999999999999994,-0.8660254037844387,18.0,14.0,12.8,35.0,30.0,28.0,30.7,32.7,33.7,2.761642023626557,4.0,8.8,1.6999999999999993
2026-08-28 11:00:00+00:00,2026-08-28T18:00:00+07:00,28.5,20.4,1071.0,48.0,27.2,11.0,0.258819045102521,-0.9659258262890682,26.8,18.0,14.0,43.0,35.0,30.0,28.4,30.7,32.7,5.6384395004286105,8.8,1.6999999999999993,8.799999999999997
2026-08-28 12:00:00+00:00,2026-08-28T19:00:00+07:00,37.3,25.4,1536.0,51.0,26.4,12.0,1.2246467991473532e-16,-1.0,28.5,26.8,18.0,48.0,43.0,35.0,27.2,28.4,30.7,7.458261638388699,1.6999999999999993,8.799999999999997,0.7000000000000028
2026-08-28 13:00:00+00:00,2026-08-28T20:00:00+07:00,38.0,26.0,1577.0,54.0,25.6,13.0,-0.2588190451025208,-0.9659258262890683,37.3,28.5,26.8,51.0,48.0,43.0,26.4,27.2,28.4,9.582901439542939,8.799999999999997,0.7000000000000028,-1.6000000000000014
2026-08-28 14:00:00+00:00,2026-08-28T21:00:00+07:00,36.4,24.8,1470.0,55.0,25.0,14.0,-0.4999999999999997,-0.8660254037844388,38.0,37.3,28.5,54.0,51.0,48.0,25.6,26.4,27.2,9.791016290457005,0.7000000000000028,-1.6000000000000014,1.3999999999999986
2026-08-28 15:00:00+00:00,2026-08-28T22:00:00+07:00,37.8,25.8,1537.0,56.0,24.7,15.0,-0.7071067811865471,-0.7071067811865479,36.4,38.0,37.3,55.0,54.0,51.0,25.0,25.6,26.4,7.88128585109444,-1.6000000000000014,1.3999999999999986,-1.0999999999999943
2026-08-28 16:00:00+00:00,2026-08-28T23:00:00+07:00,36.7,25.0,1486.0,57.0,24.3,16.0,-0.8660254037844384,-0.5000000000000004,37.8,36.4,38.0,56.0,55.0,54.0,24.7,25.0,25.6,5.080813583144108,1.3999999999999986,-1.0999999999999943,42.89999999999999
2026-08-28 17:00:00+00:00,2026-08-29T00:00:00+07:00,79.6,48.8,3615.0,58.0,23.7,17.0,-0.9659258262890683,-0.25881904510252063,36.7,37.8,36.4,57.0,56.0,55.0,24.3,24.7,25.0,3.620727367071675,-1.0999999999999943,42.89999999999999,79.0
2026-08-28 18:00:00+00:00,2026-08-29T01:00:00+07:00,158.6,93.7,6875.0,58.0,23.2,18.0,-1.0,-1.8369701987210297e-16,79.6,36.7,37.8,58.0,57.0,56.0,23.7,24.3,24.7,17.304334717058488,42.89999999999999,79.0,-93.1
2026-08-28 19:00:00+00:00,2026-08-29T02:00:00+07:00,65.5,41.3,3047.0,57.0,23.1,19.0,-0.9659258262890684,0.2588190451025203,158.6,79.6,36.7,58.0,58.0,57.0,23.2,23.7,24.3,49.1129480551378,79.0,-93.1,45.7
2026-08-28 20:00:00+00:00,2026-08-29T03:00:00+07:00,111.2,67.9,5000.0,58.0,22.6,20.0,-0.8660254037844386,0.5000000000000001,65.5,158.6,79.6,57.0,58.0,58.0,23.1,23.2,23.7,47.39662435237342,-93.1,45.7,-46.5
2026-08-28 21:00:00+00:00,2026-08-29T04:00:00+07:00,64.7,40.9,3069.0,57.0,22.2,21.0,-0.7071067811865477,0.7071067811865474,111.2,65.5,158.6,58.0,57.0,58.0,22.6,23.1,23.2,46.910155261591974,45.7,-46.5,11.5
2026-08-28 22:00:00+00:00,2026-08-29T05:00:00+07:00,76.2,46.7,3521.0,57.0,22.1,22.0,-0.5000000000000004,0.8660254037844384,64.7,111.2,65.5,57.0,58.0,57.0,22.2,22.6,23.1,43.01435806797537,-46.5,11.5,13.200000000000003
2026-08-28 23:00:00+00:00,2026-08-29T06:00:00+07:00,89.4,55.2,4129.0,56.0,22.5,23.0,-0.25881904510252157,0.9659258262890681,76.2,64.7,111.2,57.0,57.0,58.0,22.1,22.2,22.6,36.476659203752,11.5,13.200000000000003,22.69999999999999
2026-08-29 00:00:00+00:00,2026-08-29T07:00:00+07:00,112.1,68.7,5100.0,54.0,23.7,0.0,0.0,1.0,89.4,76.2,64.7,56.0,57.0,57.0,22.5,22.1,22.2,35.99253626332362,13.200000000000003,22.69999999999999,-35.8
2026-08-29 01:00:00+00:00,2026-08-29T08:00:00+07:00,76.3,47.1,3482.0,49.0,25.5,1.0,0.25881904510252074,0.9659258262890683,112.1,89.4,76.2,54.0,56.0,57.0,23.7,22.5,22.1,21.42983123280874,22.69999999999999,-35.8,-31.0
2026-08-29 02:00:00+00:00,2026-08-29T09:00:00+07:00,45.3,29.8,2040.0,43.0,27.5,2.0,0.49999999999999994,0.8660254037844387,76.3,112.1,89.4,49.0,54.0,56.0,25.5,23.7,22.5,19.69481319197177,-35.8,-31.0,-13.499999999999996
2026-08-29 03:00:00+00:00,2026-08-29T10:00:00+07:00,31.8,22.0,1184.0,36.0,30.0,3.0,0.7071067811865475,0.7071067811865476,45.3,76.3,112.1,43.0,49.0,54.0,27.5,25.5,23.7,22.549560232223243,-31.0,-13.499999999999996,1.9999999999999964
2026-08-29 04:00:00+00:00,2026-08-29T11:00:00+07:00,33.8,23.1,1310.0,34.0,31.7,4.0,0.8660254037844386,0.5000000000000001,31.8,45.3,76.3,36.0,43.0,49.0,30.0,27.5,25.5,29.242759787680722,-13.499999999999996,1.9999999999999964,4.900000000000006
2026-08-29 05:00:00+00:00,2026-08-29T12:00:00+07:00,38.7,26.2,1610.0,33.0,33.2,5.0,0.9659258262890683,0.25881904510252074,33.8,31.8,45.3,34.0,36.0,43.0,31.7,30.0,27.5,32.878407301246554,1.9999999999999964,4.900000000000006,0.5
2026-08-29 06:00:00+00:00,2026-08-29T13:00:00+07:00,39.2,26.7,1643.0,33.0,34.0,6.0,1.0,6.123233995736766e-17,38.7,33.8,31.8,33.0,34.0,36.0,33.2,31.7,30.0,31.78330798810378,4.900000000000006,0.5,-3.6000000000000014
2026-08-29 07:00:00+00:00,2026-08-29T14:00:00+07:00,35.6,24.2,1428.0,33.0,34.2,7.0,0.9659258262890683,-0.25881904510252063,39.2,38.7,33.8,33.0,33.0,34.0,34.0,33.2,31.7,16.4243011013151,0.5,-3.6000000000000014,0.7999999999999972
2026-08-29 08:00:00+00:00,2026-08-29T15:00:00+07:00,36.4,24.7,1446.0,37.0,32.7,8.0,0.8660254037844387,-0.4999999999999998,35.6,39.2,38.7,33.0,33.0,33.0,34.2,34.0,33.2,4.793745925682027,-3.6000000000000014,0.7999999999999972,-0.6999999999999957
2026-08-29 09:00:00+00:00,2026-08-29T16:00:00+07:00,35.7,23.8,1406.0,42.0,30.4,9.0,0.7071067811865476,-0.7071067811865475,36.4,35.6,39.2,37.0,33.0,33.0,32.7,34.2,34.0,2.838602942762436,0.7999999999999972,-0.6999999999999957,2.0999999999999943
2026-08-29 10:00:00+00:00,2026-08-29T17:00:00+07:00,37.8,25.1,1497.0,47.0,28.4,10.0,0.49999999999999994,-0.8660254037844387,35.7,36.4,35.6,42.0,37.0,33.0,30.4,32.7,34.2,2.0422210131764933,-0.6999999999999957,2.0999999999999943,-1.0999999999999943
2026-08-29 11:00:00+00:00,2026-08-29T18:00:00+07:00,36.7,24.3,1420.0,49.0,27.6,11.0,0.258819045102521,-0.9659258262890682,37.8,35.7,36.4,47.0,42.0,37.0,28.4,30.4,32.7,1.5526321736521114,2.0999999999999943,-1.0999999999999943,-0.6000000000000014
2026-08-29 12:00:00+00:00,2026-08-29T19:00:00+07:00,36.1,23.7,1387.0,49.0,27.2,12.0,1.2246467991473532e-16,-1.0,36.7,37.8,35.7,49.0,47.0,42.0,27.6,28.4,30.4,1.3798550648502823,-1.0999999999999943,-0.6000000000000014,1.6000000000000014
2026-08-29 13:00:00+00:00,2026-08-29T20:00:00+07:00,37.7,24.8,1478.0,50.0,26.9,13.0,-0.2588190451025208,-0.9659258262890683,36.1,36.7,37.8,49.0,49.0,47.0,27.2,27.6,28.4,0.8084965470919381,-0.6000000000000014,1.6000000000000014,2.3999999999999986
2026-08-29 14:00:00+00:00,2026-08-29T21:00:00+07:00,40.1,26.1,1625.0,52.0,26.2,14.0,-0.4999999999999997,-0.8660254037844388,37.7,36.1,36.7,50.0,49.0,49.0,26.9,27.2,27.6,0.8547904226531925,1.6000000000000014,2.3999999999999986,22.5
2026-08-29 15:00:00+00:00,2026-08-29T22:00:00+07:00,62.6,39.0,2919.0,53.0,25.5,15.0,-0.7071067811865471,-0.7071067811865479,40.1,37.7,36.1,52.0,50.0,49.0,26.2,26.9,27.2,1.5871357849891174,2.3999999999999986,22.5,24.300000000000004
2026-08-29 16:00:00+00:00,2026-08-29T23:00:00+07:00,86.9,52.5,3938.0,54.0,25.1,16.0,-0.8660254037844384,-0.5000000000000004,62.6,40.1,37.7,53.0,52.0,50.0,25.5,26.2,26.9,10.264826674944889,22.5,24.300000000000004,-5.5
2026-08-29 17:00:00+00:00,2026-08-30T00:00:00+07:00,81.4,49.9,3750.0,54.0,24.7,17.0,-0.9659258262890683,-0.25881904510252063,86.9,62.6,40.1,54.0,53.0,52.0,25.1,25.5,26.2,20.687041032169414,24.300000000000004,-5.5,-5.900000000000006
2026-08-29 18:00:00+00:00,2026-08-30T01:00:00+07:00,75.5,45.9,3458.0,55.0,24.3,18.0,-1.0,-1.8369701987210297e-16,81.4,86.9,62.6,54.0,54.0,53.0,24.7,25.1,25.5,22.866277936443044,-5.5,-5.900000000000006,14.099999999999994
2026-08-29 19:00:00+00:00,2026-08-30T02:00:00+07:00,89.6,54.1,4083.0,57.0,23.7,19.0,-0.9659258262890684,0.2588190451025203,75.5,81.4,86.9,55.0,54.0,54.0,24.3,24.7,25.1,21.091578098062328,-5.900000000000006,14.099999999999994,60.80000000000001
2026-08-29 20:00:00+00:00,2026-08-30T03:00:00+07:00,150.4,87.0,6441.0,58.0,23.3,20.0,-0.8660254037844386,0.5000000000000001,89.6,75.5,81.4,57.0,55.0,54.0,23.7,24.3,24.7,18.630879385221288,14.099999999999994,60.80000000000001,14.799999999999983
2026-08-29 21:00:00+00:00,2026-08-30T04:00:00+07:00,165.2,94.0,6940.0,59.0,23.1,21.0,-0.7071067811865477,0.7071067811865474,150.4,89.6,75.5,58.0,57.0,55.0,23.3,23.7,24.3,30.613961956379747,60.80000000000001,14.799999999999983,-62.099999999999994
2026-08-29 22:00:00+00:00,2026-08-30T05:00:00+07:00,103.1,59.9,4461.0,58.0,22.9,22.0,-0.5000000000000004,0.8660254037844384,165.2,150.4,89.6,59.0,58.0,57.0,23.1,23.3,23.7,39.030791263650656,14.799999999999983,-62.099999999999994,-16.299999999999997
2026-08-29 23:00:00+00:00,2026-08-30T06:00:00+07:00,86.8,51.8,3892.0,56.0,23.3,23.0,-0.25881904510252157,0.9659258262890681,103.1,165.2,150.4,58.0,59.0,58.0,22.9,23.1,23.3,37.80654264365718,-62.099999999999994,-16.299999999999997,68.00000000000001
2026-08-30 00:00:00+00:00,2026-08-30T07:00:00+07:00,154.8,92.9,6902.0,56.0,24.4,0.0,0.0,1.0,86.8,103.1,165.2,56.0,58.0,59.0,23.3,22.9,23.1,37.020895000886576,-16.299999999999997,68.00000000000001,-84.80000000000001
2026-08-30 01:00:00+00:00,2026-08-30T08:00:00+07:00,70.0,43.8,2999.0,49.0,26.6,1.0,0.25881904510252074,0.9659258262890683,154.8,86.8,103.1,56.0,56.0,58.0,24.4,23.3,22.9,35.612493126242526,68.00000000000001,-84.80000000000001,-41.3
2026-08-30 02:00:00+00:00,2026-08-30T09:00:00+07:00,28.7,19.8,1029.0,43.0,28.8,2.0,0.49999999999999994,0.8660254037844387,70.0,154.8,86.8,49.0,56.0,56.0,26.6,24.4,23.3,40.120838309619984,-84.80000000000001,-41.3,3.599999999999998
2026-08-30 03:00:00+00:00,2026-08-30T10:00:00+07:00,32.3,22.1,1215.0,40.0,30.5,3.0,0.7071067811865475,0.7071067811865476,28.7,70.0,154.8,43.0,49.0,56.0,28.8,26.6,24.4,51.78666495022311,-41.3,3.599999999999998,-1.2999999999999972
2026-08-30 04:00:00+00:00,2026-08-30T11:00:00+07:00,31.0,21.4,1164.0,38.0,31.8,4.0,0.8660254037844386,0.5000000000000001,32.3,28.7,70.0,40.0,43.0,49.0,30.5,28.8,26.6,47.283799198738926,3.599999999999998,-1.2999999999999972,-0.5
2026-08-30 05:00:00+00:00,2026-08-30T12:00:00+07:00,30.5,21.2,1151.0,36.0,33.1,5.0,0.9659258262890683,0.25881904510252074,31.0,32.3,28.7,38.0,40.0,43.0,31.8,30.5,28.8,49.14556609366365,-1.2999999999999972,-0.5,0.6999999999999993
2026-08-30 06:00:00+00:00,2026-08-30T13:00:00+07:00,31.2,21.8,1189.0,36.0,33.8,6.0,1.0,6.123233995736766e-17,30.5,31.0,32.3,36.0,38.0,40.0,33.1,31.8,30.5,50.03676315137362,-0.5,0.6999999999999993,-4.0
2026-08-30 07:00:00+00:00,2026-08-30T14:00:00+07:00,27.2,18.7,1010.0,38.0,33.4,7.0,0.9659258262890683,-0.25881904510252063,31.2,30.5,31.0,36.0,36.0,38.0,33.8,33.1,31.8,16.07101946569218,0.6999999999999993,-4.0,0.1999999999999993
2026-08-30 08:00:00+00:00,2026-08-30T15:00:00+07:00,27.4,19.2,994.0,40.0,32.1,8.0,0.8660254037844387,-0.4999999999999998,27.2,31.2,30.5,38.0,36.0,36.0,33.4,33.8,33.1,1.8641351882278496,-4.0,0.1999999999999993,2.400000000000002
2026-08-30 09:00:00+00:00,2026-08-30T16:00:00+07:00,29.8,20.6,1082.0,47.0,29.4,9.0,0.7071067811865476,-0.7071067811865475,27.4,27.2,31.2,40.0,38.0,36.0,32.1,33.4,33.8,2.123833012893414,0.1999999999999993,2.400000000000002,-1.1000000000000014
2026-08-30 10:00:00+00:00,2026-08-30T17:00:00+07:00,28.7,19.7,1027.0,51.0,27.8,10.0,0.49999999999999994,-0.8660254037844387,29.8,27.4,27.2,47.0,40.0,38.0,29.4,32.1,33.4,1.7848435972532328,2.400000000000002,-1.1000000000000014,-2.3000000000000007
2026-08-30 11:00:00+00:00,2026-08-30T18:00:00+07:00,26.4,16.1,948.0,55.0,27.0,11.0,0.258819045102521,-0.9659258262890682,28.7,29.8,27.4,51.0,47.0,40.0,27.8,29.4,32.1,1.6439789130812499,-1.1000000000000014,-2.3000000000000007,-9.5
2026-08-30 12:00:00+00:00,2026-08-30T19:00:00+07:00,16.9,7.4,650.0,56.0,26.7,12.0,1.2246467991473532e-16,-1.0,26.4,28.7,29.8,55.0,51.0,47.0,27.0,27.8,29.4,1.806377590646277,-2.3000000000000007,-9.5,-0.9999999999999982
2026-08-30 13:00:00+00:00,2026-08-30T20:00:00+07:00,15.9,7.3,636.0,57.0,26.3,13.0,-0.2588190451025208,-0.9659258262890683,16.9,26.4,28.7,56.0,55.0,51.0,26.7,27.0,27.8,4.6491576297922395,-9.5,-0.9999999999999982,-3.5999999999999996
2026-08-30 14:00:00+00:00,2026-08-30T21:00:00+07:00,12.3,6.0,572.0,58.0,26.2,14.0,-0.4999999999999997,-0.8660254037844388,15.9,16.9,26.4,57.0,56.0,55.0,26.3,26.7,27.0,6.146028527972771,-0.9999999999999982,-3.5999999999999996,-1.700000000000001
2026-08-30 15:00:00+00:00,2026-08-30T22:00:00+07:00,10.6,5.6,551.0,56.0,26.1,15.0,-0.7071067811865471,-0.7071067811865479,12.3,15.9,16.9,58.0,57.0,56.0,26.2,26.3,26.7,7.506441678095873,-3.5999999999999996,-1.700000000000001,6.9
2026-08-30 16:00:00+00:00,2026-08-30T23:00:00+07:00,17.5,7.6,650.0,54.0,26.0,16.0,-0.8660254037844384,-0.5000000000000004,10.6,12.3,15.9,56.0,58.0,57.0,26.1,26.2,26.3,7.437920856439275,-1.700000000000001,6.9,-1.5999999999999996
2026-08-30 17:00:00+00:00,2026-08-31T00:00:00+07:00,15.9,7.2,637.0,52.0,25.8,17.0,-0.9659258262890683,-0.25881904510252063,17.5,10.6,12.3,54.0,56.0,58.0,26.0,26.1,26.2,5.512168357369669,6.9,-1.5999999999999996,-0.09999999999999964
2026-08-30 18:00:00+00:00,2026-08-31T01:00:00+07:00,15.8,7.2,641.0,50.0,25.5,18.0,-1.0,-1.8369701987210297e-16,15.9,17.5,10.6,52.0,54.0,56.0,25.8,26.0,26.1,2.7566283753867142,-1.5999999999999996,-0.09999999999999964,10.8
2026-08-30 19:00:00+00:00,2026-08-31T02:00:00+07:00,26.6,15.6,984.0,51.0,25.1,19.0,-0.9659258262890684,0.2588190451025203,15.8,15.9,17.5,50.0,52.0,54.0,25.5,25.8,26.0,2.62653129938591,-0.09999999999999964,10.8,16.6
2026-08-30 20:00:00+00:00,2026-08-31T03:00:00+07:00,43.2,28.1,1811.0,53.0,24.4,20.0,-0.8660254037844386,0.5000000000000001,26.6,15.8,15.9,51.0,50.0,52.0,25.1,25.5,25.8,5.5909748702697115,10.8,16.6,4.0
2026-08-30 21:00:00+00:00,2026-08-31T04:00:00+07:00,47.2,30.6,2103.0,53.0,23.9,21.0,-0.7071067811865477,0.7071067811865474,43.2,26.6,15.8,53.0,51.0,50.0,24.4,25.1,25.5,11.794066304713915,16.6,4.0,7.299999999999997
2026-08-30 22:00:00+00:00,2026-08-31T05:00:00+07:00,54.5,35.4,2595.0,54.0,23.5,22.0,-0.5000000000000004,0.8660254037844384,47.2,43.2,26.6,53.0,53.0,51.0,23.9,24.4,25.1,14.188727920429974,4.0,7.299999999999997,15.0
2026-08-30 23:00:00+00:00,2026-08-31T06:00:00+07:00,69.5,44.2,3324.0,56.0,23.8,23.0,-0.25881904510252157,0.9659258262890681,54.5,47.2,43.2,54.0,53.0,53.0,23.5,23.9,24.4,16.689118211177504,7.299999999999997,15.0,6.700000000000003
2026-08-31 00:00:00+00:00,2026-08-31T07:00:00+07:00,76.2,47.7,3580.0,56.0,24.8,0.0,0.0,1.0,69.5,54.5,47.2,56.0,54.0,53.0,23.8,23.5,23.9,19.291137861722703,15.0,6.700000000000003,0.5
2026-08-31 01:00:00+00:00,2026-08-31T08:00:00+07:00,76.7,48.1,3611.0,52.0,26.5,1.0,0.25881904510252074,0.9659258262890683,76.2,69.5,54.5,56.0,56.0,54.0,24.8,23.8,23.5,18.10675748627179,6.700000000000003,0.5,-23.800000000000004
2026-08-31 02:00:00+00:00,2026-08-31T09:00:00+07:00,52.9,34.0,2477.0,49.0,28.2,2.0,0.49999999999999994,0.8660254037844387,76.7,76.2,69.5,52.0,56.0,56.0,26.5,24.8,23.8,14.825844551547839,0.5,-23.800000000000004,5.100000000000001
2026-08-31 03:00:00+00:00,2026-08-31T10:00:00+07:00,58.0,37.2,2798.0,46.0,29.5,3.0,0.7071067811865475,0.7071067811865476,52.9,76.7,76.2,49.0,52.0,56.0,28.2,26.5,24.8,12.867892860397191,-23.800000000000004,5.100000000000001,-6.600000000000001
2026-08-31 04:00:00+00:00,2026-08-31T11:00:00+07:00,51.4,33.5,2436.0,41.0,30.9,4.0,0.8660254037844386,0.5000000000000001,58.0,52.9,76.7,46.0,49.0,52.0,29.5,28.2,26.5,10.839126656085412,5.100000000000001,-6.600000000000001,2.5
2026-08-31 05:00:00+00:00,2026-08-31T12:00:00+07:00,53.9,35.0,2588.0,41.0,31.2,5.0,0.9659258262890683,0.25881904510252074,51.4,58.0,52.9,41.0,46.0,49.0,30.9,29.5,28.2,11.474043169984206,-6.600000000000001,2.5,-10.399999999999999
2026-08-31 06:00:00+00:00,2026-08-31T13:00:00+07:00,43.5,29.1,1930.0,40.0,32.8,6.0,1.0,6.123233995736766e-17,53.9,51.4,58.0,41.0,41.0,46.0,31.2,30.9,29.5,11.773770282567128,2.5,-10.399999999999999,-6.399999999999999
2026-08-31 07:00:00+00:00,2026-08-31T14:00:00+07:00,37.1,25.0,1503.0,41.0,32.3,7.0,0.9659258262890683,-0.25881904510252063,43.5,53.9,51.4,40.0,41.0,41.0,32.8,31.2,30.9,11.170437174375044,-10.399999999999999,-6.399999999999999,-9.600000000000001
2026-08-31 08:00:00+00:00,2026-08-31T15:00:00+07:00,27.5,19.4,1002.0,43.0,31.3,8.0,0.8660254037844387,-0.4999999999999998,37.1,43.5,53.9,41.0,40.0,41.0,32.3,32.8,31.2,7.701082175036106,-6.399999999999999,-9.600000000000001,0.8999999999999986
2026-08-31 09:00:00+00:00,2026-08-31T16:00:00+07:00,28.4,19.5,1035.0,46.0,29.8,9.0,0.7071067811865476,-0.7071067811865475,27.5,37.1,43.5,43.0,41.0,40.0,31.3,32.3,32.8,11.486978134681815,-9.600000000000001,0.8999999999999986,2.5
2026-08-31 10:00:00+00:00,2026-08-31T17:00:00+07:00,30.9,21.3,1128.0,48.0,28.4,10.0,0.49999999999999994,-0.8660254037844387,28.4,27.5,37.1,46.0,43.0,41.0,29.8,31.3,32.3,11.261438629233417,0.8999999999999986,2.5,0.8000000000000007
2026-08-31 11:00:00+00:00,2026-08-31T18:00:00+07:00,31.7,21.5,1161.0,49.0,27.9,11.0,0.258819045102521,-0.9659258262890682,30.9,28.4,27.5,48.0,46.0,43.0,28.4,29.8,31.3,10.287937921014915,2.5,0.8000000000000007,-2.1999999999999993
2026-08-31 12:00:00+00:00,2026-08-31T19:00:00+07:00,29.5,19.8,1073.0,50.0,27.4,12.0,1.2246467991473532e-16,-1.0,31.7,30.9,28.4,49.0,48.0,46.0,27.9,28.4,29.8,6.072369114822983,0.8000000000000007,-2.1999999999999993,12.200000000000003
2026-08-31 13:00:00+00:00,2026-08-31T20:00:00+07:00,41.7,27.7,1742.0,53.0,26.6,13.0,-0.2588190451025208,-0.9659258262890683,29.5,31.7,30.9,50.0,49.0,48.0,27.4,27.9,28.4,3.430306108788103,-2.1999999999999993,12.200000000000003,1.2999999999999972
2026-08-31 14:00:00+00:00,2026-08-31T21:00:00+07:00,43.0,28.3,1823.0,56.0,25.8,14.0,-0.4999999999999997,-0.8660254037844388,41.7,29.5,31.7,53.0,50.0,49.0,26.6,27.4,27.9,5.176259911041541,12.200000000000003,1.2999999999999972,2.5
2026-08-31 15:00:00+00:00,2026-08-31T22:00:00+07:00,45.5,29.7,1974.0,58.0,25.4,15.0,-0.7071067811865471,-0.7071067811865479,43.0,41.7,29.5,56.0,53.0,50.0,25.8,26.6,27.4,6.427441170480642,1.2999999999999972,2.5,15.700000000000003
2026-08-31 16:00:00+00:00,2026-08-31T23:00:00+07:00,61.2,38.6,2864.0,58.0,25.1,16.0,-0.8660254037844384,-0.5000000000000004,45.5,43.0,41.7,58.0,56.0,53.0,25.4,25.8,26.6,7.097534783288497,2.5,15.700000000000003,15.299999999999997
2026-08-31 17:00:00+00:00,2026-09-01T00:00:00+07:00,76.5,46.1,3475.0,57.0,24.4,17.0,-0.9659258262890683,-0.25881904510252063,61.2,45.5,43.0,58.0,58.0,56.0,25.1,25.4,25.8,11.351299485080599,15.700000000000003,15.299999999999997,8.299999999999997
2026-08-31 18:00:00+00:00,2026-09-01T01:00:00+07:00,84.8,51.2,3829.0,58.0,24.0,18.0,-1.0,-1.8369701987210297e-16,76.5,61.2,45.5,57.0,58.0,58.0,24.4,25.1,25.4,16.643036581905932,15.299999999999997,8.299999999999997,7.5
2026-08-31 19:00:00+00:00,2026-09-01T02:00:00+07:00,92.3,55.9,4199.0,59.0,23.7,19.0,-0.9659258262890684,0.2588190451025203,84.8,76.5,61.2,58.0,57.0,58.0,24.0,24.4,25.1,18.514795885093108,8.299999999999997,7.5,-16.39999999999999
2026-08-31 20:00:00+00:00,2026-09-01T03:00:00+07:00,75.9,46.6,3484.0,59.0,23.5,20.0,-0.8660254037844386,0.5000000000000001,92.3,84.8,76.5,59.0,58.0,57.0,23.7,24.0,24.4,20.58537506742741,7.5,-16.39999999999999,9.399999999999991
2026-08-31 21:00:00+00:00,2026-09-01T04:00:00+07:00,85.3,52.2,3928.0,60.0,23.2,21.0,-0.7071067811865477,0.7071067811865474,75.9,92.3,84.8,59.0,59.0,58.0,23.5,23.7,24.0,16.895798294250447,-16.39999999999999,9.399999999999991,29.299999999999997
2026-08-31 22:00:00+00:00,2026-09-01T05:00:00+07:00,114.6,68.0,5066.0,60.0,23.1,22.0,-0.5000000000000004,0.8660254037844384,85.3,75.9,92.3,60.0,59.0,59.0,23.2,23.5,23.7,10.791231007937142,9.399999999999991,29.299999999999997,-32.5
2026-08-31 23:00:00+00:00,2026-09-01T06:00:00+07:00,82.1,50.8,3784.0,58.0,23.5,23.0,-0.25881904510252157,0.9659258262890681,114.6,85.3,75.9,60.0,60.0,59.0,23.1,23.2,23.5,14.296246593657568,29.299999999999997,-32.5,-12.599999999999994
2026-09-01 00:00:00+00:00,2026-09-01T07:00:00+07:00,69.5,43.6,3263.0,57.0,24.7,0.0,0.0,1.0,82.1,114.6,85.3,58.0,60.0,60.0,23.5,23.1,23.2,13.53981782250654,-32.5,-12.599999999999994,-1.0999999999999943
2026-09-01 01:00:00+00:00,2026-09-01T08:00:00+07:00,68.4,42.5,3214.0,54.0,25.7,1.0,0.25881904510252074,0.9659258262890683,69.5,82.1,114.6,57.0,58.0,60.0,24.7,23.5,23.1,15.781814428850232,-12.599999999999994,-1.0999999999999943,3.0
2026-09-01 02:00:00+00:00,2026-09-01T09:00:00+07:00,71.4,43.0,3233.0,50.0,26.9,2.0,0.49999999999999994,0.8660254037844387,68.4,69.5,82.1,54.0,57.0,58.0,25.7,24.7,23.5,17.02746800515757,-1.0999999999999943,3.0,-4.800000000000011
2026-09-01 03:00:00+00:00,2026-09-01T10:00:00+07:00,66.6,41.3,3132.0,45.0,28.6,3.0,0.7071067811865475,0.7071067811865476,71.4,68.4,69.5,50.0,54.0,57.0,26.9,25.7,24.7,17.476546188153556,3.0,-4.800000000000011,-12.699999999999996
2026-09-01 04:00:00+00:00,2026-09-01T11:00:00+07:00,53.9,35.1,2599.0,41.0,31.2,4.0,0.8660254037844386,0.5000000000000001,66.6,71.4,68.4,45.0,50.0,54.0,28.6,26.9,25.7,18.388982208558037,-4.800000000000011,-12.699999999999996,-5.100000000000001
2026-09-01 05:00:00+00:00,2026-09-01T12:00:00+07:00,48.8,32.3,2278.0,36.0,33.2,5.0,0.9659258262890683,0.25881904510252074,53.9,66.6,71.4,41.0,45.0,50.0,31.2,28.6,26.9,9.06658700945376,-12.699999999999996,-5.100000000000001,-3.6999999999999957
2026-09-01 06:00:00+00:00,2026-09-01T13:00:00+07:00,45.1,29.8,2004.0,35.0,33.8,6.0,1.0,6.123233995736766e-17,48.8,53.9,66.6,36.0,41.0,45.0,33.2,31.2,28.6,9.373579892442093,-5.100000000000001,-3.6999999999999957,-5.399999999999999
2026-09-01 07:00:00+00:00,2026-09-01T14:00:00+07:00,39.7,27.0,1659.0,36.0,33.5,7.0,0.9659258262890683,-0.25881904510252063,45.1,48.8,53.9,35.0,36.0,41.0,33.8,33.2,31.2,11.163631428288047,-3.6999999999999957,-5.399999999999999,1.5
2026-09-01 08:00:00+00:00,2026-09-01T15:00:00+07:00,41.2,27.8,1751.0,39.0,32.2,8.0,0.8660254037844387,-0.4999999999999998,39.7,45.1,48.8,36.0,35.0,36.0,33.5,33.8,33.2,12.424934607473519,-5.399999999999999,1.5,0.8999999999999986
2026-09-01 09:00:00+00:00,2026-09-01T16:00:00+07:00,42.1,28.2,1788.0,46.0,29.8,9.0,0.7071067811865476,-0.7071067811865475,41.2,39.7,45.1,39.0,36.0,35.0,32.2,33.5,33.8,9.960605737938776,1.5,0.8999999999999986,1.5
2026-09-01 10:00:00+00:00,2026-09-01T17:00:00+07:00,43.6,28.8,1868.0,50.0,28.1,10.0,0.49999999999999994,-0.8660254037844387,42.1,41.2,39.7,46.0,39.0,36.0,29.8,32.2,33.5,5.375748009966448,0.8999999999999986,1.5,2.799999999999997
2026-09-01 11:00:00+00:00,2026-09-01T18:00:00+07:00,46.4,30.6,2093.0,52.0,27.4,11.0,0.258819045102521,-0.9659258262890682,43.6,42.1,41.2,50.0,46.0,39.0,28.1,29.8,32.2,3.2344499790007486,1.5,2.799999999999997,-2.0
2026-09-01 12:00:00+00:00,2026-09-01T19:00:00+07:00,44.4,29.4,1944.0,51.0,27.1,12.0,1.2246467991473532e-16,-1.0,46.4,43.6,42.1,52.0,50.0,46.0,27.4,28.1,29.8,2.50073322580756,2.799999999999997,-2.0,1.2000000000000028
2026-09-01 13:00:00+00:00,2026-09-01T20:00:00+07:00,45.6,30.1,2022.0,52.0,26.5,13.0,-0.2588190451025208,-0.9659258262890683,44.4,46.4,43.6,51.0,52.0,50.0,27.1,27.4,28.1,2.3983327542255677,-2.0,1.2000000000000028,-0.8000000000000043
2026-09-01 14:00:00+00:00,2026-09-01T21:00:00+07:00,44.8,29.4,1959.0,51.0,26.0,14.0,-0.4999999999999997,-0.8660254037844388,45.6,44.4,46.4,52.0,51.0,52.0,26.5,27.1,27.4,2.0004166232707723,1.2000000000000028,-0.8000000000000043,48.400000000000006
2026-09-01 15:00:00+00:00,2026-09-01T22:00:00+07:00,93.2,56.3,4157.0,55.0,25.5,15.0,-0.7071067811865471,-0.7071067811865479,44.8,45.6,44.4,51.0,52.0,51.0,26.0,26.5,27.1,1.5158056163829658,-0.8000000000000043,48.400000000000006,8.599999999999994
2026-09-01 16:00:00+00:00,2026-09-01T23:00:00+07:00,101.8,61.0,4525.0,56.0,25.0,16.0,-0.8660254037844384,-0.5000000000000004,93.2,44.8,45.6,55.0,51.0,52.0,25.5,26.0,26.5,19.71760634559867,48.400000000000006,8.599999999999994,-28.099999999999994
2026-09-01 17:00:00+00:00,2026-09-02T00:00:00+07:00,73.7,46.1,3452.0,52.0,24.8,17.0,-0.9659258262890683,-0.25881904510252063,101.8,93.2,44.8,56.0,55.0,51.0,25.0,25.5,26.0,27.101512872900557,8.599999999999994,-28.099999999999994,-6.400000000000006
2026-09-01 18:00:00+00:00,2026-09-02T01:00:00+07:00,67.3,42.6,3199.0,51.0,24.9,18.0,-1.0,-1.8369701987210297e-16,73.7,101.8,93.2,52.0,56.0,55.0,24.8,25.0,25.5,26.09043886177454,-28.099999999999994,-6.400000000000006,-8.0
2026-09-01 19:00:00+00:00,2026-09-02T02:00:00+07:00,59.3,37.9,2842.0,51.0,25.2,19.0,-0.9659258262890684,0.2588190451025203,67.3,73.7,101.8,51.0,52.0,56.0,24.9,24.8,25.0,23.639091917132994,-6.400000000000006,-8.0,-7.399999999999999
2026-09-01 20:00:00+00:00,2026-09-02T03:00:00+07:00,51.9,33.5,2444.0,51.0,25.0,20.0,-0.8660254037844386,0.5000000000000001,59.3,67.3,73.7,51.0,51.0,52.0,25.2,24.9,24.8,21.225715535642045,-8.0,-7.399999999999999,-1.1000000000000014
2026-09-01 21:00:00+00:00,2026-09-02T04:00:00+07:00,50.8,32.8,2346.0,50.0,24.7,21.0,-0.7071067811865477,0.7071067811865474,51.9,59.3,67.3,51.0,51.0,51.0,25.0,25.2,24.9,19.438381276913542,-7.399999999999999,-1.1000000000000014,-2.5999999999999943
2026-09-01 22:00:00+00:00,2026-09-02T05:00:00+07:00,48.2,31.3,2161.0,52.0,24.5,22.0,-0.5000000000000004,0.8660254037844384,50.8,51.9,59.3,50.0,51.0,51.0,24.7,25.0,25.2,18.99712258913602,-1.1000000000000014,-2.5999999999999943,2.8999999999999986
2026-09-01 23:00:00+00:00,2026-09-02T06:00:00+07:00,51.1,32.8,2347.0,53.0,24.5,23.0,-0.25881904510252157,0.9659258262890681,48.2,50.8,51.9,52.0,50.0,51.0,24.5,24.7,25.0,10.178932491507192,-2.5999999999999943,2.8999999999999986,13.300000000000004
2026-09-02 00:00:00+00:00,2026-09-02T07:00:00+07:00,64.4,40.3,3056.0,54.0,25.3,0.0,0.0,1.0,51.1,48.2,50.8,53.0,52.0,50.0,24.5,24.5,24.7,7.185448257879275,2.8999999999999986,13.300000000000004,3.299999999999997
2026-09-02 01:00:00+00:00,2026-09-02T08:00:00+07:00,67.7,42.5,3203.0,52.0,26.5,1.0,0.25881904510252074,0.9659258262890683,64.4,51.1,48.2,54.0,53.0,52.0,25.3,24.5,24.5,6.204326447460699,13.300000000000004,3.299999999999997,-18.400000000000006
2026-09-02 02:00:00+00:00,2026-09-02T09:00:00+07:00,49.3,32.1,2268.0,46.0,28.2,2.0,0.49999999999999994,0.8660254037844387,67.7,64.4,51.1,52.0,54.0,53.0,26.5,25.3,24.5,8.192048990738549,3.299999999999997,-18.400000000000006,-7.599999999999994
2026-09-02 03:00:00+00:00,2026-09-02T10:00:00+07:00,41.7,27.9,1758.0,40.0,30.5,3.0,0.7071067811865475,0.7071067811865476,49.3,67.7,64.4,46.0,52.0,54.0,28.2,26.5,25.3,8.495351670177861,-18.400000000000006,-7.599999999999994,4.799999999999997
2026-09-02 04:00:00+00:00,2026-09-02T11:00:00+07:00,46.5,30.7,2088.0,37.0,31.8,4.0,0.8660254037844386,0.5000000000000001,41.7,49.3,67.7,40.0,46.0,52.0,30.5,28.2,26.5,10.107950666018324,-7.599999999999994,4.799999999999997,3.200000000000003
2026-09-02 05:00:00+00:00,2026-09-02T12:00:00+07:00,49.7,32.9,2349.0,36.0,33.0,5.0,0.9659258262890683,0.25881904510252074,46.5,41.7,49.3,37.0,40.0,46.0,31.8,30.5,28.2,10.315764634771073,4.799999999999997,3.200000000000003,0.8999999999999986
2026-09-02 06:00:00+00:00,2026-09-02T13:00:00+07:00,50.6,33.7,2467.0,35.0,34.0,6.0,1.0,6.123233995736766e-17,49.7,46.5,41.7,36.0,37.0,40.0,33.0,31.8,30.5,10.395078963945402,3.200000000000003,0.8999999999999986,-5.600000000000001
2026-09-02 07:00:00+00:00,2026-09-02T14:00:00+07:00,45.0,30.4,2093.0,35.0,34.2,7.0,0.9659258262890683,-0.25881904510252063,50.6,49.7,46.5,35.0,36.0,37.0,34.0,33.0,31.8,8.835477727132806,0.8999999999999986,-5.600000000000001,-1.6000000000000014
2026-09-02 08:00:00+00:00,2026-09-02T15:00:00+07:00,43.4,29.5,1965.0,38.0,32.4,8.0,0.8660254037844387,-0.4999999999999998,45.0,50.6,49.7,35.0,35.0,36.0,34.2,34.0,33.0,3.399215595789624,-5.600000000000001,-1.6000000000000014,-3.6000000000000014
2026-09-02 09:00:00+00:00,2026-09-02T16:00:00+07:00,39.8,27.2,1699.0,41.0,30.3,9.0,0.7071067811865476,-0.7071067811865475,43.4,45.0,50.6,38.0,35.0,35.0,32.4,34.2,34.0,3.498999857100973,-1.6000000000000014,-3.6000000000000014,-6.599999999999994
2026-09-02 10:00:00+00:00,2026-09-02T17:00:00+07:00,33.2,22.9,1290.0,48.0,28.4,10.0,0.49999999999999994,-0.8660254037844387,39.8,43.4,45.0,41.0,38.0,35.0,30.3,32.4,34.2,4.028233690671293,-3.6000000000000014,-6.599999999999994,3.3999999999999986
2026-09-02 11:00:00+00:00,2026-09-02T18:00:00+07:00,36.6,25.0,1490.0,52.0,27.0,11.0,0.258819045102521,-0.9659258262890682,33.2,39.8,43.4,48.0,41.0,38.0,28.4,30.3,32.4,6.493201572926791,-6.599999999999994,3.3999999999999986,-1.0
2026-09-02 12:00:00+00:00,2026-09-02T19:00:00+07:00,35.6,24.3,1416.0,55.0,26.5,12.0,1.2246467991473532e-16,-1.0,36.6,33.2,39.8,52.0,48.0,41.0,27.0,28.4,30.3,6.2359174679159,3.3999999999999986,-1.0,-2.1000000000000014
2026-09-02 13:00:00+00:00,2026-09-02T20:00:00+07:00,33.5,23.1,1306.0,56.0,26.2,13.0,-0.2588190451025208,-0.9659258262890683,35.6,36.6,33.2,55.0,52.0,48.0,26.5,27.0,28.4,4.624572052272333,-1.0,-2.1000000000000014,-0.8999999999999986
2026-09-02 14:00:00+00:00,2026-09-02T21:00:00+07:00,32.6,22.3,1252.0,57.0,25.8,14.0,-0.4999999999999997,-0.8660254037844388,33.5,35.6,36.6,56.0,55.0,52.0,26.2,26.5,27.0,3.939754645489752,-2.1000000000000014,-0.8999999999999986,7.600000000000001
2026-09-02 15:00:00+00:00,2026-09-02T22:00:00+07:00,40.2,26.9,1662.0,57.0,25.7,15.0,-0.7071067811865471,-0.7071067811865479,32.6,33.5,35.6,57.0,56.0,55.0,25.8,26.2,26.5,2.717658305721644,-0.8999999999999986,7.600000000000001,-8.400000000000002
2026-09-02 16:00:00+00:00,2026-09-02T23:00:00+07:00,31.8,21.6,1222.0,57.0,25.4,16.0,-0.8660254037844384,-0.5000000000000004,40.2,32.6,33.5,57.0,57.0,56.0,25.7,25.8,26.2,2.854061433581601,7.600000000000001,-8.400000000000002,-8.900000000000002
2026-09-02 17:00:00+00:00,2026-09-03T00:00:00+07:00,22.9,14.4,841.0,57.0,25.3,17.0,-0.9659258262890683,-0.25881904510252063,31.8,40.2,32.6,57.0,57.0,57.0,25.4,25.7,25.8,3.1046738959174385,-8.400000000000002,-8.900000000000002,-2.0
2026-09-02 18:00:00+00:00,2026-09-03T01:00:00+07:00,20.9,11.2,779.0,57.0,25.4,18.0,-1.0,-1.8369701987210297e-16,22.9,31.8,40.2,57.0,57.0,57.0,25.3,25.4,25.7,5.694441734415896,-8.900000000000002,-2.0,2.700000000000003
2026-09-02 19:00:00+00:00,2026-09-03T02:00:00+07:00,23.6,15.1,864.0,57.0,25.1,19.0,-0.9659258262890684,0.2588190451025203,20.9,22.9,31.8,57.0,57.0,57.0,25.4,25.3,25.4,7.195947933848409,-2.0,2.700000000000003,-2.400000000000002
2026-09-02 20:00:00+00:00,2026-09-03T03:00:00+07:00,21.2,11.7,794.0,58.0,24.9,20.0,-0.8660254037844386,0.5000000000000001,23.6,20.9,22.9,57.0,57.0,57.0,25.1,25.4,25.3,7.4505480782729645,2.700000000000003,-2.400000000000002,1.1000000000000014
2026-09-02 21:00:00+00:00,2026-09-03T04:00:00+07:00,22.3,13.6,824.0,56.0,24.8,21.0,-0.7071067811865477,0.7071067811865474,21.2,23.6,20.9,58.0,57.0,57.0,24.9,25.1,25.4,7.696406087691624,-2.400000000000002,1.1000000000000014,7.5
2026-09-02 22:00:00+00:00,2026-09-03T05:00:00+07:00,29.8,20.8,1134.0,56.0,24.6,22.0,-0.5000000000000004,0.8660254037844384,22.3,21.2,23.6,56.0,58.0,57.0,24.8,24.9,25.1,4.0563119538142365,1.1000000000000014,7.5,15.599999999999998
2026-09-02 23:00:00+00:00,2026-09-03T06:00:00+07:00,45.4,30.1,2020.0,59.0,24.5,23.0,-0.25881904510252157,0.9659258262890681,29.8,22.3,21.2,56.0,56.0,58.0,24.6,24.8,24.9,3.2721552530388225,7.5,15.599999999999998,0.0
2026-09-03 00:00:00+00:00,2026-09-03T07:00:00+07:00,45.4,30.0,2011.0,55.0,25.1,0.0,0.0,1.0,45.4,29.8,22.3,59.0,56.0,56.0,24.5,24.6,24.8,9.493787442321958,15.599999999999998,0.0,4.700000000000003
2026-09-03 01:00:00+00:00,2026-09-03T08:00:00+07:00,50.1,32.6,2273.0,51.0,26.3,1.0,0.25881904510252074,0.9659258262890683,45.4,45.4,29.8,55.0,59.0,56.0,25.1,24.5,24.6,11.332857833161826,0.0,4.700000000000003,-4.200000000000003
2026-09-03 02:00:00+00:00,2026-09-03T09:00:00+07:00,45.9,30.3,2041.0,46.0,27.8,2.0,0.49999999999999994,0.8660254037844387,50.1,45.4,45.4,51.0,55.0,59.0,26.3,25.1,24.5,12.807497804020556,4.700000000000003,-4.200000000000003,1.0
2026-09-03 03:00:00+00:00,2026-09-03T10:00:00+07:00,46.9,30.9,2163.0,42.0,29.6,3.0,0.7071067811865475,0.7071067811865476,45.9,50.1,45.4,46.0,51.0,55.0,27.8,26.3,25.1,11.065878485988302,-4.200000000000003,1.0,-0.7999999999999972
2026-09-03 04:00:00+00:00,2026-09-03T11:00:00+07:00,46.1,30.8,2100.0,38.0,31.7,4.0,0.8660254037844386,0.5000000000000001,46.9,45.9,50.1,42.0,46.0,51.0,29.6,27.8,26.3,7.137903520408455,1.0,-0.7999999999999972,2.5
2026-09-03 05:00:00+00:00,2026-09-03T12:00:00+07:00,48.6,32.8,2350.0,35.0,33.5,5.0,0.9659258262890683,0.25881904510252074,46.1,46.9,45.9,38.0,42.0,46.0,31.7,29.6,27.8,1.7862437310344406,-0.7999999999999972,2.5,-1.1000000000000014
2026-09-03 06:00:00+00:00,2026-09-03T13:00:00+07:00,47.5,32.0,2249.0,34.0,34.2,6.0,1.0,6.123233995736766e-17,48.6,46.1,46.9,35.0,38.0,42.0,33.5,31.7,29.6,1.821720798217971,2.5,-1.1000000000000014,-5.299999999999997
2026-09-03 07:00:00+00:00,2026-09-03T14:00:00+07:00,42.2,28.8,1869.0,33.0,34.5,7.0,0.9659258262890683,-0.25881904510252063,47.5,48.6,46.1,34.0,35.0,38.0,34.2,33.5,31.7,1.6030179870045054,-1.1000000000000014,-5.299999999999997,-2.8000000000000043
2026-09-03 08:00:00+00:00,2026-09-03T15:00:00+07:00,39.4,27.4,1695.0,37.0,32.9,8.0,0.8660254037844387,-0.4999999999999998,42.2,47.5,48.6,33.0,34.0,35.0,34.5,34.2,33.5,2.1927152117849413,-5.299999999999997,-2.8000000000000043,0.8999999999999986
2026-09-03 09:00:00+00:00,2026-09-03T16:00:00+07:00,40.3,27.5,1740.0,43.0,30.5,9.0,0.7071067811865476,-0.7071067811865475,39.4,42.2,47.5,37.0,33.0,34.0,32.9,34.5,34.2,3.553824231255618,-2.8000000000000043,0.8999999999999986,-1.6999999999999957
2026-09-03 10:00:00+00:00,2026-09-03T17:00:00+07:00,38.6,26.4,1602.0,47.0,28.7,10.0,0.49999999999999994,-0.8660254037844387,40.3,39.4,42.2,43.0,37.0,33.0,30.5,32.9,34.5,3.8963658281351647,0.8999999999999986,-1.6999999999999957,-3.700000000000003
2026-09-03 11:00:00+00:00,2026-09-03T18:00:00+07:00,34.9,23.7,1384.0,49.0,27.7,11.0,0.258819045102521,-0.9659258262890682,38.6,40.3,39.4,47.0,43.0,37.0,28.7,30.5,32.9,4.278629063924478,-1.6999999999999957,-3.700000000000003,-2.8999999999999986
2026-09-03 12:00:00+00:00,2026-09-03T19:00:00+07:00,32.0,22.4,1240.0,51.0,26.9,12.0,1.2246467991473532e-16,-1.0,34.9,38.6,40.3,49.0,47.0,43.0,27.7,28.7,30.5,4.197816892940774,-3.700000000000003,-2.8999999999999986,0.7999999999999972
2026-09-03 13:00:00+00:00,2026-09-03T20:00:00+07:00,32.8,22.7,1278.0,52.0,26.8,13.0,-0.2588190451025208,-0.9659258262890683,32.0,34.9,38.6,51.0,49.0,47.0,26.9,27.7,28.7,3.762977544444284,-2.8999999999999986,0.7999999999999972,2.8000000000000043
2026-09-03 14:00:00+00:00,2026-09-03T21:00:00+07:00,35.6,24.2,1420.0,53.0,26.3,14.0,-0.4999999999999997,-0.8660254037844388,32.8,32.0,34.9,52.0,51.0,49.0,26.8,26.9,27.7,3.566323971074193,0.7999999999999972,2.8000000000000043,2.6000000000000014
2026-09-03 15:00:00+00:00,2026-09-03T22:00:00+07:00,38.2,25.8,1564.0,56.0,25.5,15.0,-0.7071067811865471,-0.7071067811865479,35.6,32.8,32.0,53.0,52.0,51.0,26.3,26.8,26.9,3.2348106590636263,2.8000000000000043,2.6000000000000014,0.6999999999999957
2026-09-03 16:00:00+00:00,2026-09-03T23:00:00+07:00,38.9,26.4,1586.0,59.0,25.2,16.0,-0.8660254037844384,-0.5000000000000004,38.2,35.6,32.8,56.0,53.0,52.0,25.5,26.3,26.8,2.70832051278862,2.6000000000000014,0.6999999999999957,-1.2999999999999972
2026-09-03 17:00:00+00:00,2026-09-04T00:00:00+07:00,37.6,25.4,1539.0,58.0,25.2,17.0,-0.9659258262890683,-0.25881904510252063,38.9,38.2,35.6,59.0,56.0,53.0,25.2,25.5,26.3,2.782085548647205,0.6999999999999957,-1.2999999999999972,-10.900000000000002
2026-09-03 18:00:00+00:00,2026-09-04T01:00:00+07:00,26.7,19.1,979.0,58.0,25.1,18.0,-1.0,-1.8369701987210297e-16,37.6,38.9,38.2,58.0,59.0,56.0,25.2,25.2,25.5,2.9008619408706227,-1.2999999999999972,-10.900000000000002,1.6000000000000014
2026-09-03 19:00:00+00:00,2026-09-04T02:00:00+07:00,28.3,20.2,1047.0,56.0,25.1,19.0,-0.9659258262890684,0.2588190451025203,26.7,37.6,38.9,58.0,58.0,59.0,25.1,25.2,25.2,4.6107121648025515,-10.900000000000002,1.6000000000000014,0.5999999999999979
2026-09-03 20:00:00+00:00,2026-09-04T03:00:00+07:00,28.9,20.8,1082.0,55.0,25.1,20.0,-0.8660254037844386,0.5000000000000001,28.3,26.7,37.6,56.0,58.0,58.0,25.1,25.1,25.2,5.341691367596796,1.6000000000000014,0.5999999999999979,-6.099999999999998
2026-09-03 21:00:00+00:00,2026-09-04T04:00:00+07:00,22.8,14.3,856.0,55.0,24.9,21.0,-0.7071067811865477,0.7071067811865474,28.9,28.3,26.7,55.0,56.0,58.0,25.1,25.1,25.1,5.684012667120942,0.5999999999999979,-6.099999999999998,-0.6999999999999993
2026-09-04 08:00:00+00:00,2026-09-04T15:00:00+07:00,24.3,17.0,924.0,38.0,31.7,8.0,0.8660254037844387,-0.4999999999999998,24.3,31.6,45.1,34.0,35.0,36.0,33.1,33.3,32.1,10.990905331226923,-7.300000000000001,0.0,-1.6999999999999993
2026-09-04 09:00:00+00:00,2026-09-04T16:00:00+07:00,22.6,14.1,851.0,42.0,30.1,9.0,0.7071067811865476,-0.7071067811865475,24.3,24.3,31.6,38.0,34.0,35.0,31.7,33.1,33.3,12.468199549252972,0.0,-1.6999999999999993,2.1999999999999993
2026-09-04 10:00:00+00:00,2026-09-04T17:00:00+07:00,24.8,17.2,925.0,46.0,27.5,10.0,0.49999999999999994,-0.8660254037844387,22.6,24.3,24.3,42.0,38.0,34.0,30.1,31.7,33.1,12.700459309279262,-1.6999999999999993,2.1999999999999993,-1.6000000000000014
2026-09-04 11:00:00+00:00,2026-09-04T18:00:00+07:00,23.2,14.0,869.0,49.0,26.4,11.0,0.258819045102521,-0.9659258262890682,24.8,22.6,24.3,46.0,42.0,38.0,27.5,30.1,31.7,8.584501538625164,2.1999999999999993,-1.6000000000000014,0.6000000000000014
2026-09-04 12:00:00+00:00,2026-09-04T19:00:00+07:00,23.8,15.9,884.0,51.0,25.8,12.0,1.2246467991473532e-16,-1.0,23.2,24.8,22.6,49.0,46.0,42.0,26.4,27.5,30.1,3.2702701213596095,-1.6000000000000014,0.6000000000000014,3.0
2026-09-04 13:00:00+00:00,2026-09-04T20:00:00+07:00,26.8,19.2,1000.0,53.0,25.4,13.0,-0.2588190451025208,-0.9659258262890683,23.8,23.2,24.8,51.0,49.0,46.0,25.8,26.4,27.5,0.8115828156493053,0.6000000000000014,3.0,-4.600000000000001
2026-09-04 14:00:00+00:00,2026-09-04T21:00:00+07:00,22.2,13.5,830.0,55.0,25.3,14.0,-0.4999999999999997,-0.8660254037844388,26.8,23.8,23.2,53.0,51.0,49.0,25.4,25.8,26.4,1.47207336773363,3.0,-4.600000000000001,-7.6
2026-09-04 15:00:00+00:00,2026-09-04T22:00:00+07:00,14.6,7.2,634.0,55.0,25.3,15.0,-0.7071067811865471,-0.7071067811865479,22.2,26.8,23.8,55.0,53.0,51.0,25.3,25.4,25.8,1.6911534525259957,-4.600000000000001,-7.6,-8.2
2026-09-04 16:00:00+00:00,2026-09-04T23:00:00+07:00,6.4,3.9,455.0,55.0,25.1,16.0,-0.8660254037844384,-0.5000000000000004,14.6,22.2,26.8,55.0,55.0,53.0,25.3,25.3,25.4,4.205551886097368,-7.6,-8.2,-1.8000000000000007
2026-09-04 17:00:00+00:00,2026-09-05T00:00:00+07:00,4.6,2.5,375.0,53.0,25.0,17.0,-0.9659258262890683,-0.25881904510252063,6.4,14.6,22.2,55.0,55.0,55.0,25.1,25.3,25.3,7.594471673526088,-8.2,-1.8000000000000007,-1.0999999999999996
2026-09-04 18:00:00+00:00,2026-09-05T01:00:00+07:00,3.5,1.5,334.0,53.0,24.7,18.0,-1.0,-1.8369701987210297e-16,4.6,6.4,14.6,53.0,55.0,55.0,25.0,25.1,25.3,9.370592297181101,-1.8000000000000007,-1.0999999999999996,-0.20000000000000018
2026-09-04 19:00:00+00:00,2026-09-05T02:00:00+07:00,3.3,1.2,321.0,52.0,24.0,19.0,-0.9659258262890684,0.2588190451025203,3.5,4.6,6.4,53.0,53.0,55.0,24.7,25.0,25.1,9.818435041627362,-1.0999999999999996,-0.20000000000000018,-1.4999999999999998
2026-09-04 20:00:00+00:00,2026-09-05T03:00:00+07:00,1.8,0.5,264.0,51.0,23.7,20.0,-0.8660254037844386,0.5000000000000001,3.3,3.5,4.6,52.0,53.0,53.0,24.0,24.7,25.0,7.673330437299637,-0.20000000000000018,-1.4999999999999998,-0.6000000000000001
2026-09-04 21:00:00+00:00,2026-09-05T04:00:00+07:00,1.2,0.2,232.0,51.0,23.7,21.0,-0.7071067811865477,0.7071067811865474,1.8,3.3,3.5,51.0,52.0,53.0,23.7,24.0,24.7,4.6199567097526675,-1.4999999999999998,-0.6000000000000001,0.7
2026-09-04 22:00:00+00:00,2026-09-05T05:00:00+07:00,1.9,0.5,268.0,52.0,23.5,22.0,-0.5000000000000004,0.8660254037844384,1.2,1.8,3.3,51.0,51.0,52.0,23.7,23.7,24.0,1.8885620632256543,-0.6000000000000001,0.7,3.1999999999999997
2026-09-04 23:00:00+00:00,2026-09-05T06:00:00+07:00,5.1,2.6,385.0,50.0,24.2,23.0,-0.25881904510252157,0.9659258262890681,1.9,1.2,1.8,52.0,51.0,51.0,23.5,23.7,23.7,1.2890565025068006,0.7,3.1999999999999997,4.300000000000001
2026-09-05 00:00:00+00:00,2026-09-05T07:00:00+07:00,9.4,5.1,528.0,46.0,25.4,0.0,0.0,1.0,5.1,1.9,1.2,50.0,52.0,51.0,24.2,23.5,23.7,1.4422205101815764,3.1999999999999997,4.300000000000001,19.5
2026-09-05 01:00:00+00:00,2026-09-05T08:00:00+07:00,28.9,19.9,1122.0,48.0,26.2,1.0,0.25881904510252074,0.9659258262890683,9.4,5.1,1.9,46.0,50.0,52.0,25.4,24.2,23.5,3.0876636258917802,4.300000000000001,19.5,-13.2
2026-09-05 02:00:00+00:00,2026-09-05T09:00:00+07:00,15.7,8.4,677.0,45.0,27.2,2.0,0.49999999999999994,0.8660254037844387,28.9,9.4,5.1,48.0,46.0,50.0,26.2,25.4,24.2,10.668223844670159,19.5,-13.2,-6.299999999999999
2026-09-05 03:00:00+00:00,2026-09-05T10:00:00+07:00,9.4,5.0,512.0,40.0,29.0,3.0,0.7071067811865475,0.7071067811865476,15.7,28.9,9.4,45.0,48.0,46.0,27.2,26.2,25.4,10.548111995359921,-13.2,-6.299999999999999,-6.2
2026-09-05 04:00:00+00:00,2026-09-05T11:00:00+07:00,3.2,1.5,319.0,37.0,30.7,4.0,0.8660254037844386,0.5000000000000001,9.4,15.7,28.9,40.0,45.0,48.0,29.0,27.2,26.2,9.61263057995344,-6.299999999999999,-6.2,-0.6000000000000001
2026-09-05 05:00:00+00:00,2026-09-05T12:00:00+07:00,2.6,1.0,299.0,34.0,32.2,5.0,0.9659258262890683,0.25881904510252074,3.2,9.4,15.7,37.0,40.0,45.0,30.7,29.0,27.2,9.35793780701653,-6.2,-0.6000000000000001,-0.10000000000000009
2026-09-05 06:00:00+00:00,2026-09-05T13:00:00+07:00,2.5,0.9,287.0,32.0,32.5,6.0,1.0,6.123233995736766e-17,2.6,3.2,9.4,34.0,37.0,40.0,32.2,30.7,29.0,9.770499816624325,-0.6000000000000001,-0.10000000000000009,-0.3999999999999999
2026-09-05 07:00:00+00:00,2026-09-05T14:00:00+07:00,2.1,0.4,273.0,31.0,32.5,7.0,0.9659258262890683,-0.25881904510252063,2.5,2.6,3.2,32.0,34.0,37.0,32.5,32.2,30.7,10.453978509001052,-0.10000000000000009,-0.3999999999999999,0.10000000000000009
2026-09-05 08:00:00+00:00,2026-09-05T15:00:00+07:00,2.2,0.5,283.0,33.0,30.9,8.0,0.8660254037844387,-0.4999999999999998,2.1,2.5,2.6,31.0,32.0,34.0,32.5,32.5,32.2,5.5221070857649455,-0.3999999999999999,0.10000000000000009,2.3
2026-09-05 09:00:00+00:00,2026-09-05T16:00:00+07:00,4.5,2.6,378.0,38.0,29.3,9.0,0.7071067811865476,-0.7071067811865475,2.2,2.1,2.5,33.0,31.0,32.0,30.9,32.5,32.5,2.83525425079572,0.10000000000000009,2.3,3.5999999999999996
2026-09-05 10:00:00+00:00,2026-09-05T17:00:00+07:00,8.1,4.7,503.0,44.0,27.4,10.0,0.49999999999999994,-0.8660254037844387,4.5,2.2,2.1,38.0,33.0,31.0,29.3,30.9,32.5,0.8961026726823489,2.3,3.5999999999999996,11.200000000000001
2026-09-05 11:00:00+00:00,2026-09-05T18:00:00+07:00,19.3,9.7,719.0,49.0,26.3,11.0,0.258819045102521,-0.9659258262890682,8.1,4.5,2.2,44.0,38.0,33.0,27.4,29.3,30.9,2.3432171616508777,3.5999999999999996,11.200000000000001,7.800000000000001
2026-09-05 12:00:00+00:00,2026-09-05T19:00:00+07:00,27.1,15.7,923.0,50.0,25.7,12.0,1.2246467991473532e-16,-1.0,19.3,8.1,4.5,49.0,44.0,38.0,26.3,27.4,29.3,6.696790275944799,11.200000000000001,7.800000000000001,-13.000000000000002
2026-09-05 13:00:00+00:00,2026-09-05T20:00:00+07:00,14.1,6.6,594.0,51.0,25.5,13.0,-0.2588190451025208,-0.9659258262890683,27.1,19.3,8.1,50.0,49.0,44.0,25.7,26.3,27.4,10.336295274419614,7.800000000000001,-13.000000000000002,-4.199999999999999
2026-09-05 14:00:00+00:00,2026-09-05T21:00:00+07:00,9.9,5.1,525.0,52.0,25.2,14.0,-0.4999999999999997,-0.8660254037844388,14.1,27.1,19.3,51.0,50.0,49.0,25.5,25.7,26.3,9.501526193195987,-13.000000000000002,-4.199999999999999,-1.700000000000001
2026-09-05 15:00:00+00:00,2026-09-05T22:00:00+07:00,8.2,4.7,505.0,53.0,24.8,15.0,-0.7071067811865471,-0.7071067811865479,9.9,14.1,27.1,52.0,51.0,50.0,25.2,25.5,25.7,8.26333266101857,-4.199999999999999,-1.700000000000001,-0.4999999999999991
2026-09-05 16:00:00+00:00,2026-09-05T23:00:00+07:00,7.7,4.8,501.0,53.0,24.7,16.0,-0.8660254037844384,-0.5000000000000004,8.2,9.9,14.1,53.0,52.0,51.0,24.8,25.2,25.5,7.533325958697766,-1.700000000000001,-0.4999999999999991,-0.2999999999999998
2026-09-05 17:00:00+00:00,2026-09-06T00:00:00+07:00,7.4,4.6,493.0,55.0,24.5,17.0,-0.9659258262890683,-0.25881904510252063,7.7,8.2,9.9,53.0,53.0,52.0,24.7,24.8,25.2,7.60221458962165,-0.4999999999999991,-0.2999999999999998,2.0999999999999996
2026-09-05 18:00:00+00:00,2026-09-06T01:00:00+07:00,9.5,5.6,545.0,54.0,24.3,18.0,-1.0,-1.8369701987210297e-16,7.4,7.7,8.2,55.0,53.0,53.0,24.5,24.7,24.8,7.6152478620192925,-0.2999999999999998,2.0999999999999996,15.100000000000001
2026-09-05 19:00:00+00:00,2026-09-06T02:00:00+07:00,24.6,16.6,976.0,57.0,23.8,19.0,-0.9659258262890684,0.2588190451025203,9.5,7.4,7.7,54.0,55.0,53.0,24.3,24.5,24.7,2.4760183090308083,2.0999999999999996,15.100000000000001,7.699999999999996
2026-09-05 20:00:00+00:00,2026-09-06T03:00:00+07:00,32.3,22.3,1239.0,58.0,23.5,20.0,-0.8660254037844386,0.5000000000000001,24.6,9.5,7.4,57.0,54.0,55.0,23.8,24.3,24.5,6.630661103287965,15.100000000000001,7.699999999999996,-0.49999999999999645
2026-09-05 21:00:00+00:00,2026-09-06T04:00:00+07:00,31.8,21.9,1193.0,57.0,23.3,21.0,-0.7071067811865477,0.7071067811865474,32.3,24.6,9.5,58.0,57.0,54.0,23.5,23.8,24.3,10.7608085198088,7.699999999999996,-0.49999999999999645,3.400000000000002
2026-09-05 22:00:00+00:00,2026-09-06T05:00:00+07:00,35.2,23.5,1374.0,55.0,23.2,22.0,-0.5000000000000004,0.8660254037844384,31.8,32.3,24.6,57.0,58.0,57.0,23.3,23.5,23.8,12.037510816886384,-0.49999999999999645,3.400000000000002,13.199999999999996
2026-09-05 23:00:00+00:00,2026-09-06T06:00:00+07:00,48.4,31.4,2163.0,55.0,23.5,23.0,-0.25881904510252157,0.9659258262890681,35.2,31.8,32.3,55.0,57.0,58.0,23.2,23.3,23.5,12.162510705716034,3.400000000000002,13.199999999999996,2.1000000000000014
2026-09-06 00:00:00+00:00,2026-09-06T07:00:00+07:00,50.5,34.0,2391.0,55.0,24.6,0.0,0.0,1.0,48.4,35.2,31.8,55.0,55.0,57.0,23.5,23.2,23.3,12.829653151975354,13.199999999999996,2.1000000000000014,-8.399999999999999
2026-09-06 01:00:00+00:00,2026-09-06T08:00:00+07:00,42.1,28.5,1835.0,50.0,25.6,1.0,0.25881904510252074,0.9659258262890683,50.5,48.4,35.2,55.0,55.0,55.0,24.6,23.5,23.2,10.180700696251634,2.1000000000000014,-8.399999999999999,6.299999999999997
2026-09-06 02:00:00+00:00,2026-09-06T09:00:00+07:00,48.4,32.6,2322.0,46.0,27.0,2.0,0.49999999999999994,0.8660254037844387,42.1,50.5,48.4,50.0,55.0,55.0,25.6,24.6,23.5,8.18260349766455,-8.399999999999999,6.299999999999997,-16.799999999999997
2026-09-06 03:00:00+00:00,2026-09-06T10:00:00+07:00,31.6,22.3,1258.0,42.0,28.9,3.0,0.7071067811865475,0.7071067811865476,48.4,42.1,50.5,46.0,50.0,55.0,27.0,25.6,24.6,7.761872626284139,6.299999999999997,-16.799999999999997,-6.400000000000002
2026-09-06 04:00:00+00:00,2026-09-06T11:00:00+07:00,25.2,18.4,972.0,39.0,30.5,4.0,0.8660254037844386,0.5000000000000001,31.6,48.4,42.1,42.0,46.0,50.0,28.9,27.0,25.6,7.818439742045235,-16.799999999999997,-6.400000000000002,-4.0
2026-09-06 05:00:00+00:00,2026-09-06T12:00:00+07:00,21.2,12.6,818.0,38.0,31.0,5.0,0.9659258262890683,0.25881904510252074,25.2,31.6,48.4,39.0,42.0,46.0,30.5,28.9,27.0,10.38242104071391,-6.400000000000002,-4.0,0.3000000000000007
2026-09-06 06:00:00+00:00,2026-09-06T13:00:00+07:00,21.5,12.7,818.0,41.0,29.8,6.0,1.0,6.123233995736766e-17,21.2,25.2,31.6,38.0,39.0,42.0,31.0,30.5,28.9,12.286252479905816,-4.0,0.3000000000000007,-0.3000000000000007
2026-09-06 07:00:00+00:00,2026-09-06T14:00:00+07:00,21.2,11.0,764.0,45.0,28.3,7.0,0.9659258262890683,-0.25881904510252063,21.5,21.2,25.2,41.0,38.0,39.0,29.8,31.0,30.5,11.345424922260866,0.3000000000000007,-0.3000000000000007,-3.6999999999999993
2026-09-06 08:00:00+00:00,2026-09-06T15:00:00+07:00,17.5,8.7,686.0,47.0,27.9,8.0,0.8660254037844387,-0.4999999999999998,21.2,21.5,21.2,45.0,41.0,38.0,28.3,29.8,31.0,10.691008683312234,-0.3000000000000007,-3.6999999999999993,5.199999999999999
2026-09-06 09:00:00+00:00,2026-09-06T16:00:00+07:00,22.7,14.8,901.0,51.0,26.6,9.0,0.7071067811865476,-0.7071067811865475,17.5,21.2,21.5,47.0,45.0,41.0,27.9,28.3,29.8,4.853315018279468,-3.6999999999999993,5.199999999999999,4.5
2026-09-06 10:00:00+00:00,2026-09-06T17:00:00+07:00,27.2,18.9,1014.0,54.0,25.9,10.0,0.49999999999999994,-0.8660254037844387,22.7,17.5,21.2,51.0,47.0,45.0,26.6,27.9,28.3,2.50179935246418,5.199999999999999,4.5,-2.5
2026-09-06 11:00:00+00:00,2026-09-06T18:00:00+07:00,24.7,16.1,944.0,55.0,25.6,11.0,0.258819045102521,-0.9659258262890682,27.2,22.7,17.5,54.0,51.0,47.0,25.9,26.6,27.9,3.1377805319456122,4.5,-2.5,-6.599999999999998
2026-09-06 12:00:00+00:00,2026-09-06T19:00:00+07:00,18.1,10.5,737.0,57.0,25.4,12.0,1.2246467991473532e-16,-1.0,24.7,27.2,22.7,55.0,54.0,51.0,25.6,25.9,26.6,3.306155874525118,-2.5,-6.599999999999998,-6.100000000000001
2026-09-06 13:00:00+00:00,2026-09-06T20:00:00+07:00,12.0,6.6,598.0,57.0,25.4,13.0,-0.2588190451025208,-0.9659258262890683,18.1,24.7,27.2,57.0,55.0,54.0,25.4,25.6,25.9,3.764571688783496,-6.599999999999998,-6.100000000000001,2.8000000000000007
2026-09-06 14:00:00+00:00,2026-09-06T21:00:00+07:00,14.8,7.5,654.0,58.0,25.2,14.0,-0.4999999999999997,-0.8660254037844388,12.0,18.1,24.7,57.0,57.0,55.0,25.4,25.4,25.6,5.554697711546214,-6.100000000000001,2.8000000000000007,-4.800000000000001
2026-09-06 15:00:00+00:00,2026-09-06T22:00:00+07:00,10.0,5.5,542.0,59.0,25.1,15.0,-0.7071067811865471,-0.7071067811865479,14.8,12.0,18.1,58.0,57.0,57.0,25.2,25.4,25.4,5.930064642704724,2.8000000000000007,-4.800000000000001,-2.5
2026-09-06 16:00:00+00:00,2026-09-06T23:00:00+07:00,7.5,4.5,482.0,58.0,25.1,16.0,-0.8660254037844384,-0.5000000000000004,10.0,14.8,12.0,59.0,58.0,57.0,25.1,25.2,25.4,6.921560517686011,-4.800000000000001,-2.5,-2.9000000000000004
2026-09-06 17:00:00+00:00,2026-09-07T00:00:00+07:00,4.6,2.5,376.0,57.0,25.0,17.0,-0.9659258262890683,-0.25881904510252063,7.5,10.0,14.8,58.0,59.0,58.0,25.1,25.1,25.2,6.2062602802860445,-2.5,-2.9000000000000004,-0.39999999999999947
2026-09-06 18:00:00+00:00,2026-09-07T01:00:00+07:00,4.2,2.0,360.0,57.0,25.0,18.0,-1.0,-1.8369701987210297e-16,4.6,7.5,10.0,57.0,58.0,59.0,25.0,25.1,25.1,4.896801677284461,-2.9000000000000004,-0.39999999999999947,-0.10000000000000053
2026-09-06 19:00:00+00:00,2026-09-07T02:00:00+07:00,4.1,2.1,352.0,58.0,24.8,19.0,-0.9659258262890684,0.2588190451025203,4.2,4.6,7.5,57.0,57.0,58.0,25.0,25.0,25.1,4.1989284347305835,-0.39999999999999947,-0.10000000000000053,2.3000000000000007
2026-09-06 20:00:00+00:00,2026-09-07T03:00:00+07:00,6.4,3.8,440.0,59.0,24.6,20.0,-0.8660254037844386,0.5000000000000001,4.1,4.2,4.6,58.0,57.0,57.0,24.8,25.0,25.0,4.25190153539044,-0.10000000000000053,2.3000000000000007,-3.0000000000000004
2026-09-06 21:00:00+00:00,2026-09-07T04:00:00+07:00,3.4,1.4,325.0,60.0,24.6,21.0,-0.7071067811865477,0.7071067811865474,6.4,4.1,4.2,59.0,58.0,57.0,24.6,24.8,25.0,2.328661990640859,2.3000000000000007,-3.0000000000000004,0.3999999999999999
2026-09-06 22:00:00+00:00,2026-09-07T05:00:00+07:00,3.8,1.8,343.0,61.0,24.2,22.0,-0.5000000000000004,0.8660254037844384,3.4,6.4,4.1,60.0,59.0,58.0,24.6,24.6,24.8,1.5731073283966817,-3.0000000000000004,0.3999999999999999,2.4000000000000004
2026-09-06 23:00:00+00:00,2026-09-07T06:00:00+07:00,6.2,3.8,445.0,59.0,24.7,23.0,-0.25881904510252157,0.9659258262890681,3.8,3.4,6.4,61.0,60.0,59.0,24.2,24.6,24.6,1.0515068552583418,0.3999999999999999,2.4000000000000004,16.3
2026-09-07 00:00:00+00:00,2026-09-07T07:00:00+07:00,22.5,14.5,905.0,57.0,25.2,0.0,0.0,1.0,6.2,3.8,3.4,59.0,61.0,60.0,24.7,24.2,24.6,1.2843935014843824,2.4000000000000004,16.3,15.100000000000001
2026-09-07 01:00:00+00:00,2026-09-07T08:00:00+07:00,37.6,25.7,1549.0,54.0,26.1,1.0,0.25881904510252074,0.9659258262890683,22.5,6.2,3.8,57.0,59.0,61.0,25.2,24.7,24.2,7.343477831835241,16.3,15.100000000000001,-5.399999999999999
2026-09-07 02:00:00+00:00,2026-09-07T09:00:00+07:00,32.2,21.9,1290.0,49.0,27.4,2.0,0.49999999999999994,0.8660254037844387,37.6,22.5,6.2,54.0,57.0,59.0,26.1,25.2,24.7,13.866566506048141,15.100000000000001,-5.399999999999999,-9.400000000000002
2026-09-07 03:00:00+00:00,2026-09-07T10:00:00+07:00,22.8,13.4,847.0,44.0,28.8,3.0,0.7071067811865475,0.7071067811865476,32.2,37.6,22.5,49.0,54.0,57.0,27.4,26.1,25.2,15.226347778330052,-5.399999999999999,-9.400000000000002,-2.1000000000000014
2026-09-07 04:00:00+00:00,2026-09-07T11:00:00+07:00,20.7,11.1,780.0,40.0,30.5,4.0,0.8660254037844386,0.5000000000000001,22.8,32.2,37.6,44.0,49.0,54.0,28.8,27.4,26.1,13.573761453627736,-9.400000000000002,-2.1000000000000014,-1.0
2026-09-07 05:00:00+00:00,2026-09-07T12:00:00+07:00,19.7,10.5,761.0,38.0,31.2,5.0,0.9659258262890683,0.25881904510252074,20.7,22.8,32.2,40.0,44.0,49.0,30.5,28.8,27.4,10.797715807829777,-2.1000000000000014,-1.0,4.199999999999999
2026-09-07 06:00:00+00:00,2026-09-07T13:00:00+07:00,23.9,15.6,891.0,37.0,32.5,6.0,1.0,6.123233995736766e-17,19.7,20.7,22.8,38.0,40.0,44.0,31.2,30.5,28.8,7.255733365184888,-1.0,4.199999999999999,-0.1999999999999993
2026-09-07 07:00:00+00:00,2026-09-07T14:00:00+07:00,23.7,14.9,864.0,38.0,32.4,7.0,0.9659258262890683,-0.25881904510252063,23.9,19.7,20.7,37.0,38.0,40.0,32.5,31.2,30.5,7.1455580607808775,4.199999999999999,-0.1999999999999993,-0.1999999999999993
2026-09-07 08:00:00+00:00,2026-09-07T15:00:00+07:00,23.5,13.9,842.0,41.0,30.7,8.0,0.8660254037844387,-0.4999999999999998,23.7,23.9,19.7,38.0,37.0,38.0,32.4,32.5,31.2,4.427038137023109,-0.1999999999999993,-0.1999999999999993,0.6000000000000014
2026-09-07 09:00:00+00:00,2026-09-07T16:00:00+07:00,24.1,15.4,877.0,47.0,28.2,9.0,0.7071067811865476,-0.7071067811865475,23.5,23.7,23.9,41.0,38.0,37.0,30.7,32.4,32.5,1.7600189392892671,-0.1999999999999993,0.6000000000000014,2.799999999999997
2026-09-07 10:00:00+00:00,2026-09-07T17:00:00+07:00,26.9,18.4,984.0,51.0,26.8,10.0,0.49999999999999994,-0.8660254037844387,24.1,23.5,23.7,47.0,41.0,38.0,28.2,30.7,32.4,1.896312210578803,0.6000000000000014,2.799999999999997,-4.699999999999999
2026-09-07 11:00:00+00:00,2026-09-07T18:00:00+07:00,22.2,13.1,816.0,55.0,25.8,11.0,0.258819045102521,-0.9659258262890682,26.9,24.1,23.5,51.0,47.0,41.0,26.8,28.2,30.7,2.300144922968334,2.799999999999997,-4.699999999999999,-2.8999999999999986
2026-09-07 12:00:00+00:00,2026-09-07T19:00:00+07:00,19.3,9.5,722.0,55.0,25.7,12.0,1.2246467991473532e-16,-1.0,22.2,26.9,24.1,55.0,51.0,47.0,25.8,26.8,28.2,1.5488705562410197,-4.699999999999999,-2.8999999999999986,3.599999999999998
2026-09-07 13:00:00+00:00,2026-09-07T20:00:00+07:00,22.9,13.3,831.0,56.0,25.6,13.0,-0.2588190451025208,-0.9659258262890683,19.3,22.2,26.9,55.0,55.0,51.0,25.7,25.8,26.8,2.4903145718276196,-2.8999999999999986,3.599999999999998,-3.1999999999999993
2026-09-07 14:00:00+00:00,2026-09-07T21:00:00+07:00,19.7,9.8,723.0,56.0,25.3,14.0,-0.4999999999999997,-0.8660254037844388,22.9,19.3,22.2,56.0,55.0,55.0,25.6,25.7,25.8,2.484954727955885,3.599999999999998,-3.1999999999999993,5.5
2026-09-07 15:00:00+00:00,2026-09-07T22:00:00+07:00,25.2,15.6,897.0,57.0,25.0,15.0,-0.7071067811865471,-0.7071067811865479,19.7,22.9,19.3,56.0,56.0,55.0,25.3,25.6,25.7,2.8371934489309916,-3.1999999999999993,5.5,-3.5
2026-09-07 16:00:00+00:00,2026-09-07T23:00:00+07:00,21.7,11.9,780.0,58.0,25.1,16.0,-0.8660254037844384,-0.5000000000000004,25.2,19.7,22.9,57.0,56.0,56.0,25.0,25.3,25.6,2.991320778517456,5.5,-3.5,-1.1999999999999993
2026-09-07 17:00:00+00:00,2026-09-08T00:00:00+07:00,20.5,10.2,742.0,58.0,25.0,17.0,-0.9659258262890683,-0.25881904510252063,21.7,25.2,19.7,58.0,57.0,56.0,25.1,25.0,25.3,2.1722492183579893,-3.5,-1.1999999999999993,1.6000000000000014
2026-09-07 18:00:00+00:00,2026-09-08T01:00:00+07:00,22.1,11.1,766.0,57.0,25.1,18.0,-1.0,-1.8369701987210297e-16,20.5,21.7,25.2,58.0,58.0,57.0,25.0,25.1,25.0,2.2250842680649674,-1.1999999999999993,1.6000000000000014,-7.800000000000001
2026-09-07 19:00:00+00:00,2026-09-08T02:00:00+07:00,14.3,6.6,599.0,57.0,25.0,19.0,-0.9659258262890684,0.2588190451025203,22.1,20.5,21.7,57.0,58.0,58.0,25.1,25.0,25.1,1.9333045974850696,1.6000000000000014,-7.800000000000001,1.0
2026-09-07 20:00:00+00:00,2026-09-08T03:00:00+07:00,15.3,7.2,629.0,59.0,24.6,20.0,-0.8660254037844386,0.5000000000000001,14.3,22.1,20.5,57.0,57.0,58.0,25.0,25.1,25.0,3.60910884660699,-7.800000000000001,1.0,11.5
2026-09-07 21:00:00+00:00,2026-09-08T04:00:00+07:00,26.8,16.4,977.0,60.0,24.1,21.0,-0.7071067811865477,0.7071067811865474,15.3,14.3,22.1,59.0,57.0,57.0,24.6,25.0,25.1,4.219834119961368,1.0,11.5,14.499999999999996
2026-09-07 22:00:00+00:00,2026-09-08T05:00:00+07:00,41.3,26.9,1690.0,60.0,23.9,22.0,-0.5000000000000004,0.8660254037844384,26.8,15.3,14.3,60.0,59.0,57.0,24.1,24.6,25.0,4.653779825760649,11.5,14.499999999999996,4.300000000000004
2026-09-07 23:00:00+00:00,2026-09-08T06:00:00+07:00,45.6,30.1,2081.0,58.0,24.4,23.0,-0.25881904510252157,0.9659258262890681,41.3,26.8,15.3,60.0,60.0,59.0,23.9,24.1,24.6,9.904426619782539,14.499999999999996,4.300000000000004,1.1999999999999957
2026-09-08 00:00:00+00:00,2026-09-08T07:00:00+07:00,46.8,30.8,2116.0,57.0,25.2,0.0,0.0,1.0,45.6,41.3,26.8,58.0,60.0,60.0,24.4,23.9,24.1,13.19661572777874,4.300000000000004,1.1999999999999957,-4.899999999999999
2026-09-08 01:00:00+00:00,2026-09-08T08:00:00+07:00,41.9,27.8,1772.0,53.0,26.4,1.0,0.25881904510252074,0.9659258262890683,46.8,45.6,41.3,57.0,58.0,60.0,25.2,24.4,23.9,14.893678748605309,1.1999999999999957,-4.899999999999999,7.399999999999999
2026-09-09 06:00:00+00:00,2026-09-09T13:00:00+07:00,30.0,19.4,1040.0,43.0,30.8,6.0,1.0,6.123233995736766e-17,22.4,16.6,40.3,42.0,45.0,49.0,31.2,30.1,28.5,12.340124256532697,5.799999999999997,7.600000000000001,0.1999999999999993
2026-09-09 07:00:00+00:00,2026-09-09T14:00:00+07:00,30.2,20.0,1065.0,42.0,31.1,7.0,0.9659258262890683,-0.25881904510252063,30.0,22.4,16.6,43.0,42.0,45.0,30.8,31.2,30.1,12.204370801752406,7.600000000000001,0.1999999999999993,0.40000000000000213
2026-09-09 08:00:00+00:00,2026-09-09T15:00:00+07:00,30.6,20.3,1056.0,45.0,29.8,8.0,0.8660254037844387,-0.4999999999999998,30.2,30.0,22.4,42.0,43.0,42.0,31.1,30.8,31.2,10.039256280555183,0.1999999999999993,0.40000000000000213,-1.2000000000000028
2026-09-09 09:00:00+00:00,2026-09-09T16:00:00+07:00,29.4,19.3,1007.0,48.0,28.3,9.0,0.7071067811865476,-0.7071067811865475,30.6,30.2,30.0,45.0,42.0,43.0,29.8,31.1,30.8,8.092898121192432,0.40000000000000213,-1.2000000000000028,0.8000000000000007
2026-09-09 10:00:00+00:00,2026-09-09T17:00:00+07:00,30.2,19.9,1056.0,52.0,26.9,10.0,0.49999999999999994,-0.8660254037844387,29.4,30.6,30.2,48.0,45.0,42.0,28.3,29.8,31.1,5.76148129101073,-1.2000000000000028,0.8000000000000007,4.199999999999999
2026-09-09 11:00:00+00:00,2026-09-09T18:00:00+07:00,34.4,22.5,1273.0,56.0,26.1,11.0,0.258819045102521,-0.9659258262890682,30.2,29.4,30.6,52.0,48.0,45.0,26.9,28.3,29.8,3.1597468253010437,0.8000000000000007,4.199999999999999,-0.3999999999999986
2026-09-09 12:00:00+00:00,2026-09-09T19:00:00+07:00,34.0,22.2,1251.0,56.0,25.9,12.0,1.2246467991473532e-16,-1.0,34.4,30.2,29.4,56.0,52.0,48.0,26.1,26.9,28.3,1.8066543665018022,4.199999999999999,-0.3999999999999986,4.200000000000003
2026-09-09 13:00:00+00:00,2026-09-09T20:00:00+07:00,38.2,24.3,1436.0,57.0,25.6,13.0,-0.2588190451025208,-0.9659258262890683,34.0,34.4,30.2,56.0,56.0,52.0,25.9,26.1,26.9,2.1565404393766183,-0.3999999999999986,4.200000000000003,3.0999999999999943
2026-09-09 14:00:00+00:00,2026-09-09T21:00:00+07:00,41.3,25.9,1572.0,58.0,25.3,14.0,-0.4999999999999997,-0.8660254037844388,38.2,34.0,34.4,57.0,56.0,56.0,25.6,25.9,26.1,3.3561883141444913,4.200000000000003,3.0999999999999943,-1.8999999999999986
2026-09-09 15:00:00+00:00,2026-09-09T22:00:00+07:00,39.4,24.5,1446.0,59.0,25.1,15.0,-0.7071067811865471,-0.7071067811865479,41.3,38.2,34.0,58.0,57.0,56.0,25.3,25.6,25.9,4.57489526291769,3.0999999999999943,-1.8999999999999986,-6.600000000000001
2026-09-09 16:00:00+00:00,2026-09-09T23:00:00+07:00,32.8,21.2,1140.0,59.0,25.2,16.0,-0.8660254037844384,-0.5000000000000004,39.4,41.3,38.2,59.0,58.0,57.0,25.1,25.3,25.6,4.106458328048643,-1.8999999999999986,-6.600000000000001,-2.099999999999998
2026-09-09 17:00:00+00:00,2026-09-10T00:00:00+07:00,30.7,19.6,1029.0,59.0,25.2,17.0,-0.9659258262890683,-0.25881904510252063,32.8,39.4,41.3,59.0,59.0,58.0,25.2,25.1,25.3,3.4201851801717886,-6.600000000000001,-2.099999999999998,-0.3999999999999986
2026-09-09 18:00:00+00:00,2026-09-10T01:00:00+07:00,30.3,19.2,1000.0,60.0,25.1,18.0,-1.0,-1.8369701987210297e-16,30.7,32.8,39.4,59.0,59.0,59.0,25.2,25.2,25.1,4.1663733230072815,-2.099999999999998,-0.3999999999999986,-2.8000000000000007
2026-09-09 19:00:00+00:00,2026-09-10T02:00:00+07:00,27.5,16.1,892.0,60.0,25.1,19.0,-0.9659258262890684,0.2588190451025203,30.3,30.7,32.8,60.0,59.0,59.0,25.1,25.2,25.2,4.764346754802811,-0.3999999999999986,-2.8000000000000007,-0.10000000000000142
2026-09-09 20:00:00+00:00,2026-09-10T03:00:00+07:00,27.4,15.7,885.0,59.0,25.1,20.0,-0.8660254037844386,0.5000000000000001,27.5,30.3,30.7,60.0,60.0,59.0,25.1,25.1,25.2,5.478199217504486,-2.8000000000000007,-0.10000000000000142,9.899999999999999
2026-09-09 21:00:00+00:00,2026-09-10T04:00:00+07:00,37.3,23.5,1353.0,59.0,24.9,21.0,-0.7071067811865477,0.7071067811865474,27.4,27.5,30.3,59.0,60.0,60.0,25.1,25.1,25.1,4.446459265528038,-0.10000000000000142,9.899999999999999,-0.7999999999999972
2026-09-09 22:00:00+00:00,2026-09-10T05:00:00+07:00,36.5,22.7,1286.0,61.0,24.7,22.0,-0.5000000000000004,0.8660254037844384,37.3,27.4,27.5,59.0,59.0,60.0,24.9,25.1,25.1,3.7072901154347417,9.899999999999999,-0.7999999999999972,2.700000000000003
2026-09-09 23:00:00+00:00,2026-09-10T06:00:00+07:00,39.2,24.5,1450.0,61.0,24.8,23.0,-0.25881904510252157,0.9659258262890681,36.5,37.3,27.4,61.0,59.0,59.0,24.7,24.9,25.1,4.323154712321409,-0.7999999999999972,2.700000000000003,7.699999999999996
2026-09-10 00:00:00+00:00,2026-09-10T07:00:00+07:00,46.9,29.0,1938.0,58.0,25.6,0.0,0.0,1.0,39.2,36.5,37.3,61.0,61.0,59.0,24.8,24.7,24.9,5.254965905376246,2.700000000000003,7.699999999999996,6.300000000000004
2026-09-10 01:00:00+00:00,2026-09-10T08:00:00+07:00,53.2,32.4,2331.0,53.0,26.6,1.0,0.25881904510252074,0.9659258262890683,46.9,39.2,36.5,58.0,61.0,61.0,25.6,24.8,24.7,7.442580197754008,7.699999999999996,6.300000000000004,-0.8000000000000043
2026-09-10 02:00:00+00:00,2026-09-10T09:00:00+07:00,52.4,32.0,2290.0,50.0,27.7,2.0,0.49999999999999994,0.8660254037844387,53.2,46.9,39.2,53.0,58.0,61.0,26.6,25.6,24.8,8.952634621532743,6.300000000000004,-0.8000000000000043,-4.0
2026-09-10 03:00:00+00:00,2026-09-10T10:00:00+07:00,48.4,29.9,2030.0,45.0,29.2,3.0,0.7071067811865475,0.7071067811865476,52.4,53.2,46.9,50.0,53.0,58.0,27.7,26.6,25.6,7.581754414381933,-0.8000000000000043,-4.0,1.3000000000000043
2026-09-10 04:00:00+00:00,2026-09-10T11:00:00+07:00,49.7,30.7,2119.0,41.0,31.0,4.0,0.8660254037844386,0.5000000000000001,48.4,52.4,53.2,45.0,50.0,53.0,29.2,27.7,26.6,6.867313885355751,-4.0,1.3000000000000043,3.3999999999999986
2026-09-10 05:00:00+00:00,2026-09-10T12:00:00+07:00,53.1,32.7,2357.0,37.0,32.5,5.0,0.9659258262890683,0.25881904510252074,49.7,48.4,52.4,41.0,45.0,50.0,31.0,29.2,27.7,5.050940506479942,1.3000000000000043,3.3999999999999986,0.0
2026-09-10 06:00:00+00:00,2026-09-10T13:00:00+07:00,53.1,32.9,2391.0,34.0,33.9,6.0,1.0,6.123233995736766e-17,53.1,49.7,48.4,37.0,41.0,45.0,32.5,31.0,29.2,2.6678955501792934,3.3999999999999986,0.0,-2.6000000000000014
2026-09-10 07:00:00+00:00,2026-09-10T14:00:00+07:00,50.5,31.2,2167.0,41.0,31.2,7.0,0.9659258262890683,-0.25881904510252063,53.1,53.1,49.7,34.0,37.0,41.0,33.9,32.5,31.0,2.0753312988532193,0.0,-2.6000000000000014,0.20000000000000284
2026-09-10 08:00:00+00:00,2026-09-10T15:00:00+07:00,50.7,31.0,2143.0,44.0,30.2,8.0,0.8660254037844387,-0.4999999999999998,50.5,53.1,53.1,41.0,34.0,37.0,31.2,33.9,32.5,1.961631973638224,-2.6000000000000014,0.20000000000000284,-3.700000000000003
2026-09-10 09:00:00+00:00,2026-09-10T16:00:00+07:00,47.0,28.9,1893.0,47.0,28.9,9.0,0.7071067811865476,-0.7071067811865475,50.7,50.5,53.1,44.0,41.0,34.0,30.2,31.2,33.9,1.8744777050331813,0.20000000000000284,-3.700000000000003,-1.1000000000000014
2026-09-10 10:00:00+00:00,2026-09-10T17:00:00+07:00,45.9,28.4,1851.0,50.0,27.7,10.0,0.49999999999999994,-0.8660254037844387,47.0,50.7,50.5,47.0,44.0,41.0,28.9,30.2,31.2,2.2912151070265017,-3.700000000000003,-1.1000000000000014,-2.1000000000000014
2026-09-10 11:00:00+00:00,2026-09-10T18:00:00+07:00,43.8,27.5,1724.0,54.0,26.6,11.0,0.258819045102521,-0.9659258262890682,45.9,47.0,50.7,50.0,47.0,44.0,27.7,28.9,30.2,3.0250619828360223,-1.1000000000000014,-2.1000000000000014,-1.2999999999999972
2026-09-10 12:00:00+00:00,2026-09-10T19:00:00+07:00,42.5,26.5,1609.0,56.0,26.1,12.0,1.2246467991473532e-16,-1.0,43.8,45.9,47.0,54.0,50.0,47.0,26.6,27.7,28.9,3.495711658589681,-2.1000000000000014,-1.2999999999999972,1.0
2026-09-10 13:00:00+00:00,2026-09-10T20:00:00+07:00,43.5,26.7,1655.0,56.0,25.9,13.0,-0.2588190451025208,-0.9659258262890683,42.5,43.8,45.9,56.0,54.0,50.0,26.1,26.6,27.7,3.382701090351685,-1.2999999999999972,1.0,1.3999999999999986
2026-09-10 14:00:00+00:00,2026-09-10T21:00:00+07:00,44.9,27.4,1741.0,57.0,25.7,14.0,-0.4999999999999997,-0.8660254037844388,43.5,42.5,43.8,56.0,56.0,54.0,25.9,26.1,26.6,3.0104263263973903,1.0,1.3999999999999986,-1.0
2026-09-10 15:00:00+00:00,2026-09-10T22:00:00+07:00,43.9,27.1,1655.0,58.0,25.8,15.0,-0.7071067811865471,-0.7071067811865479,44.9,43.5,42.5,57.0,56.0,56.0,25.7,25.9,26.1,1.6613247725835618,1.3999999999999986,-1.0,3.8000000000000043
2026-09-10 16:00:00+00:00,2026-09-10T23:00:00+07:00,47.7,28.7,1907.0,58.0,25.7,16.0,-0.8660254037844384,-0.5000000000000004,43.9,44.9,43.5,58.0,57.0,56.0,25.8,25.7,25.9,1.1771434350437084,-1.0,3.8000000000000043,4.899999999999999
2026-09-10 17:00:00+00:00,2026-09-11T00:00:00+07:00,52.6,31.5,2223.0,58.0,25.5,17.0,-0.9659258262890683,-0.25881904510252063,47.7,43.9,44.9,58.0,58.0,57.0,25.7,25.8,25.7,1.7982398801790866,3.8000000000000043,4.899999999999999,-4.0
2026-09-10 18:00:00+00:00,2026-09-11T01:00:00+07:00,48.6,29.1,1933.0,58.0,25.6,18.0,-1.0,-1.8369701987210297e-16,52.6,47.7,43.9,58.0,58.0,58.0,25.5,25.7,25.8,3.7532652450899064,4.899999999999999,-4.0,9.100000000000001
2026-09-10 19:00:00+00:00,2026-09-11T02:00:00+07:00,57.7,33.0,2398.0,57.0,25.3,19.0,-0.9659258262890684,0.2588190451025203,48.6,52.6,47.7,58.0,58.0,58.0,25.6,25.5,25.7,3.4806129728348774,-4.0,9.100000000000001,-4.800000000000004
2026-09-10 20:00:00+00:00,2026-09-11T03:00:00+07:00,52.9,31.6,2228.0,60.0,25.0,20.0,-0.8660254037844386,0.5000000000000001,57.7,48.6,52.6,57.0,58.0,58.0,25.3,25.6,25.5,5.157389520548784,9.100000000000001,-4.800000000000004,0.30000000000000426
2026-09-10 21:00:00+00:00,2026-09-11T04:00:00+07:00,53.2,31.6,2260.0,60.0,25.1,21.0,-0.7071067811865477,0.7071067811865474,52.9,57.7,48.6,60.0,57.0,58.0,25.0,25.3,25.6,4.837216830644083,-4.800000000000004,0.30000000000000426,-2.200000000000003
2026-09-10 22:00:00+00:00,2026-09-11T05:00:00+07:00,51.0,30.7,2150.0,60.0,24.7,22.0,-0.5000000000000004,0.8660254037844384,53.2,52.9,57.7,60.0,60.0,57.0,25.1,25.0,25.3,3.6074460032918503,0.30000000000000426,-2.200000000000003,4.799999999999997
2026-09-10 23:00:00+00:00,2026-09-11T06:00:00+07:00,55.8,32.5,2376.0,59.0,24.8,23.0,-0.25881904510252157,0.9659258262890681,51.0,53.2,52.9,60.0,60.0,60.0,24.7,25.1,25.0,2.9997777695466614,-2.200000000000003,4.799999999999997,-4.399999999999999
2026-09-11 00:00:00+00:00,2026-09-11T07:00:00+07:00,51.4,31.2,2206.0,57.0,25.6,0.0,0.0,1.0,55.8,51.0,53.2,59.0,60.0,60.0,24.8,24.7,25.1,3.2588341473600138,4.799999999999997,-4.399999999999999,19.9
2026-09-11 01:00:00+00:00,2026-09-11T08:00:00+07:00,71.3,40.8,3115.0,53.0,26.7,1.0,0.25881904510252074,0.9659258262890683,51.4,55.8,51.0,57.0,59.0,60.0,25.6,24.8,24.7,2.6028189846138616,-4.399999999999999,19.9,5.700000000000003
2026-09-11 02:00:00+00:00,2026-09-11T09:00:00+07:00,77.0,44.4,3372.0,49.0,28.2,2.0,0.49999999999999994,0.8660254037844387,71.3,51.4,55.8,53.0,57.0,59.0,26.7,25.6,24.8,7.716389483862662,19.9,5.700000000000003,-3.4000000000000057
2026-09-11 03:00:00+00:00,2026-09-11T10:00:00+07:00,73.6,42.9,3257.0,44.0,30.1,3.0,0.7071067811865475,0.7071067811865476,77.0,71.3,51.4,49.0,53.0,57.0,28.2,26.7,25.6,11.273996629412284,5.700000000000003,-3.4000000000000057,-6.3999999999999915
2026-09-11 04:00:00+00:00,2026-09-11T11:00:00+07:00,67.2,40.1,3023.0,39.0,31.9,4.0,0.8660254037844386,0.5000000000000001,73.6,77.0,71.3,44.0,49.0,53.0,30.1,28.2,26.7,11.890458359541887,-3.4000000000000057,-6.3999999999999915,-1.6000000000000085
2026-09-11 05:00:00+00:00,2026-09-11T12:00:00+07:00,65.6,39.5,2993.0,38.0,33.3,5.0,0.9659258262890683,0.25881904510252074,67.2,73.6,77.0,39.0,44.0,49.0,31.9,30.1,28.2,10.251585243268455,-6.3999999999999915,-1.6000000000000085,-7.799999999999997
2026-09-11 06:00:00+00:00,2026-09-11T13:00:00+07:00,57.8,35.3,2673.0,37.0,34.1,6.0,1.0,6.123233995736766e-17,65.6,67.2,73.6,38.0,39.0,44.0,33.3,31.9,30.1,8.995647095493805,-1.6000000000000085,-7.799999999999997,0.6000000000000014
2026-09-11 07:00:00+00:00,2026-09-11T14:00:00+07:00,58.4,35.6,2685.0,38.0,33.4,7.0,0.9659258262890683,-0.25881904510252063,57.8,65.6,67.2,37.0,38.0,39.0,34.1,33.3,31.9,6.786972815622549,-7.799999999999997,0.6000000000000014,-8.199999999999996
2026-09-11 08:00:00+00:00,2026-09-11T15:00:00+07:00,50.2,31.8,2236.0,42.0,31.9,8.0,0.8660254037844387,-0.4999999999999998,58.4,57.8,65.6,38.0,37.0,38.0,33.4,34.1,33.3,7.787168933572679,0.6000000000000014,-8.199999999999996,-4.300000000000004
2026-09-11 09:00:00+00:00,2026-09-11T16:00:00+07:00,45.9,29.1,1922.0,45.0,30.3,9.0,0.7071067811865476,-0.7071067811865475,50.2,58.4,57.8,42.0,38.0,37.0,31.9,33.4,34.1,8.298112235121074,-8.199999999999996,-4.300000000000004,0.8000000000000043
2026-09-11 10:00:00+00:00,2026-09-11T17:00:00+07:00,46.7,29.8,2008.0,47.0,28.9,10.0,0.49999999999999994,-0.8660254037844387,45.9,50.2,58.4,45.0,42.0,38.0,30.3,31.9,33.4,8.348033700618734,-4.300000000000004,0.8000000000000043,1.0999999999999943
2026-09-11 11:00:00+00:00,2026-09-11T18:00:00+07:00,47.8,30.4,2073.0,50.0,28.0,11.0,0.258819045102521,-0.9659258262890682,46.7,45.9,50.2,47.0,45.0,42.0,28.9,30.3,31.9,7.767110144706294,0.8000000000000043,1.0999999999999943,0.0
2026-09-11 12:00:00+00:00,2026-09-11T19:00:00+07:00,47.8,30.4,2078.0,53.0,27.2,12.0,1.2246467991473532e-16,-1.0,47.8,46.7,45.9,50.0,47.0,45.0,28.0,28.9,30.3,5.590587327523482,1.0999999999999943,0.0,-3.6999999999999957
2026-09-11 13:00:00+00:00,2026-09-11T20:00:00+07:00,44.1,27.9,1785.0,55.0,26.6,13.0,-0.2588190451025208,-0.9659258262890683,47.8,47.8,46.7,53.0,50.0,47.0,27.2,28.0,28.9,4.610278371927903,0.0,-3.6999999999999957,2.1000000000000014
2026-09-11 14:00:00+00:00,2026-09-11T21:00:00+07:00,46.2,29.0,1918.0,58.0,26.1,14.0,-0.4999999999999997,-0.8660254037844388,44.1,47.8,47.8,55.0,53.0,50.0,26.6,27.2,28.0,2.058559366806373,-3.6999999999999957,2.1000000000000014,2.299999999999997
2026-09-11 15:00:00+00:00,2026-09-11T22:00:00+07:00,48.5,30.2,2045.0,59.0,25.8,15.0,-0.7071067811865471,-0.7071067811865479,46.2,44.1,47.8,58.0,55.0,53.0,26.1,26.6,27.2,1.3847984209502349,2.1000000000000014,2.299999999999997,6.0
2026-09-11 16:00:00+00:00,2026-09-11T23:00:00+07:00,54.5,32.7,2369.0,59.0,25.7,16.0,-0.8660254037844384,-0.5000000000000004,48.5,46.2,44.1,59.0,58.0,55.0,25.8,26.1,26.6,1.5833508770956597,2.299999999999997,6.0,3.299999999999997
2026-09-11 17:00:00+00:00,2026-09-12T00:00:00+07:00,57.8,34.1,2527.0,59.0,25.5,17.0,-0.9659258262890683,-0.25881904510252063,54.5,48.5,46.2,59.0,59.0,58.0,25.7,25.8,26.1,3.489842403318463,6.0,3.299999999999997,6.6000000000000085
2026-09-11 18:00:00+00:00,2026-09-12T01:00:00+07:00,64.4,36.8,2807.0,58.0,25.1,18.0,-1.0,-1.8369701987210297e-16,57.8,54.5,48.5,59.0,59.0,59.0,25.5,25.7,25.8,5.238861199408343,3.299999999999997,6.6000000000000085,6.199999999999989
2026-09-11 19:00:00+00:00,2026-09-12T02:00:00+07:00,70.6,40.2,3053.0,57.0,24.6,19.0,-0.9659258262890684,0.2588190451025203,64.4,57.8,54.5,58.0,59.0,59.0,25.1,25.5,25.7,7.744783190423487,6.6000000000000085,6.199999999999989,6.200000000000003
2026-09-11 20:00:00+00:00,2026-09-12T03:00:00+07:00,76.8,43.3,3304.0,57.0,23.8,20.0,-0.8660254037844386,0.5000000000000001,70.6,64.4,57.8,57.0,58.0,59.0,24.6,25.1,25.5,9.332738076256048,6.199999999999989,6.200000000000003,1.7999999999999972
2026-09-11 21:00:00+00:00,2026-09-12T04:00:00+07:00,78.6,44.3,3356.0,57.0,23.5,21.0,-0.7071067811865477,0.7071067811865474,76.8,70.6,64.4,57.0,57.0,58.0,23.8,24.6,25.1,10.53413499059127,6.200000000000003,1.7999999999999972,3.200000000000003
2026-09-11 22:00:00+00:00,2026-09-12T05:00:00+07:00,81.8,46.5,3504.0,56.0,23.2,22.0,-0.5000000000000004,0.8660254037844384,78.6,76.8,70.6,57.0,57.0,57.0,23.5,23.8,24.6,9.91088627049397,1.7999999999999972,3.200000000000003,33.10000000000001
2026-09-11 23:00:00+00:00,2026-09-12T06:00:00+07:00,114.9,64.8,4870.0,57.0,23.4,23.0,-0.25881904510252157,0.9659258262890681,81.8,78.6,76.8,56.0,57.0,57.0,23.2,23.5,23.8,9.201449161228123,3.200000000000003,33.10000000000001,-3.8000000000000114
2026-09-12 00:00:00+00:00,2026-09-12T07:00:00+07:00,111.1,63.2,4764.0,55.0,25.0,0.0,0.0,1.0,114.9,81.8,78.6,57.0,56.0,57.0,23.4,23.2,23.5,17.64521653782309,33.10000000000001,-3.8000000000000114,-33.599999999999994
2026-09-12 01:00:00+00:00,2026-09-12T08:00:00+07:00,77.5,45.6,3292.0,49.0,27.1,1.0,0.25881904510252074,0.9659258262890683,111.1,114.9,81.8,55.0,57.0,56.0,25.0,23.4,23.2,19.00848933152409,-3.8000000000000114,-33.599999999999994,-38.3
2026-09-12 02:00:00+00:00,2026-09-12T09:00:00+07:00,39.2,24.9,1479.0,41.0,29.8,2.0,0.49999999999999994,0.8660254037844387,77.5,111.1,114.9,49.0,55.0,57.0,27.1,25.0,23.4,17.848407958881513,-33.599999999999994,-38.3,0.5999999999999943
2026-09-12 03:00:00+00:00,2026-09-12T10:00:00+07:00,39.8,25.7,1557.0,38.0,31.5,3.0,0.7071067811865475,0.7071067811865476,39.2,77.5,111.1,41.0,49.0,55.0,29.8,27.1,25.0,27.467708313581575,-38.3,0.5999999999999943,-4.199999999999996
2026-09-12 04:00:00+00:00,2026-09-12T11:00:00+07:00,35.6,23.5,1375.0,35.0,33.1,4.0,0.8660254037844386,0.5000000000000001,39.8,39.2,77.5,38.0,41.0,49.0,31.5,29.8,27.1,32.96758509000417,0.5999999999999943,-4.199999999999996,-1.8999999999999986
2026-09-12 05:00:00+00:00,2026-09-12T12:00:00+07:00,33.7,22.5,1245.0,34.0,33.9,5.0,0.9659258262890683,0.25881904510252074,35.6,39.8,39.2,35.0,38.0,41.0,33.1,31.5,29.8,36.8914850157413,-4.199999999999996,-1.8999999999999986,-9.800000000000004
2026-09-12 06:00:00+00:00,2026-09-12T13:00:00+07:00,23.9,14.6,867.0,32.0,34.2,6.0,1.0,6.123233995736766e-17,33.7,35.6,39.8,34.0,35.0,38.0,33.9,33.1,31.5,31.48413886387873,-1.8999999999999986,-9.800000000000004,-9.299999999999999
2026-09-12 07:00:00+00:00,2026-09-12T14:00:00+07:00,14.6,6.9,623.0,31.0,33.6,7.0,0.9659258262890683,-0.25881904510252063,23.9,33.7,35.6,32.0,34.0,35.0,34.2,33.9,33.1,18.490583188927996,-9.800000000000004,-9.299999999999999,3.700000000000001
2026-09-12 08:00:00+00:00,2026-09-12T15:00:00+07:00,18.3,9.1,700.0,34.0,31.8,8.0,0.8660254037844387,-0.4999999999999998,14.6,23.9,33.7,31.0,32.0,34.0,33.6,34.2,33.9,9.923641804633377,-9.299999999999999,3.700000000000001,-0.40000000000000213
2026-09-12 09:00:00+00:00,2026-09-12T16:00:00+07:00,17.9,8.4,690.0,36.0,29.9,9.0,0.7071067811865476,-0.7071067811865475,18.3,14.6,23.9,34.0,31.0,32.0,31.8,33.6,34.2,10.190338561598464,3.700000000000001,-0.40000000000000213,1.0
2026-09-12 10:00:00+00:00,2026-09-12T17:00:00+07:00,18.9,8.3,703.0,38.0,28.3,10.0,0.49999999999999994,-0.8660254037844387,17.9,18.3,14.6,36.0,34.0,31.0,29.9,31.8,33.6,8.794543763038584,-0.40000000000000213,1.0,2.8000000000000007
2026-09-12 11:00:00+00:00,2026-09-12T18:00:00+07:00,21.7,10.9,772.0,45.0,27.4,11.0,0.258819045102521,-0.9659258262890682,18.9,17.9,18.3,38.0,36.0,34.0,28.3,29.9,31.8,6.807177584481519,1.0,2.8000000000000007,-2.6999999999999993
2026-09-12 12:00:00+00:00,2026-09-12T19:00:00+07:00,19.0,8.4,694.0,49.0,26.8,12.0,1.2246467991473532e-16,-1.0,21.7,18.9,17.9,45.0,38.0,36.0,27.4,28.3,29.9,3.227641037455642,2.8000000000000007,-2.6999999999999993,1.1000000000000014
2026-09-12 13:00:00+00:00,2026-09-12T20:00:00+07:00,20.1,9.5,720.0,51.0,26.6,13.0,-0.2588190451025208,-0.9659258262890683,19.0,21.7,18.9,49.0,45.0,38.0,26.8,27.4,28.3,2.289104628452161,-2.6999999999999993,1.1000000000000014,11.5
2026-09-12 14:00:00+00:00,2026-09-12T21:00:00+07:00,31.6,19.7,1266.0,51.0,26.2,14.0,-0.4999999999999997,-0.8660254037844388,20.1,19.0,21.7,51.0,49.0,45.0,26.6,26.8,27.4,1.386241922128936,1.1000000000000014,11.5,8.600000000000001
2026-09-12 15:00:00+00:00,2026-09-12T22:00:00+07:00,40.2,25.7,1581.0,55.0,25.7,15.0,-0.7071067811865471,-0.7071067811865479,31.6,20.1,19.0,51.0,51.0,49.0,26.2,26.6,26.8,5.098496510410459,11.5,8.600000000000001,19.5
2026-09-12 16:00:00+00:00,2026-09-12T23:00:00+07:00,59.7,38.0,2853.0,56.0,25.1,16.0,-0.8660254037844384,-0.5000000000000004,40.2,31.6,20.1,55.0,51.0,51.0,25.7,26.2,26.6,8.744541154343137,8.600000000000001,19.5,10.700000000000003
2026-09-12 17:00:00+00:00,2026-09-13T00:00:00+07:00,70.4,43.4,3259.0,58.0,24.6,17.0,-0.9659258262890683,-0.25881904510252063,59.7,40.2,31.6,56.0,55.0,51.0,25.1,25.7,26.2,15.8200821742493,19.5,10.700000000000003,-1.4000000000000057
2026-09-12 18:00:00+00:00,2026-09-13T01:00:00+07:00,69.0,41.3,3121.0,58.0,24.0,18.0,-1.0,-1.8369701987210297e-16,70.4,59.7,40.2,58.0,56.0,55.0,24.6,25.1,25.7,21.069852079847806,10.700000000000003,-1.4000000000000057,-15.100000000000001
2026-09-12 19:00:00+00:00,2026-09-13T02:00:00+07:00,53.9,33.3,2459.0,56.0,23.5,19.0,-0.9659258262890684,0.2588190451025203,69.0,70.4,59.7,58.0,58.0,56.0,24.0,24.6,25.1,20.9110497106195,-1.4000000000000057,-15.100000000000001,76.0
2026-09-12 20:00:00+00:00,2026-09-13T03:00:00+07:00,129.9,73.2,5445.0,57.0,23.1,20.0,-0.8660254037844386,0.5000000000000001,53.9,69.0,70.4,56.0,58.0,58.0,23.5,24.0,24.6,15.611235270364304,-15.100000000000001,76.0,73.69999999999999
2026-09-12 21:00:00+00:00,2026-09-13T04:00:00+07:00,203.6,113.1,8310.0,58.0,22.8,21.0,-0.7071067811865477,0.7071067811865474,129.9,53.9,69.0,57.0,56.0,58.0,23.1,23.5,24.0,31.11561772915116,76.0,73.69999999999999,-33.099999999999994
2026-09-12 22:00:00+00:00,2026-09-13T05:00:00+07:00,170.5,96.9,7150.0,59.0,22.5,22.0,-0.5000000000000004,0.8660254037844384,203.6,129.9,53.9,58.0,57.0,56.0,22.8,23.1,23.5,58.62261509008275,73.69999999999999,-33.099999999999994,-50.8
2026-09-12 23:00:00+00:00,2026-09-13T06:00:00+07:00,119.7,72.6,5376.0,58.0,22.7,23.0,-0.25881904510252157,0.9659258262890681,170.5,203.6,129.9,59.0,58.0,57.0,22.5,22.8,23.1,61.614459882941965,-33.099999999999994,-50.8,-42.400000000000006
2026-09-13 00:00:00+00:00,2026-09-13T07:00:00+07:00,77.3,48.5,3631.0,53.0,24.3,0.0,0.0,1.0,119.7,170.5,203.6,58.0,59.0,58.0,22.7,22.5,22.8,57.42750792666059,-50.8,-42.400000000000006,-20.799999999999997
2026-09-13 01:00:00+00:00,2026-09-13T08:00:00+07:00,56.5,36.6,2581.0,46.0,26.9,1.0,0.25881904510252074,0.9659258262890683,77.3,119.7,170.5,53.0,58.0,59.0,24.3,22.7,22.5,55.90493418891274,-42.400000000000006,-20.799999999999997,-27.6
2026-09-13 02:00:00+00:00,2026-09-13T09:00:00+07:00,28.9,20.1,1053.0,38.0,29.7,2.0,0.49999999999999994,0.8660254037844387,56.5,77.3,119.7,46.0,53.0,58.0,26.9,24.3,22.7,55.242148763421554,-20.799999999999997,-27.6,1.9000000000000021
2026-09-13 03:00:00+00:00,2026-09-13T10:00:00+07:00,30.8,21.3,1152.0,34.0,31.6,3.0,0.7071067811865475,0.7071067811865476,28.9,56.5,77.3,38.0,46.0,53.0,29.7,26.9,24.3,67.85574158954174,-27.6,1.9000000000000021,0.5
2026-09-13 04:00:00+00:00,2026-09-13T11:00:00+07:00,31.3,21.9,1184.0,31.0,33.2,4.0,0.8660254037844386,0.5000000000000001,30.8,28.9,56.5,34.0,38.0,46.0,31.6,29.7,26.9,55.41741302755539,1.9000000000000021,0.5,-2.6000000000000014
2026-09-13 05:00:00+00:00,2026-09-13T12:00:00+07:00,28.7,20.3,1059.0,30.0,34.5,5.0,0.9659258262890683,0.25881904510252074,31.3,30.8,28.9,31.0,34.0,38.0,33.2,31.6,29.7,35.997578622272165,0.5,-2.6000000000000014,0.6000000000000014
2026-09-13 06:00:00+00:00,2026-09-13T13:00:00+07:00,29.3,20.8,1091.0,30.0,34.5,6.0,1.0,6.123233995736766e-17,28.7,31.3,30.8,30.0,31.0,34.0,34.5,33.2,31.6,20.22075666240014,-2.6000000000000014,0.6000000000000014,1.6999999999999993
2026-09-13 07:00:00+00:00,2026-09-13T14:00:00+07:00,31.0,21.3,1133.0,31.0,33.9,7.0,0.9659258262890683,-0.25881904510252063,29.3,28.7,31.3,30.0,30.0,31.0,34.5,34.5,33.2,10.950753398739282,0.6000000000000014,1.6999999999999993,0.3000000000000007
2026-09-13 08:00:00+00:00,2026-09-13T15:00:00+07:00,31.3,21.2,1133.0,33.0,32.1,8.0,0.8660254037844387,-0.4999999999999998,31.0,29.3,28.7,31.0,30.0,30.0,33.9,34.5,34.5,1.159310139695162,1.6999999999999993,0.3000000000000007,1.4999999999999964
2026-09-13 09:00:00+00:00,2026-09-13T16:00:00+07:00,32.8,22.1,1212.0,34.0,30.5,9.0,0.7071067811865476,-0.7071067811865475,31.3,31.0,29.3,33.0,31.0,30.0,32.1,33.9,34.5,1.1171392035015189,0.3000000000000007,1.4999999999999964,4.200000000000003
2026-09-13 10:00:00+00:00,2026-09-13T17:00:00+07:00,37.0,24.3,1435.0,36.0,29.1,10.0,0.49999999999999994,-0.8660254037844387,32.8,31.3,31.0,34.0,33.0,31.0,30.5,32.1,33.9,1.4948801512718888,1.4999999999999964,4.200000000000003,11.700000000000003
2026-09-13 11:00:00+00:00,2026-09-13T18:00:00+07:00,48.7,31.3,2169.0,43.0,28.0,11.0,0.258819045102521,-0.9659258262890682,37.0,32.8,31.3,36.0,34.0,33.0,29.1,30.5,32.1,2.9902619729158597,4.200000000000003,11.700000000000003,-1.2000000000000028
2026-09-13 12:00:00+00:00,2026-09-13T19:00:00+07:00,47.5,30.4,2064.0,47.0,27.1,12.0,1.2246467991473532e-16,-1.0,48.7,37.0,32.8,43.0,36.0,34.0,28.0,29.1,30.5,7.193168054943984,11.700000000000003,-1.2000000000000028,4.600000000000001
2026-09-13 13:00:00+00:00,2026-09-13T20:00:00+07:00,52.1,33.3,2440.0,49.0,26.7,13.0,-0.2588190451025208,-0.9659258262890683,47.5,48.7,37.0,47.0,43.0,36.0,27.1,28.0,29.1,8.082759429798704,-1.2000000000000028,4.600000000000001,13.300000000000004
2026-09-13 14:00:00+00:00,2026-09-13T21:00:00+07:00,65.4,40.8,3066.0,51.0,25.8,14.0,-0.4999999999999997,-0.8660254037844388,52.1,47.5,48.7,49.0,47.0,43.0,26.7,27.1,28.0,8.945986064524496,4.600000000000001,13.300000000000004,9.5
2026-09-13 15:00:00+00:00,2026-09-13T22:00:00+07:00,74.9,46.7,3500.0,51.0,25.0,15.0,-0.7071067811865471,-0.7071067811865479,65.4,52.1,47.5,51.0,49.0,47.0,25.8,26.7,27.1,11.566978862261298,13.300000000000004,9.5,-8.5
2026-09-13 16:00:00+00:00,2026-09-13T23:00:00+07:00,66.4,41.4,3118.0,51.0,24.7,16.0,-0.8660254037844384,-0.5000000000000004,74.9,65.4,52.1,51.0,51.0,49.0,25.0,25.8,26.7,13.632999180909025,9.5,-8.5,1.7999999999999972
2026-09-13 17:00:00+00:00,2026-09-14T00:00:00+07:00,68.2,42.4,3196.0,52.0,24.2,17.0,-0.9659258262890683,-0.25881904510252063,66.4,74.9,65.4,51.0,51.0,51.0,24.7,25.0,25.8,11.263332840090719,-8.5,1.7999999999999972,26.599999999999994
2026-09-13 18:00:00+00:00,2026-09-14T01:00:00+07:00,94.8,56.9,4210.0,52.0,24.2,18.0,-1.0,-1.8369701987210297e-16,68.2,66.4,74.9,52.0,51.0,51.0,24.2,24.7,25.0,10.421020423483776,1.7999999999999972,26.599999999999994,-17.099999999999994
2026-09-13 19:00:00+00:00,2026-09-14T02:00:00+07:00,77.7,47.2,3338.0,50.0,24.3,19.0,-0.9659258262890684,0.2588190451025203,94.8,68.2,66.4,52.0,52.0,51.0,24.2,24.2,24.7,14.115806742797204,26.599999999999994,-17.099999999999994,-32.400000000000006
2026-09-13 20:00:00+00:00,2026-09-14T03:00:00+07:00,45.3,29.1,1901.0,51.0,23.4,20.0,-0.8660254037844386,0.5000000000000001,77.7,94.8,68.2,50.0,52.0,52.0,24.3,24.2,24.2,11.050550514190034,-17.099999999999994,-32.400000000000006,-2.6999999999999957
2026-09-13 21:00:00+00:00,2026-09-14T04:00:00+07:00,42.6,27.6,1738.0,52.0,22.7,21.0,-0.7071067811865477,0.7071067811865474,45.3,77.7,94.8,51.0,50.0,52.0,23.4,24.3,24.2,16.221888504938804,-32.400000000000006,-2.6999999999999957,1.0
2026-09-13 22:00:00+00:00,2026-09-14T05:00:00+07:00,43.6,28.4,1833.0,50.0,22.3,22.0,-0.5000000000000004,0.8660254037844384,42.6,45.3,77.7,52.0,51.0,50.0,22.7,23.4,24.3,19.734301778037796,-2.6999999999999957,1.0,20.0
2026-09-13 23:00:00+00:00,2026-09-14T06:00:00+07:00,63.6,40.7,2971.0,48.0,22.7,23.0,-0.25881904510252157,0.9659258262890681,43.6,42.6,45.3,50.0,52.0,51.0,22.3,22.7,23.4,21.70056834893192,1.0,20.0,4.999999999999993
2026-09-14 00:00:00+00:00,2026-09-14T07:00:00+07:00,68.6,43.2,3276.0,45.0,24.2,0.0,0.0,1.0,63.6,43.6,42.6,48.0,50.0,52.0,22.7,22.3,22.7,21.51963444547016,20.0,4.999999999999993,3.6000000000000085
2026-09-14 01:00:00+00:00,2026-09-14T08:00:00+07:00,72.2,45.6,3442.0,44.0,26.2,1.0,0.25881904510252074,0.9659258262890683,68.6,63.6,43.6,45.0,48.0,50.0,24.2,22.7,22.3,15.035690872055044,4.999999999999993,3.6000000000000085,-14.100000000000001
2026-09-14 02:00:00+00:00,2026-09-14T09:00:00+07:00,58.1,38.3,2853.0,40.0,28.5,2.0,0.49999999999999994,0.8660254037844387,72.2,68.6,63.6,44.0,45.0,48.0,26.2,24.2,22.7,13.614465346339019,3.6000000000000085,-14.100000000000001,-8.0
2026-09-14 03:00:00+00:00,2026-09-14T10:00:00+07:00,50.1,32.6,2326.0,36.0,31.1,3.0,0.7071067811865475,0.7071067811865476,58.1,72.2,68.6,40.0,44.0,45.0,28.5,26.2,24.2,12.56828017935095,-14.100000000000001,-8.0,-0.8000000000000043
2026-09-14 04:00:00+00:00,2026-09-14T11:00:00+07:00,49.3,32.7,2358.0,34.0,33.0,4.0,0.8660254037844386,0.5000000000000001,50.1,58.1,72.2,36.0,40.0,44.0,31.1,28.5,26.2,10.990298752384572,-8.0,-0.8000000000000043,-2.1999999999999957
2026-09-14 05:00:00+00:00,2026-09-14T12:00:00+07:00,47.1,31.7,2203.0,33.0,34.5,5.0,0.9659258262890683,0.25881904510252074,49.3,50.1,58.1,34.0,36.0,40.0,33.0,31.1,28.5,9.50019298049602,-0.8000000000000043,-2.1999999999999957,-6.800000000000004
2026-09-14 06:00:00+00:00,2026-09-14T13:00:00+07:00,40.3,27.4,1710.0,33.0,34.6,6.0,1.0,6.123233995736766e-17,47.1,49.3,50.1,33.0,34.0,36.0,34.5,33.0,31.1,10.675142465872103,-2.1999999999999957,-6.800000000000004,-0.19999999999999574
2026-09-14 07:00:00+00:00,2026-09-14T14:00:00+07:00,40.1,27.4,1697.0,35.0,33.7,7.0,0.9659258262890683,-0.25881904510252063,40.3,47.1,49.3,33.0,33.0,34.0,34.6,34.5,33.0,11.069914182142488,-6.800000000000004,-0.19999999999999574,-0.8999999999999986
2026-09-14 08:00:00+00:00,2026-09-14T15:00:00+07:00,39.2,26.6,1630.0,39.0,31.5,8.0,0.8660254037844387,-0.4999999999999998,40.1,40.3,47.1,35.0,33.0,33.0,33.7,34.6,34.5,6.769342656417938,-0.19999999999999574,-0.8999999999999986,-3.4000000000000057
2026-09-14 09:00:00+00:00,2026-09-14T16:00:00+07:00,35.8,24.3,1410.0,45.0,29.6,9.0,0.7071067811865476,-0.7071067811865475,39.2,40.1,40.3,39.0,35.0,33.0,31.5,33.7,34.6,5.022250491562474,-0.8999999999999986,-3.4000000000000057,-2.1999999999999957
2026-09-14 10:00:00+00:00,2026-09-14T17:00:00+07:00,33.6,22.8,1278.0,46.0,28.3,10.0,0.49999999999999994,-0.8660254037844387,35.8,39.2,40.1,45.0,39.0,35.0,29.6,31.5,33.7,5.139520081356451,-3.4000000000000057,-2.1999999999999957,-5.0
2026-09-14 11:00:00+00:00,2026-09-14T18:00:00+07:00,28.6,19.3,1040.0,45.0,27.9,11.0,0.258819045102521,-0.9659258262890682,33.6,35.8,39.2,46.0,45.0,39.0,28.3,29.6,31.5,4.630658700444207,-2.1999999999999957,-5.0,-5.600000000000001
2026-09-14 12:00:00+00:00,2026-09-14T19:00:00+07:00,23.0,13.6,839.0,46.0,27.6,12.0,1.2246467991473532e-16,-1.0,28.6,33.6,35.8,45.0,46.0,45.0,27.9,28.3,29.6,4.597245552139494,-5.0,-5.600000000000001,-3.6999999999999993
2026-09-14 13:00:00+00:00,2026-09-14T20:00:00+07:00,19.3,9.5,726.0,49.0,27.3,13.0,-0.2588190451025208,-0.9659258262890683,23.0,28.6,33.6,46.0,45.0,46.0,27.6,27.9,28.3,6.565490588422655,-5.600000000000001,-3.6999999999999993,9.099999999999998
2026-09-14 14:00:00+00:00,2026-09-14T21:00:00+07:00,28.4,16.6,1131.0,51.0,27.0,14.0,-0.4999999999999997,-0.8660254037844388,19.3,23.0,28.6,49.0,46.0,45.0,27.3,27.6,27.9,7.702575326906356,-3.6999999999999993,9.099999999999998,12.100000000000001
2026-09-14 15:00:00+00:00,2026-09-14T22:00:00+07:00,40.5,25.3,1534.0,54.0,26.6,15.0,-0.7071067811865471,-0.7071067811865479,28.4,19.3,23.0,51.0,49.0,46.0,27.0,27.3,27.6,6.218172293099202,9.099999999999998,12.100000000000001,-2.0
2026-09-14 16:00:00+00:00,2026-09-14T23:00:00+07:00,38.5,25.2,1522.0,56.0,26.0,16.0,-0.8660254037844384,-0.5000000000000004,40.5,28.4,19.3,54.0,51.0,49.0,26.6,27.0,27.3,7.5360467089847525,12.100000000000001,-2.0,-7.300000000000001
2026-09-14 17:00:00+00:00,2026-09-15T00:00:00+07:00,31.2,21.6,1164.0,57.0,25.6,17.0,-0.9659258262890683,-0.25881904510252063,38.5,40.5,28.4,56.0,54.0,51.0,26.0,26.6,27.0,8.366938906593411,-2.0,-7.300000000000001,3.599999999999998
2026-09-14 18:00:00+00:00,2026-09-15T01:00:00+07:00,34.8,23.7,1364.0,58.0,25.1,18.0,-1.0,-1.8369701987210297e-16,31.2,38.5,40.5,57.0,56.0,54.0,25.6,26.0,26.6,8.364867004322297,-7.300000000000001,3.599999999999998,1.1000000000000014
2026-09-14 19:00:00+00:00,2026-09-15T02:00:00+07:00,35.9,24.0,1417.0,59.0,24.5,19.0,-0.9659258262890684,0.2588190451025203,34.8,31.2,38.5,58.0,57.0,56.0,25.1,25.6,26.0,7.709063929341,3.599999999999998,1.1000000000000014,17.300000000000004
2026-09-14 20:00:00+00:00,2026-09-15T03:00:00+07:00,53.2,33.3,2373.0,56.0,24.4,20.0,-0.8660254037844386,0.5000000000000001,35.9,34.8,31.2,59.0,58.0,57.0,24.5,25.1,25.6,4.500407388966743,1.1000000000000014,17.300000000000004,-1.3000000000000043
2026-09-14 21:00:00+00:00,2026-09-15T04:00:00+07:00,51.9,32.7,2377.0,55.0,23.5,21.0,-0.7071067811865477,0.7071067811865474,53.2,35.9,34.8,56.0,59.0,58.0,24.4,24.5,25.1,7.644976564167245,17.300000000000004,-1.3000000000000043,2.200000000000003
2026-09-14 22:00:00+00:00,2026-09-15T05:00:00+07:00,54.1,33.7,2499.0,52.0,23.2,22.0,-0.5000000000000004,0.8660254037844384,51.9,53.2,35.9,55.0,56.0,59.0,23.5,24.4,24.5,9.32038983447937,-1.3000000000000043,2.200000000000003,22.499999999999993
2026-09-14 23:00:00+00:00,2026-09-15T06:00:00+07:00,76.6,47.8,3584.0,53.0,23.8,23.0,-0.25881904510252157,0.9659258262890681,54.1,51.9,53.2,52.0,55.0,56.0,23.2,23.5,24.4,10.599512567409237,2.200000000000003,22.499999999999993,1.1000000000000085
2026-09-15 00:00:00+00:00,2026-09-15T07:00:00+07:00,77.7,48.4,3631.0,53.0,25.0,0.0,0.0,1.0,76.6,54.1,51.9,53.0,52.0,55.0,23.8,23.2,23.5,15.238296055224358,22.499999999999993,1.1000000000000085,-6.200000000000003
2026-09-15 01:00:00+00:00,2026-09-15T08:00:00+07:00,71.5,45.7,3408.0,50.0,26.6,1.0,0.25881904510252074,0.9659258262890683,77.7,76.6,54.1,53.0,53.0,52.0,25.0,23.8,23.2,16.10958306929966,1.1000000000000085,-6.200000000000003,-21.700000000000003
2026-09-15 02:00:00+00:00,2026-09-15T09:00:00+07:00,49.8,33.0,2288.0,44.0,28.3,2.0,0.49999999999999994,0.8660254037844387,71.5,77.7,76.6,50.0,53.0,53.0,26.6,25.0,23.8,12.357939418311863,-6.200000000000003,-21.700000000000003,-19.499999999999996
2026-09-15 03:00:00+00:00,2026-09-15T10:00:00+07:00,30.3,21.5,1136.0,38.0,30.5,3.0,0.7071067811865475,0.7071067811865476,49.8,71.5,77.7,44.0,50.0,53.0,28.3,26.6,25.0,13.021520648526405,-21.700000000000003,-19.499999999999996,0.1999999999999993
2026-09-15 04:00:00+00:00,2026-09-15T11:00:00+07:00,30.5,21.6,1162.0,34.0,32.4,4.0,0.8660254037844386,0.5000000000000001,30.3,49.8,71.5,38.0,44.0,50.0,30.5,28.3,26.6,18.665690450663742,-19.499999999999996,0.1999999999999993,-1.1000000000000014
2026-09-15 05:00:00+00:00,2026-09-15T12:00:00+07:00,29.4,20.8,1112.0,35.0,31.8,5.0,0.9659258262890683,0.25881904510252074,30.5,30.3,49.8,34.0,38.0,44.0,32.4,30.5,28.3,22.291941742851076,0.1999999999999993,-1.1000000000000014,-1.0
2026-09-15 06:00:00+00:00,2026-09-15T13:00:00+07:00,28.4,20.3,1060.0,37.0,31.7,6.0,1.0,6.123233995736766e-17,29.4,30.5,30.3,35.0,34.0,38.0,31.8,32.4,30.5,21.92186123484956,-1.1000000000000014,-1.0,-0.3999999999999986
2026-09-15 07:00:00+00:00,2026-09-15T14:00:00+07:00,28.0,19.6,1049.0,36.0,32.7,7.0,0.9659258262890683,-0.25881904510252063,28.4,29.4,30.5,37.0,35.0,34.0,31.7,31.8,32.4,17.433005095698977,-1.0,-0.3999999999999986,-1.8999999999999986
2026-09-15 08:00:00+00:00,2026-09-15T15:00:00+07:00,26.1,17.5,949.0,40.0,31.2,8.0,0.8660254037844387,-0.4999999999999998,28.0,28.4,29.4,36.0,37.0,35.0,32.7,31.7,31.8,8.419897069837997,-0.3999999999999986,-1.8999999999999986,-2.200000000000003
2026-09-15 09:00:00+00:00,2026-09-15T16:00:00+07:00,23.9,14.7,869.0,47.0,28.4,9.0,0.7071067811865476,-0.7071067811865475,26.1,28.0,28.4,40.0,36.0,37.0,31.2,32.7,31.7,1.6485347029002764,-1.8999999999999986,-2.200000000000003,0.10000000000000142
2026-09-15 10:00:00+00:00,2026-09-15T17:00:00+07:00,24.0,14.6,863.0,50.0,27.0,10.0,0.49999999999999994,-0.8660254037844387,23.9,26.1,28.0,47.0,40.0,36.0,28.4,31.2,32.7,2.3794257010183166,-2.200000000000003,0.10000000000000142,3.8999999999999986
2026-09-15 11:00:00+00:00,2026-09-15T18:00:00+07:00,27.9,18.8,1005.0,51.0,26.6,11.0,0.258819045102521,-0.9659258262890682,24.0,23.9,26.1,50.0,47.0,40.0,27.0,28.4,31.2,2.3380903888999915,0.10000000000000142,3.8999999999999986,1.4000000000000021
2026-09-15 12:00:00+00:00,2026-09-15T19:00:00+07:00,29.3,19.1,1050.0,51.0,26.3,12.0,1.2246467991473532e-16,-1.0,27.9,24.0,23.9,51.0,50.0,47.0,26.6,27.0,28.4,2.0449123860612017,3.8999999999999986,1.4000000000000021,-5.0
2026-09-15 13:00:00+00:00,2026-09-15T20:00:00+07:00,24.3,13.9,860.0,50.0,25.9,13.0,-0.2588190451025208,-0.9659258262890683,29.3,27.9,24.0,51.0,51.0,50.0,26.3,26.6,27.0,2.2455882673959886,1.4000000000000021,-5.0,-11.200000000000001
2026-09-15 14:00:00+00:00,2026-09-15T21:00:00+07:00,13.1,6.7,602.0,49.0,25.7,14.0,-0.4999999999999997,-0.8660254037844388,24.3,29.3,27.9,50.0,51.0,51.0,25.9,26.3,26.6,2.2701688630290313,-5.0,-11.200000000000001,-2.0999999999999996
2026-09-15 15:00:00+00:00,2026-09-15T22:00:00+07:00,11.0,5.9,564.0,51.0,25.3,15.0,-0.7071067811865471,-0.7071067811865479,13.1,24.3,29.3,49.0,50.0,51.0,25.7,25.9,26.3,5.689200295296333,-11.200000000000001,-2.0999999999999996,-2.5
2026-09-15 16:00:00+00:00,2026-09-15T23:00:00+07:00,8.5,4.8,510.0,55.0,24.9,16.0,-0.8660254037844384,-0.5000000000000004,11.0,13.1,24.3,51.0,49.0,50.0,25.3,25.7,25.9,7.702467137222976,-2.0999999999999996,-2.5,1.8000000000000007
2026-09-15 17:00:00+00:00,2026-09-16T00:00:00+07:00,10.3,5.6,546.0,57.0,24.7,17.0,-0.9659258262890683,-0.25881904510252063,8.5,11.0,13.1,55.0,51.0,49.0,24.9,25.3,25.7,9.191826079004464,-2.5,1.8000000000000007,-1.5
2026-09-15 18:00:00+00:00,2026-09-16T01:00:00+07:00,8.8,5.0,510.0,57.0,24.5,18.0,-1.0,-1.8369701987210297e-16,10.3,8.5,11.0,57.0,55.0,51.0,24.7,24.9,25.3,8.577742515759411,1.8000000000000007,-1.5,0.8999999999999986
2026-09-15 19:00:00+00:00,2026-09-16T02:00:00+07:00,9.7,5.6,534.0,57.0,24.2,19.0,-0.9659258262890684,0.2588190451025203,8.8,10.3,8.5,57.0,57.0,55.0,24.5,24.7,24.9,5.936553433320265,-1.5,0.8999999999999986,19.0
2026-09-15 20:00:00+00:00,2026-09-16T03:00:00+07:00,28.7,19.9,1032.0,59.0,23.4,20.0,-0.8660254037844386,0.5000000000000001,9.7,8.8,10.3,57.0,57.0,57.0,24.2,24.5,24.7,1.6824585185574816,0.8999999999999986,19.0,15.900000000000002
2026-09-15 21:00:00+00:00,2026-09-16T04:00:00+07:00,44.6,28.2,1863.0,58.0,23.1,21.0,-0.7071067811865477,0.7071067811865474,28.7,9.7,8.8,59.0,57.0,57.0,23.4,24.2,24.5,7.828069153160734,19.0,15.900000000000002,25.999999999999993
2026-09-15 22:00:00+00:00,2026-09-16T05:00:00+07:00,70.6,43.7,3266.0,56.0,22.9,22.0,-0.5000000000000004,0.8660254037844384,44.6,28.7,9.7,58.0,59.0,57.0,23.1,23.4,24.2,14.993287386916405,15.900000000000002,25.999999999999993,-0.09999999999999432
2026-09-15 23:00:00+00:00,2026-09-16T06:00:00+07:00,70.5,44.8,3380.0,55.0,23.4,23.0,-0.25881904510252157,0.9659258262890681,70.6,44.6,28.7,56.0,58.0,59.0,22.9,23.1,23.4,24.915651038386823,25.999999999999993,-0.09999999999999432,-17.1
2026-09-16 00:00:00+00:00,2026-09-16T07:00:00+07:00,53.4,34.6,2511.0,53.0,24.5,0.0,0.0,1.0,70.5,70.6,44.6,55.0,56.0,58.0,23.4,22.9,23.1,27.923425052573087,-0.09999999999999432,-17.1,-4.799999999999997
2026-09-16 01:00:00+00:00,2026-09-16T08:00:00+07:00,48.6,32.0,2258.0,47.0,26.3,1.0,0.25881904510252074,0.9659258262890683,53.4,70.5,70.6,53.0,55.0,56.0,24.5,23.4,22.9,23.994728587754427,-17.1,-4.799999999999997,-6.5
2026-09-16 02:00:00+00:00,2026-09-16T09:00:00+07:00,42.1,28.3,1820.0,41.0,28.2,2.0,0.49999999999999994,0.8660254037844387,48.6,53.4,70.5,47.0,53.0,55.0,26.3,24.5,23.4,16.100641809153633,-4.799999999999997,-6.5,3.799999999999997
2026-09-16 03:00:00+00:00,2026-09-16T10:00:00+07:00,45.9,30.6,2121.0,36.0,30.6,3.0,0.7071067811865475,0.7071067811865476,42.1,48.6,53.4,41.0,47.0,53.0,28.2,26.3,24.5,12.662490539647635,-6.5,3.799999999999997,-8.600000000000001
2026-09-16 04:00:00+00:00,2026-09-16T11:00:00+07:00,37.3,25.6,1546.0,31.0,32.7,4.0,0.8660254037844386,0.5000000000000001,45.9,42.1,48.6,36.0,41.0,47.0,30.6,28.2,26.3,12.459119819099016,3.799999999999997,-8.600000000000001,6.700000000000003
2026-09-16 05:00:00+00:00,2026-09-16T12:00:00+07:00,44.0,29.9,2025.0,31.0,34.7,5.0,0.9659258262890683,0.25881904510252074,37.3,45.9,42.1,31.0,36.0,41.0,32.7,30.6,28.2,11.605803146127624,-8.600000000000001,6.700000000000003,-3.299999999999997
2026-09-16 06:00:00+00:00,2026-09-16T13:00:00+07:00,40.7,27.9,1768.0,32.0,34.6,6.0,1.0,6.123233995736766e-17,44.0,37.3,45.9,31.0,31.0,36.0,34.7,32.7,30.6,5.527175288216016,6.700000000000003,-3.299999999999997,-3.200000000000003
2026-09-16 07:00:00+00:00,2026-09-16T14:00:00+07:00,37.5,26.1,1564.0,34.0,33.2,7.0,0.9659258262890683,-0.25881904510252063,40.7,44.0,37.3,32.0,31.0,31.0,34.6,34.7,32.7,3.9824615503478626,-3.299999999999997,-3.200000000000003,-1.6000000000000014
2026-09-16 08:00:00+00:00,2026-09-16T15:00:00+07:00,35.9,24.8,1479.0,38.0,31.8,8.0,0.8660254037844387,-0.4999999999999998,37.5,40.7,44.0,34.0,32.0,31.0,33.2,34.6,34.7,3.4604912945995214,-3.200000000000003,-1.6000000000000014,4.899999999999999
2026-09-16 09:00:00+00:00,2026-09-16T16:00:00+07:00,40.8,27.9,1775.0,41.0,30.6,9.0,0.7071067811865476,-0.7071067811865475,35.9,37.5,40.7,38.0,34.0,32.0,31.8,33.2,34.6,4.034063294826412,-1.6000000000000014,4.899999999999999,-9.699999999999996
2026-09-16 10:00:00+00:00,2026-09-16T17:00:00+07:00,31.1,21.5,1231.0,44.0,28.7,10.0,0.49999999999999994,-0.8660254037844387,40.8,35.9,37.5,41.0,38.0,34.0,30.6,31.8,33.2,3.002443449370148,4.899999999999999,-9.699999999999996,-6.700000000000003
2026-09-16 11:00:00+00:00,2026-09-16T18:00:00+07:00,24.4,15.9,900.0,51.0,26.8,11.0,0.258819045102521,-0.9659258262890682,31.1,40.8,35.9,44.0,41.0,38.0,28.7,30.6,31.8,4.532843110749113,-9.699999999999996,-6.700000000000003,3.5
2026-09-16 12:00:00+00:00,2026-09-16T19:00:00+07:00,27.9,18.5,1027.0,53.0,26.3,12.0,1.2246467991473532e-16,-1.0,24.4,31.1,40.8,51.0,44.0,41.0,26.8,28.7,30.6,6.336139729098915,-6.700000000000003,3.5,0.7000000000000028
2026-09-16 13:00:00+00:00,2026-09-16T20:00:00+07:00,28.6,19.9,1034.0,54.0,26.2,13.0,-0.2588190451025208,-0.9659258262890683,27.9,24.4,31.1,53.0,51.0,44.0,26.3,26.8,28.7,6.213748197880702,3.5,0.7000000000000028,-2.400000000000002
2026-09-16 14:00:00+00:00,2026-09-16T21:00:00+07:00,26.2,18.5,959.0,55.0,26.0,14.0,-0.4999999999999997,-0.8660254037844388,28.6,27.9,24.4,54.0,53.0,51.0,26.2,26.3,26.8,5.962801355067849,0.7000000000000028,-2.400000000000002,3.900000000000002
2026-09-16 15:00:00+00:00,2026-09-16T22:00:00+07:00,30.1,20.5,1118.0,55.0,26.0,15.0,-0.7071067811865471,-0.7071067811865479,26.2,28.6,27.9,55.0,54.0,53.0,26.0,26.2,26.3,5.828436039510567,-2.400000000000002,3.900000000000002,-10.3
2026-09-16 16:00:00+00:00,2026-09-16T23:00:00+07:00,19.8,10.2,745.0,55.0,25.7,16.0,-0.8660254037844384,-0.5000000000000004,30.1,26.2,28.6,55.0,55.0,54.0,26.0,26.0,26.2,2.472852603775437,3.900000000000002,-10.3,-1.6000000000000014
2026-09-16 17:00:00+00:00,2026-09-17T00:00:00+07:00,18.2,8.8,702.0,56.0,25.4,17.0,-0.9659258262890683,-0.25881904510252063,19.8,30.1,26.2,55.0,55.0,55.0,25.7,26.0,26.0,3.6892637025110555,-10.3,-1.6000000000000014,4.0
2026-09-16 18:00:00+00:00,2026-09-17T01:00:00+07:00,22.2,12.9,818.0,57.0,25.3,18.0,-1.0,-1.8369701987210297e-16,18.2,19.8,30.1,56.0,55.0,55.0,25.4,25.7,26.0,4.939500649525776,-1.6000000000000014,4.0,-0.8000000000000007
2026-09-16 19:00:00+00:00,2026-09-17T02:00:00+07:00,21.4,12.5,794.0,56.0,25.5,19.0,-0.9659258262890684,0.2588190451025203,22.2,18.2,19.8,57.0,56.0,55.0,25.3,25.4,25.7,4.848264294225878,4.0,-0.8000000000000007,-1.8999999999999986
2026-09-16 20:00:00+00:00,2026-09-17T03:00:00+07:00,19.5,9.7,726.0,56.0,25.3,20.0,-0.8660254037844386,0.5000000000000001,21.4,22.2,18.2,56.0,57.0,56.0,25.5,25.3,25.4,4.407455804278192,-0.8000000000000007,-1.8999999999999986,0.1999999999999993
2026-09-16 21:00:00+00:00,2026-09-17T04:00:00+07:00,19.7,10.1,738.0,56.0,25.2,21.0,-0.7071067811865477,0.7071067811865474,19.5,21.4,22.2,56.0,56.0,57.0,25.3,25.5,25.3,4.276291227999503,-1.8999999999999986,0.1999999999999993,1.4000000000000021
2026-09-16 22:00:00+00:00,2026-09-17T05:00:00+07:00,21.1,11.4,778.0,57.0,25.0,22.0,-0.5000000000000004,0.8660254037844384,19.7,19.5,21.4,56.0,56.0,56.0,25.2,25.3,25.5,1.4361986863472103,0.1999999999999993,1.4000000000000021,6.399999999999999
2026-09-16 23:00:00+00:00,2026-09-17T06:00:00+07:00,27.5,18.6,995.0,57.0,25.0,23.0,-0.25881904510252157,0.9659258262890681,21.1,19.7,19.5,57.0,56.0,56.0,25.0,25.2,25.3,1.473431369286942,1.4000000000000021,6.399999999999999,10.399999999999999
2026-09-17 00:00:00+00:00,2026-09-17T07:00:00+07:00,37.9,25.5,1549.0,54.0,25.5,0.0,0.0,1.0,27.5,21.1,19.7,57.0,57.0,56.0,25.0,25.0,25.2,2.9305289624910458,6.399999999999999,10.399999999999999,11.100000000000001
2026-09-17 01:00:00+00:00,2026-09-17T08:00:00+07:00,49.0,32.2,2280.0,51.0,26.6,1.0,0.25881904510252074,0.9659258262890683,37.9,27.5,21.1,54.0,57.0,57.0,25.5,25.0,25.0,7.180088207443248,10.399999999999999,11.100000000000001,2.200000000000003
2026-09-17 02:00:00+00:00,2026-09-17T09:00:00+07:00,51.2,34.0,2476.0,47.0,28.0,2.0,0.49999999999999994,0.8660254037844387,49.0,37.9,27.5,51.0,54.0,57.0,26.6,25.5,25.0,12.004401970388434,11.100000000000001,2.200000000000003,-4.900000000000006
2026-09-17 03:00:00+00:00,2026-09-17T10:00:00+07:00,46.3,31.5,2195.0,42.0,29.9,3.0,0.7071067811865475,0.7071067811865476,51.2,49.0,37.9,47.0,51.0,54.0,28.0,26.6,25.5,13.771274450826954,2.200000000000003,-4.900000000000006,-22.199999999999996
2026-09-17 04:00:00+00:00,2026-09-17T11:00:00+07:00,24.1,16.6,913.0,36.0,32.1,4.0,0.8660254037844386,0.5000000000000001,46.3,51.2,49.0,42.0,47.0,51.0,29.9,28.0,26.6,12.294985427671966,-4.900000000000006,-22.199999999999996,-1.9000000000000021
2026-09-17 05:00:00+00:00,2026-09-17T12:00:00+07:00,22.2,13.8,840.0,31.0,33.7,5.0,0.9659258262890683,0.25881904510252074,24.1,46.3,51.2,36.0,42.0,47.0,32.1,29.9,28.0,11.462402307835214,-22.199999999999996,-1.9000000000000021,2.1999999999999993
2026-09-17 06:00:00+00:00,2026-09-17T13:00:00+07:00,24.4,16.3,916.0,27.0,34.3,6.0,1.0,6.123233995736766e-17,22.2,24.1,46.3,31.0,36.0,42.0,33.7,32.1,29.9,12.694683926746634,-1.9000000000000021,2.1999999999999993,2.1000000000000014
2026-09-17 07:00:00+00:00,2026-09-17T14:00:00+07:00,26.5,19.1,1001.0,30.0,34.3,7.0,0.9659258262890683,-0.25881904510252063,24.4,22.2,24.1,27.0,31.0,36.0,34.3,33.7,32.1,13.946325680981328,2.1999999999999993,2.1000000000000014,20.700000000000003
2026-09-17 08:00:00+00:00,2026-09-17T15:00:00+07:00,47.2,31.7,2263.0,38.0,32.6,8.0,0.8660254037844387,-0.4999999999999998,26.5,24.4,22.2,30.0,27.0,31.0,34.3,34.3,33.7,12.793553063945888,2.1000000000000014,20.700000000000003,5.399999999999999
2026-09-17 09:00:00+00:00,2026-09-17T16:00:00+07:00,52.6,35.4,2645.0,42.0,30.9,9.0,0.7071067811865476,-0.7071067811865475,47.2,26.5,24.4,38.0,30.0,27.0,32.6,34.3,34.3,11.676543438306812,20.700000000000003,5.399999999999999,-6.600000000000001
2026-09-17 10:00:00+00:00,2026-09-17T17:00:00+07:00,46.0,30.7,2110.0,43.0,30.1,10.0,0.49999999999999994,-0.8660254037844387,52.6,47.2,26.5,42.0,38.0,30.0,30.9,32.6,34.3,13.3992039564545,5.399999999999999,-6.600000000000001,-13.200000000000003
2026-09-17 11:00:00+00:00,2026-09-17T18:00:00+07:00,32.8,22.4,1249.0,48.0,28.5,11.0,0.258819045102521,-0.9659258262890682,46.0,52.6,47.2,43.0,42.0,38.0,30.1,30.9,32.6,13.526628059744455,-6.600000000000001,-13.200000000000003,1.4000000000000057
2026-09-17 12:00:00+00:00,2026-09-17T19:00:00+07:00,34.2,23.5,1355.0,52.0,27.2,12.0,1.2246467991473532e-16,-1.0,32.8,46.0,52.6,48.0,43.0,42.0,28.5,30.1,30.9,11.88002525249839,-13.200000000000003,1.4000000000000057,-0.10000000000000142
2026-09-17 13:00:00+00:00,2026-09-17T20:00:00+07:00,34.1,23.4,1342.0,54.0,26.4,13.0,-0.2588190451025208,-0.9659258262890683,34.2,32.8,46.0,52.0,48.0,43.0,27.2,28.5,30.1,10.141482468883241,1.4000000000000057,-0.10000000000000142,-2.0
2026-09-17 14:00:00+00:00,2026-09-17T21:00:00+07:00,32.1,22.3,1208.0,55.0,26.2,14.0,-0.4999999999999997,-0.8660254037844388,34.1,34.2,32.8,54.0,52.0,48.0,26.4,27.2,28.5,8.472956980889228,-0.10000000000000142,-2.0,0.8999999999999986
2026-09-17 15:00:00+00:00,2026-09-17T22:00:00+07:00,33.0,22.4,1242.0,55.0,26.3,15.0,-0.7071067811865471,-0.7071067811865479,32.1,34.1,34.2,55.0,54.0,52.0,26.2,26.4,27.2,8.558660331305715,-2.0,0.8999999999999986,-2.0
2026-09-17 16:00:00+00:00,2026-09-17T23:00:00+07:00,31.0,21.1,1155.0,53.0,26.5,16.0,-0.8660254037844384,-0.5000000000000004,33.0,32.1,34.1,55.0,55.0,54.0,26.3,26.2,26.4,5.270547093676892,0.8999999999999986,-2.0,2.299999999999997
2026-09-17 17:00:00+00:00,2026-09-18T00:00:00+07:00,33.3,22.6,1237.0,54.0,25.9,17.0,-0.9659258262890683,-0.25881904510252063,31.0,33.0,32.1,53.0,55.0,55.0,26.5,26.3,26.2,1.2160043859566618,-2.0,2.299999999999997,3.0
2026-09-17 18:00:00+00:00,2026-09-18T01:00:00+07:00,36.3,24.4,1433.0,54.0,25.9,18.0,-1.0,-1.8369701987210297e-16,33.3,31.0,33.0,54.0,53.0,55.0,25.9,26.5,26.3,1.2275992831535762,2.299999999999997,3.0,5.0
2026-09-17 19:00:00+00:00,2026-09-18T02:00:00+07:00,41.3,27.3,1704.0,55.0,25.4,19.0,-0.9659258262890684,0.2588190451025203,36.3,33.3,31.0,54.0,54.0,53.0,25.9,25.9,26.5,1.814386948806453,3.0,5.0,7.100000000000001
2026-09-17 20:00:00+00:00,2026-09-18T03:00:00+07:00,48.4,31.4,2175.0,55.0,24.6,20.0,-0.8660254037844386,0.5000000000000001,41.3,36.3,33.3,55.0,54.0,54.0,25.4,25.9,25.9,3.7730624166582833,5.0,7.100000000000001,-0.8999999999999986
2026-09-17 21:00:00+00:00,2026-09-18T04:00:00+07:00,47.5,31.0,2127.0,53.0,24.2,21.0,-0.7071067811865477,0.7071067811865474,48.4,41.3,36.3,55.0,55.0,54.0,24.6,25.4,25.9,6.547493158962904,7.100000000000001,-0.8999999999999986,2.6000000000000014
2026-09-17 22:00:00+00:00,2026-09-18T05:00:00+07:00,50.1,32.7,2344.0,53.0,23.8,22.0,-0.5000000000000004,0.8660254037844384,47.5,48.4,41.3,53.0,55.0,55.0,24.2,24.6,25.4,7.311269839546764,-0.8999999999999986,2.6000000000000014,34.800000000000004
2026-09-17 23:00:00+00:00,2026-09-18T06:00:00+07:00,84.9,52.6,3920.0,52.0,24.3,23.0,-0.25881904510252157,0.9659258262890681,50.1,47.5,48.4,53.0,53.0,55.0,23.8,24.2,24.6,6.949652269478405,2.6000000000000014,34.800000000000004,-27.300000000000004
2026-09-18 00:00:00+00:00,2026-09-18T07:00:00+07:00,57.6,37.2,2747.0,53.0,25.3,0.0,0.0,1.0,84.9,50.1,47.5,52.0,53.0,53.0,24.3,23.8,24.2,17.19400089178394,34.800000000000004,-27.300000000000004,-8.200000000000003
2026-09-18 01:00:00+00:00,2026-09-18T08:00:00+07:00,49.4,32.6,2311.0,50.0,27.1,1.0,0.25881904510252074,0.9659258262890683,57.6,84.9,50.1,53.0,52.0,53.0,25.3,24.3,23.8,15.570955868753437,-27.300000000000004,-8.200000000000003,-12.100000000000001
2026-09-18 02:00:00+00:00,2026-09-18T09:00:00+07:00,37.3,25.3,1517.0,42.0,29.8,2.0,0.49999999999999994,0.8660254037844387,49.4,57.6,84.9,50.0,53.0,52.0,27.1,25.3,24.3,14.460624698354742,-8.200000000000003,-12.100000000000001,0.7000000000000028
2026-09-18 03:00:00+00:00,2026-09-18T10:00:00+07:00,38.0,25.8,1589.0,38.0,31.6,3.0,0.7071067811865475,0.7071067811865476,37.3,49.4,57.6,42.0,50.0,53.0,29.8,27.1,25.3,16.272512610739224,-12.100000000000001,0.7000000000000028,4.299999999999997
2026-09-18 04:00:00+00:00,2026-09-18T11:00:00+07:00,42.3,28.7,1863.0,36.0,33.2,4.0,0.8660254037844386,0.5000000000000001,38.0,37.3,49.4,38.0,42.0,50.0,31.6,29.8,27.1,17.5017046788782,0.7000000000000028,4.299999999999997,-5.0
2026-09-18 05:00:00+00:00,2026-09-18T12:00:00+07:00,37.3,25.9,1549.0,34.0,34.8,5.0,0.9659258262890683,0.25881904510252074,42.3,38.0,37.3,36.0,38.0,42.0,33.2,31.6,29.8,18.031463242528794,4.299999999999997,-5.0,-3.0
2026-09-18 06:00:00+00:00,2026-09-18T13:00:00+07:00,34.3,24.1,1396.0,33.0,35.2,6.0,1.0,6.123233995736766e-17,37.3,42.3,38.0,34.0,36.0,38.0,34.8,33.2,31.6,8.271094244415293,-5.0,-3.0,-1.2999999999999972
2026-09-18 07:00:00+00:00,2026-09-18T14:00:00+07:00,33.0,23.1,1314.0,37.0,33.6,7.0,0.9659258262890683,-0.25881904510252063,34.3,37.3,42.3,33.0,34.0,36.0,35.2,34.8,33.2,5.373887481764596,-3.0,-1.2999999999999972,-1.1999999999999993
2026-09-18 08:00:00+00:00,2026-09-18T15:00:00+07:00,31.8,22.3,1236.0,39.0,31.5,8.0,0.8660254037844387,-0.4999999999999998,33.0,34.3,37.3,37.0,33.0,34.0,33.6,35.2,34.8,3.242015833808665,-1.2999999999999972,-1.1999999999999993,1.0999999999999979
2026-09-18 09:00:00+00:00,2026-09-18T16:00:00+07:00,32.9,22.8,1300.0,41.0,30.3,9.0,0.7071067811865476,-0.7071067811865475,31.8,33.0,34.3,39.0,37.0,33.0,31.5,33.6,35.2,3.868548392700555,-1.1999999999999993,1.0999999999999979,5.800000000000004
2026-09-18 10:00:00+00:00,2026-09-18T17:00:00+07:00,38.7,26.2,1596.0,46.0,29.0,10.0,0.49999999999999994,-0.8660254037844387,32.9,31.8,33.0,41.0,39.0,37.0,30.3,31.5,33.6,3.9317510941902216,1.0999999999999979,5.800000000000004,1.8999999999999986
2026-09-18 11:00:00+00:00,2026-09-18T18:00:00+07:00,40.6,27.1,1688.0,51.0,28.2,11.0,0.258819045102521,-0.9659258262890682,38.7,32.9,31.8,46.0,41.0,39.0,29.0,30.3,31.5,2.736908231319784,5.800000000000004,1.8999999999999986,-2.700000000000003
2026-09-18 12:00:00+00:00,2026-09-18T19:00:00+07:00,37.9,25.5,1540.0,54.0,27.7,12.0,1.2246467991473532e-16,-1.0,40.6,38.7,32.9,51.0,46.0,41.0,28.2,29.0,30.3,3.5751456846772034,1.8999999999999986,-2.700000000000003,-5.100000000000001
2026-09-18 13:00:00+00:00,2026-09-18T20:00:00+07:00,32.8,22.5,1247.0,55.0,27.2,13.0,-0.2588190451025208,-0.9659258262890683,37.9,40.6,38.7,54.0,51.0,46.0,27.7,28.2,29.0,3.690754213797779,-2.700000000000003,-5.100000000000001,18.0
2026-09-18 14:00:00+00:00,2026-09-18T21:00:00+07:00,50.8,33.5,2441.0,56.0,26.6,14.0,-0.4999999999999997,-0.8660254037844388,32.8,37.9,40.6,55.0,54.0,51.0,27.2,27.7,28.2,3.7220514056990215,-5.100000000000001,18.0,7.5
2026-09-18 15:00:00+00:00,2026-09-18T22:00:00+07:00,58.3,38.3,2875.0,57.0,26.6,15.0,-0.7071067811865471,-0.7071067811865479,50.8,32.8,37.9,56.0,55.0,54.0,26.6,27.2,27.7,6.614151495089874,18.0,7.5,3.8000000000000043
2026-09-18 16:00:00+00:00,2026-09-18T23:00:00+07:00,62.1,40.6,3053.0,57.0,26.6,16.0,-0.8660254037844384,-0.5000000000000004,58.3,50.8,32.8,57.0,56.0,55.0,26.6,26.6,27.2,9.476585179623859,7.5,3.8000000000000043,3.6000000000000014
2026-09-18 17:00:00+00:00,2026-09-19T00:00:00+07:00,65.7,43.1,3235.0,58.0,26.2,17.0,-0.9659258262890683,-0.25881904510252063,62.1,58.3,50.8,57.0,57.0,56.0,26.6,26.6,26.6,11.79413696150197,3.8000000000000043,3.6000000000000014,-8.5
2026-09-18 18:00:00+00:00,2026-09-19T01:00:00+07:00,57.2,35.3,2690.0,60.0,25.7,18.0,-1.0,-1.8369701987210297e-16,65.7,62.1,58.3,58.0,57.0,57.0,26.2,26.6,26.6,13.379486786370666,3.6000000000000014,-8.5,-1.3000000000000043
2026-09-18 19:00:00+00:00,2026-09-19T02:00:00+07:00,55.9,34.3,2591.0,59.0,25.8,19.0,-0.9659258262890684,0.2588190451025203,57.2,65.7,62.1,60.0,58.0,57.0,25.7,26.2,26.6,11.743154034017756,-8.5,-1.3000000000000043,0.30000000000000426
2026-09-18 20:00:00+00:00,2026-09-19T03:00:00+07:00,56.2,34.9,2591.0,59.0,25.8,20.0,-0.8660254037844386,0.5000000000000001,55.9,57.2,65.7,59.0,60.0,58.0,25.8,25.7,26.2,5.146131232942639,-1.3000000000000043,0.30000000000000426,10.0
2026-09-18 21:00:00+00:00,2026-09-19T04:00:00+07:00,66.2,41.5,3115.0,56.0,25.5,21.0,-0.7071067811865477,0.7071067811865474,56.2,55.9,57.2,59.0,59.0,60.0,25.8,25.8,25.7,3.8820956539822378,0.30000000000000426,10.0,2.3999999999999915
2026-09-18 22:00:00+00:00,2026-09-19T05:00:00+07:00,68.6,42.8,3233.0,56.0,25.5,22.0,-0.5000000000000004,0.8660254037844384,66.2,56.2,55.9,56.0,59.0,59.0,25.5,25.8,25.8,4.745840283869783,10.0,2.3999999999999915,-4.599999999999994
2026-09-18 23:00:00+00:00,2026-09-19T06:00:00+07:00,64.0,40.1,2975.0,55.0,26.1,23.0,-0.25881904510252157,0.9659258262890681,68.6,66.2,56.2,56.0,56.0,59.0,25.5,25.5,25.8,5.796090636512508,2.3999999999999915,-4.599999999999994,-20.1
2026-09-19 00:00:00+00:00,2026-09-19T07:00:00+07:00,43.9,28.8,1855.0,55.0,26.9,0.0,0.0,1.0,64.0,68.6,66.2,55.0,56.0,56.0,26.1,25.5,25.5,5.595623289679289,-4.599999999999994,-20.1,0.3999999999999986
2026-09-19 01:00:00+00:00,2026-09-19T08:00:00+07:00,44.3,28.9,1890.0,50.0,27.9,1.0,0.25881904510252074,0.9659258262890683,43.9,64.0,68.6,55.0,55.0,56.0,26.9,26.1,25.5,9.103332723056306,-20.1,0.3999999999999986,4.100000000000001
2026-09-19 02:00:00+00:00,2026-09-19T09:00:00+07:00,48.4,31.8,2205.0,46.0,29.5,2.0,0.49999999999999994,0.8660254037844387,44.3,43.9,64.0,50.0,55.0,55.0,27.9,26.9,26.1,10.968135666557053,0.3999999999999986,4.100000000000001,0.7000000000000028
2026-09-19 03:00:00+00:00,2026-09-19T10:00:00+07:00,49.1,32.4,2294.0,41.0,31.3,3.0,0.7071067811865475,0.7071067811865476,48.4,44.3,43.9,46.0,50.0,55.0,29.5,27.9,26.9,11.55681617055497,4.100000000000001,0.7000000000000028,-6.899999999999999
2026-09-19 04:00:00+00:00,2026-09-19T11:00:00+07:00,42.2,28.0,1770.0,36.0,33.0,4.0,0.8660254037844386,0.5000000000000001,49.1,48.4,44.3,41.0,46.0,50.0,31.3,29.5,27.9,10.575585090197167,0.7000000000000028,-6.899999999999999,-0.20000000000000284
2026-09-19 05:00:00+00:00,2026-09-19T12:00:00+07:00,42.0,27.8,1761.0,36.0,32.7,5.0,0.9659258262890683,0.25881904510252074,42.2,49.1,48.4,36.0,41.0,46.0,33.0,31.3,29.5,7.987177223525239,-6.899999999999999,-0.20000000000000284,-5.399999999999999
2026-09-19 06:00:00+00:00,2026-09-19T13:00:00+07:00,36.6,24.5,1444.0,39.0,32.0,6.0,1.0,6.123233995736766e-17,42.0,42.2,49.1,36.0,36.0,41.0,32.7,33.0,31.3,3.0629506471157435,-0.20000000000000284,-5.399999999999999,11.199999999999996
2026-09-19 07:00:00+00:00,2026-09-19T14:00:00+07:00,47.8,31.6,2237.0,46.0,30.8,7.0,0.9659258262890683,-0.25881904510252063,36.6,42.0,42.2,39.0,36.0,36.0,32.0,32.7,33.0,4.628894756490653,-5.399999999999999,11.199999999999996,5.0
2026-09-19 08:00:00+00:00,2026-09-19T15:00:00+07:00,52.8,34.7,2563.0,50.0,29.8,8.0,0.8660254037844387,-0.4999999999999998,47.8,36.6,42.0,46.0,39.0,36.0,30.8,32.0,32.7,4.9208739061268405,11.199999999999996,5.0,0.4000000000000057
2026-09-19 09:00:00+00:00,2026-09-19T16:00:00+07:00,53.2,34.6,2594.0,50.0,29.7,9.0,0.7071067811865476,-0.7071067811865475,52.8,47.8,36.6,50.0,46.0,39.0,29.8,30.8,32.0,5.879597491892342,5.0,0.4000000000000057,-1.5
2026-09-19 10:00:00+00:00,2026-09-19T17:00:00+07:00,51.7,33.6,2460.0,54.0,28.6,10.0,0.49999999999999994,-0.8660254037844387,53.2,52.8,47.8,50.0,50.0,46.0,29.7,29.8,30.8,6.630133231441642,0.4000000000000057,-1.5,-8.800000000000004
2026-09-19 11:00:00+00:00,2026-09-19T18:00:00+07:00,42.9,28.4,1810.0,55.0,28.0,11.0,0.258819045102521,-0.9659258262890682,51.7,53.2,52.8,54.0,50.0,50.0,28.6,29.7,29.8,6.741439015521853,-1.5,-8.800000000000004,0.8999999999999986
2026-09-19 12:00:00+00:00,2026-09-19T19:00:00+07:00,43.8,29.1,1921.0,52.0,27.2,12.0,1.2246467991473532e-16,-1.0,42.9,51.7,53.2,55.0,54.0,50.0,28.0,28.6,29.7,6.607268724669844,-8.800000000000004,0.8999999999999986,-1.0
2026-09-19 13:00:00+00:00,2026-09-19T20:00:00+07:00,42.8,28.7,1859.0,54.0,26.6,13.0,-0.2588190451025208,-0.9659258262890683,43.8,42.9,51.7,52.0,55.0,54.0,27.2,28.0,28.6,4.5720892379742955,0.8999999999999986,-1.0,-5.599999999999994
2026-09-19 14:00:00+00:00,2026-09-19T21:00:00+07:00,37.2,25.1,1497.0,53.0,26.1,14.0,-0.4999999999999997,-0.8660254037844388,42.8,43.8,42.9,54.0,52.0,55.0,26.6,27.2,28.0,5.183692377704039,-1.0,-5.599999999999994,-2.9000000000000057
2026-09-19 15:00:00+00:00,2026-09-19T22:00:00+07:00,34.3,23.3,1330.0,53.0,25.7,15.0,-0.7071067811865471,-0.7071067811865479,37.2,42.8,43.8,53.0,54.0,52.0,26.1,26.6,27.2,6.053649037288726,-5.599999999999994,-2.9000000000000057,-0.09999999999999432
2026-09-19 16:00:00+00:00,2026-09-19T23:00:00+07:00,34.2,23.1,1328.0,55.0,25.2,16.0,-0.8660254037844384,-0.5000000000000004,34.3,37.2,42.8,53.0,53.0,54.0,25.7,26.1,26.6,6.017114480103104,-2.9000000000000057,-0.09999999999999432,-2.0
2026-09-19 17:00:00+00:00,2026-09-20T00:00:00+07:00,32.2,22.2,1219.0,58.0,24.8,17.0,-0.9659258262890683,-0.25881904510252063,34.2,34.3,37.2,55.0,53.0,53.0,25.2,25.7,26.1,4.4904342774390456,-0.09999999999999432,-2.0,1.5
2026-09-19 18:00:00+00:00,2026-09-20T01:00:00+07:00,33.7,22.9,1295.0,57.0,24.9,18.0,-1.0,-1.8369701987210297e-16,32.2,34.2,34.3,58.0,55.0,53.0,24.8,25.2,25.7,4.838353714505176,-2.0,1.5,13.599999999999994
2026-09-19 19:00:00+00:00,2026-09-20T02:00:00+07:00,47.3,30.4,2098.0,57.0,24.5,19.0,-0.9659258262890684,0.2588190451025203,33.7,32.2,34.2,57.0,58.0,55.0,24.9,24.8,25.2,3.823959553481953,1.5,13.599999999999994,1.0
2026-09-19 20:00:00+00:00,2026-09-20T03:00:00+07:00,48.3,31.2,2143.0,57.0,23.9,20.0,-0.8660254037844386,0.5000000000000001,47.3,33.7,32.2,57.0,57.0,58.0,24.5,24.9,24.8,5.542352087937571,13.599999999999994,1.0,-0.6999999999999957
2026-09-19 21:00:00+00:00,2026-09-20T04:00:00+07:00,47.6,30.4,2074.0,57.0,23.3,21.0,-0.7071067811865477,0.7071067811865474,48.3,47.3,33.7,57.0,57.0,57.0,23.9,24.5,24.9,7.377985271513226,1.0,-0.6999999999999957,4.799999999999997
2026-09-19 22:00:00+00:00,2026-09-20T05:00:00+07:00,52.4,33.2,2402.0,57.0,23.1,22.0,-0.5000000000000004,0.8660254037844384,47.6,48.3,47.3,57.0,57.0,57.0,23.3,23.9,24.5,7.9031006573369424,-0.6999999999999957,4.799999999999997,6.100000000000001
2026-09-19 23:00:00+00:00,2026-09-20T06:00:00+07:00,58.5,37.0,2787.0,57.0,23.7,23.0,-0.25881904510252157,0.9659258262890681,52.4,47.6,48.3,57.0,57.0,57.0,23.1,23.3,23.9,8.452080611699495,4.799999999999997,6.100000000000001,-5.0
2026-09-20 00:00:00+00:00,2026-09-20T07:00:00+07:00,53.5,34.1,2486.0,55.0,25.0,0.0,0.0,1.0,58.5,52.4,47.6,57.0,57.0,57.0,23.7,23.1,23.3,8.183316361150098,6.100000000000001,-5.0,8.899999999999999
2026-09-20 01:00:00+00:00,2026-09-20T08:00:00+07:00,62.4,38.9,2943.0,51.0,26.8,1.0,0.25881904510252074,0.9659258262890683,53.5,58.5,52.4,55.0,57.0,57.0,25.0,23.7,23.1,4.394845465618464,-5.0,8.899999999999999,-5.799999999999997
2026-09-20 02:00:00+00:00,2026-09-20T09:00:00+07:00,56.6,35.6,2638.0,47.0,28.5,2.0,0.49999999999999994,0.8660254037844387,62.4,53.5,58.5,51.0,55.0,57.0,26.8,25.0,23.7,5.775609635931722,8.899999999999999,-5.799999999999997,-12.0
2026-09-20 03:00:00+00:00,2026-09-20T10:00:00+07:00,44.6,29.1,1913.0,40.0,30.4,3.0,0.7071067811865475,0.7071067811865476,56.6,62.4,53.5,47.0,51.0,55.0,28.5,26.8,25.0,5.160878478192201,-5.799999999999997,-12.0,-1.3000000000000043
2026-09-20 04:00:00+00:00,2026-09-20T11:00:00+07:00,43.3,28.4,1826.0,35.0,32.6,4.0,0.8660254037844386,0.5000000000000001,44.6,56.6,62.4,40.0,47.0,51.0,30.4,28.5,26.8,6.100382501668843,-12.0,-1.3000000000000043,-2.0
2026-09-20 05:00:00+00:00,2026-09-20T12:00:00+07:00,41.3,27.2,1733.0,31.0,34.7,5.0,0.9659258262890683,0.25881904510252074,43.3,44.6,56.6,35.0,40.0,47.0,32.6,30.4,28.5,7.698506348636771,-1.3000000000000043,-2.0,5.0
2026-09-20 06:00:00+00:00,2026-09-20T13:00:00+07:00,46.3,30.6,2114.0,37.0,33.4,6.0,1.0,6.123233995736766e-17,41.3,43.3,44.6,31.0,35.0,40.0,34.7,32.6,30.4,8.471461896666193,-2.0,5.0,-0.7999999999999972
2026-09-20 07:00:00+00:00,2026-09-20T14:00:00+07:00,45.5,30.3,2065.0,39.0,32.5,7.0,0.9659258262890683,-0.25881904510252063,46.3,41.3,43.3,37.0,31.0,35.0,33.4,34.7,32.6,8.434551954115115,5.0,-0.7999999999999972,-3.0
2026-09-20 08:00:00+00:00,2026-09-20T15:00:00+07:00,42.5,28.5,1837.0,42.0,31.5,8.0,0.8660254037844387,-0.4999999999999998,45.5,46.3,41.3,39.0,37.0,31.0,32.5,33.4,34.7,5.359353194805035,-0.7999999999999972,-3.0,-7.0
2026-09-20 09:00:00+00:00,2026-09-20T16:00:00+07:00,35.5,24.4,1427.0,46.0,30.1,9.0,0.7071067811865476,-0.7071067811865475,42.5,45.5,46.3,42.0,39.0,37.0,31.5,32.5,33.4,1.8914720898460984,-3.0,-7.0,-2.299999999999997
2026-09-20 10:00:00+00:00,2026-09-20T17:00:00+07:00,33.2,22.8,1273.0,50.0,28.3,10.0,0.49999999999999994,-0.8660254037844387,35.5,42.5,45.5,46.0,42.0,39.0,30.1,31.5,32.5,3.8590154184714027,-7.0,-2.299999999999997,-1.3000000000000043
2026-09-20 11:00:00+00:00,2026-09-20T18:00:00+07:00,31.9,21.7,1193.0,52.0,27.6,11.0,0.258819045102521,-0.9659258262890682,33.2,35.5,42.5,50.0,46.0,42.0,28.3,30.1,31.5,5.315794076774097,-2.299999999999997,-1.3000000000000043,2.0
2026-09-20 12:00:00+00:00,2026-09-20T19:00:00+07:00,33.9,22.8,1289.0,55.0,27.3,12.0,1.2246467991473532e-16,-1.0,31.9,33.2,35.5,52.0,50.0,46.0,27.6,28.3,30.1,6.386783227885521,-1.3000000000000043,2.0,11.0
2026-09-20 13:00:00+00:00,2026-09-20T20:00:00+07:00,44.9,29.6,1990.0,53.0,26.9,13.0,-0.2588190451025208,-0.9659258262890683,33.9,31.9,33.2,55.0,52.0,50.0,27.3,27.6,28.3,5.563601950774904,2.0,11.0,2.3999999999999986
2026-09-20 14:00:00+00:00,2026-09-20T21:00:00+07:00,47.3,30.2,2051.0,56.0,26.8,14.0,-0.4999999999999997,-0.8660254037844388,44.9,33.9,31.9,53.0,55.0,52.0,26.9,27.3,27.6,5.384576739788031,11.0,2.3999999999999986,1.0
2026-09-20 15:00:00+00:00,2026-09-20T22:00:00+07:00,48.3,30.9,2154.0,55.0,26.7,15.0,-0.7071067811865471,-0.7071067811865479,47.3,44.9,33.9,56.0,53.0,55.0,26.8,26.9,27.3,6.58981537424732,2.3999999999999986,1.0,0.5
2026-09-20 16:00:00+00:00,2026-09-20T23:00:00+07:00,48.8,32.1,2273.0,50.0,25.6,16.0,-0.8660254037844384,-0.5000000000000004,48.3,47.3,44.9,55.0,56.0,53.0,26.7,26.8,26.9,7.683857538155331,1.0,0.5,-2.6999999999999957
2026-09-20 17:00:00+00:00,2026-09-21T00:00:00+07:00,46.1,30.1,2051.0,49.0,24.9,17.0,-0.9659258262890683,-0.25881904510252063,48.8,48.3,47.3,50.0,55.0,56.0,25.6,26.7,26.8,7.595371397546448,0.5,-2.6999999999999957,-1.1000000000000014
2026-09-20 18:00:00+00:00,2026-09-21T01:00:00+07:00,45.0,29.7,1976.0,50.0,24.3,18.0,-1.0,-1.8369701987210297e-16,46.1,48.8,48.3,49.0,50.0,55.0,24.9,25.6,26.7,5.56719558365492,-2.6999999999999957,-1.1000000000000014,1.7999999999999972
2026-09-20 19:00:00+00:00,2026-09-21T02:00:00+07:00,46.8,30.6,2104.0,54.0,23.6,19.0,-0.9659258262890684,0.2588190451025203,45.0,46.1,48.8,50.0,49.0,50.0,24.3,24.9,25.6,1.6621271511731501,-1.1000000000000014,1.7999999999999972,-3.3999999999999986
2026-09-20 20:00:00+00:00,2026-09-21T03:00:00+07:00,43.4,28.1,1813.0,52.0,23.5,20.0,-0.8660254037844386,0.5000000000000001,46.8,45.0,46.1,54.0,50.0,49.0,23.6,24.3,24.9,1.4039230748158267,1.7999999999999972,-3.3999999999999986,8.899999999999999
2026-09-20 21:00:00+00:00,2026-09-21T04:00:00+07:00,52.3,34.5,2347.0,54.0,23.0,21.0,-0.7071067811865477,0.7071067811865474,43.4,46.8,45.0,52.0,54.0,50.0,23.5,23.6,24.3,2.0287927444665907,-3.3999999999999986,8.899999999999999,-4.5
2026-09-20 22:00:00+00:00,2026-09-21T05:00:00+07:00,47.8,31.2,2148.0,55.0,22.8,22.0,-0.5000000000000004,0.8660254037844384,52.3,43.4,46.8,54.0,52.0,54.0,23.0,23.5,23.6,3.1341133780811097,8.899999999999999,-4.5,1.8000000000000043
2026-09-20 23:00:00+00:00,2026-09-21T06:00:00+07:00,49.6,32.3,2288.0,52.0,23.4,23.0,-0.25881904510252157,0.9659258262890681,47.8,52.3,43.4,55.0,54.0,52.0,22.8,23.0,23.5,3.0489342400255715,-4.5,1.8000000000000043,4.0
2026-09-21 00:00:00+00:00,2026-09-21T07:00:00+07:00,53.6,34.7,2538.0,50.0,25.2,0.0,0.0,1.0,49.6,47.8,52.3,52.0,55.0,54.0,23.4,22.8,23.0,3.1965085119027927,1.8000000000000043,4.0,0.8999999999999986
2026-09-21 01:00:00+00:00,2026-09-21T08:00:00+07:00,54.5,35.0,2630.0,48.0,26.9,1.0,0.25881904510252074,0.9659258262890683,53.6,49.6,47.8,50.0,52.0,55.0,25.2,23.4,22.8,3.741880097847482,4.0,0.8999999999999986,-7.299999999999997
2026-09-21 02:00:00+00:00,2026-09-21T09:00:00+07:00,47.2,31.0,2119.0,43.0,29.0,2.0,0.49999999999999994,0.8660254037844387,54.5,53.6,49.6,48.0,50.0,52.0,26.9,25.2,23.4,4.1670133189132565,0.8999999999999986,-7.299999999999997,-14.900000000000006
2026-09-21 03:00:00+00:00,2026-09-21T10:00:00+07:00,32.3,22.0,1201.0,35.0,31.8,3.0,0.7071067811865475,0.7071067811865476,47.2,54.5,53.6,43.0,48.0,50.0,29.0,26.9,25.2,3.071590250451248,-7.299999999999997,-14.900000000000006,0.5
2026-09-21 04:00:00+00:00,2026-09-21T11:00:00+07:00,32.8,22.3,1247.0,32.0,33.9,4.0,0.8660254037844386,0.5000000000000001,32.3,47.2,54.5,35.0,43.0,48.0,31.8,29.0,26.9,8.022967032214476,-14.900000000000006,0.5,1.6000000000000014
2026-09-21 05:00:00+00:00,2026-09-21T12:00:00+07:00,34.4,23.5,1370.0,30.0,35.2,5.0,0.9659258262890683,0.25881904510252074,32.8,32.3,47.2,32.0,35.0,43.0,33.9,31.8,29.0,10.003399422196448,0.5,1.6000000000000014,-2.299999999999997
2026-09-21 06:00:00+00:00,2026-09-21T13:00:00+07:00,32.1,22.3,1245.0,30.0,35.6,6.0,1.0,6.123233995736766e-17,34.4,32.8,32.3,30.0,32.0,35.0,35.2,33.9,31.8,10.516970412940545,1.6000000000000014,-2.299999999999997,1.0
2026-09-21 07:00:00+00:00,2026-09-21T14:00:00+07:00,33.1,22.8,1284.0,32.0,34.2,7.0,0.9659258262890683,-0.25881904510252063,32.1,34.4,32.8,30.0,30.0,32.0,35.6,35.2,33.9,9.586535696833689,-2.299999999999997,1.0,1.6000000000000014
2026-09-21 08:00:00+00:00,2026-09-21T15:00:00+07:00,34.7,23.6,1370.0,38.0,32.0,8.0,0.8660254037844387,-0.4999999999999998,33.1,32.1,34.4,32.0,30.0,30.0,34.2,35.6,35.2,5.877896449127564,1.0,1.6000000000000014,5.599999999999994
2026-09-21 09:00:00+00:00,2026-09-21T16:00:00+07:00,40.3,27.1,1684.0,42.0,30.5,9.0,0.7071067811865476,-0.7071067811865475,34.7,33.1,32.1,38.0,32.0,30.0,32.0,34.2,35.6,1.0838204033262677,1.6000000000000014,5.599999999999994,5.0
2026-09-21 10:00:00+00:00,2026-09-21T17:00:00+07:00,45.3,30.0,2003.0,46.0,28.9,10.0,0.49999999999999994,-0.8660254037844387,40.3,34.7,33.1,42.0,38.0,32.0,30.5,32.0,34.2,2.975679194178428,5.599999999999994,5.0,6.900000000000006
2026-09-21 11:00:00+00:00,2026-09-21T18:00:00+07:00,52.2,34.1,2483.0,50.0,27.9,11.0,0.258819045102521,-0.9659258262890682,45.3,40.3,34.7,46.0,42.0,38.0,28.9,30.5,32.0,5.105193434141337,5.0,6.900000000000006,-9.100000000000001
2026-09-21 12:00:00+00:00,2026-09-21T19:00:00+07:00,43.1,28.6,1866.0,48.0,27.1,12.0,1.2246467991473532e-16,-1.0,52.2,45.3,40.3,50.0,46.0,42.0,27.9,28.9,30.5,7.927778167094905,6.900000000000006,-9.100000000000001,0.29999999999999716
2026-09-21 13:00:00+00:00,2026-09-21T20:00:00+07:00,43.4,29.0,1909.0,52.0,26.3,13.0,-0.2588190451025208,-0.9659258262890683,43.1,52.2,45.3,48.0,50.0,46.0,27.1,27.9,28.9,7.067036153862529,-9.100000000000001,0.29999999999999716,-7.5
2026-09-21 14:00:00+00:00,2026-09-21T21:00:00+07:00,35.9,24.4,1434.0,54.0,25.7,14.0,-0.4999999999999997,-0.8660254037844388,43.4,43.1,52.2,52.0,48.0,50.0,26.3,27.1,27.9,5.763910709463396,0.29999999999999716,-7.5,-3.1000000000000014
2026-09-21 15:00:00+00:00,2026-09-21T22:00:00+07:00,32.8,22.3,1250.0,56.0,25.3,15.0,-0.7071067811865471,-0.7071067811865479,35.9,43.4,43.1,54.0,52.0,48.0,25.7,26.3,27.1,5.422053731444097,-7.5,-3.1000000000000014,-1.0999999999999979
2026-09-21 16:00:00+00:00,2026-09-21T23:00:00+07:00,31.7,21.6,1155.0,56.0,25.1,16.0,-0.8660254037844384,-0.5000000000000004,32.8,35.9,43.4,56.0,54.0,52.0,25.3,25.7,26.3,6.926302524916653,-3.1000000000000014,-1.0999999999999979,1.9000000000000021
2026-09-21 17:00:00+00:00,2026-09-22T00:00:00+07:00,33.6,22.5,1254.0,56.0,25.2,17.0,-0.9659258262890683,-0.25881904510252063,31.7,32.8,35.9,56.0,56.0,54.0,25.1,25.3,25.7,7.841109615354196,-1.0999999999999979,1.9000000000000021,1.7999999999999972
2026-09-21 18:00:00+00:00,2026-09-22T01:00:00+07:00,35.4,23.7,1381.0,55.0,24.8,18.0,-1.0,-1.8369701987210297e-16,33.6,31.7,32.8,56.0,56.0,56.0,25.2,25.1,25.3,5.221015226945797,1.9000000000000021,1.7999999999999972,7.0
2026-09-21 19:00:00+00:00,2026-09-22T02:00:00+07:00,42.4,27.8,1754.0,56.0,24.0,19.0,-0.9659258262890684,0.2588190451025203,35.4,33.6,31.7,55.0,56.0,56.0,24.8,25.2,25.1,4.1931690481861645,1.7999999999999972,7.0,2.0
2026-09-21 20:00:00+00:00,2026-09-22T03:00:00+07:00,44.4,28.8,1879.0,56.0,23.5,20.0,-0.8660254037844386,0.5000000000000001,42.4,35.4,33.6,56.0,55.0,56.0,24.0,24.8,25.2,3.8178527996767757,7.0,2.0,3.8999999999999986
2026-09-21 21:00:00+00:00,2026-09-22T04:00:00+07:00,48.3,31.1,2170.0,55.0,23.2,21.0,-0.7071067811865477,0.7071067811865474,44.4,42.4,35.4,56.0,56.0,55.0,23.5,24.0,24.8,5.353285595469996,2.0,3.8999999999999986,-1.3999999999999986
2026-09-21 22:00:00+00:00,2026-09-22T05:00:00+07:00,46.9,30.3,2046.0,54.0,22.9,22.0,-0.5000000000000004,0.8660254037844384,48.3,44.4,42.4,55.0,56.0,56.0,23.2,23.5,24.0,6.664532991890731,3.8999999999999986,-1.3999999999999986,13.0
2026-09-21 23:00:00+00:00,2026-09-22T06:00:00+07:00,59.9,38.9,2909.0,54.0,23.5,23.0,-0.25881904510252157,0.9659258262890681,46.9,48.3,44.4,54.0,55.0,56.0,22.9,23.2,23.5,6.0592628814623,-1.3999999999999986,13.0,-0.5
2026-09-22 00:00:00+00:00,2026-09-22T07:00:00+07:00,59.4,37.3,2810.0,53.0,24.9,0.0,0.0,1.0,59.9,46.9,48.3,54.0,54.0,55.0,23.5,22.9,23.2,8.085893065497904,13.0,-0.5,-4.0
2026-09-22 01:00:00+00:00,2026-09-22T08:00:00+07:00,55.4,34.9,2566.0,49.0,26.6,1.0,0.25881904510252074,0.9659258262890683,59.4,59.9,46.9,53.0,54.0,54.0,24.9,23.5,22.9,7.585622365150227,-0.5,-4.0,-7.699999999999996
2026-09-22 02:00:00+00:00,2026-09-22T09:00:00+07:00,47.7,30.8,2119.0,43.0,28.6,2.0,0.49999999999999994,0.8660254037844387,55.4,59.4,59.9,49.0,53.0,54.0,26.6,24.9,23.5,6.712798720851644,-4.0,-7.699999999999996,-5.900000000000006
2026-09-22 03:00:00+00:00,2026-09-22T10:00:00+07:00,41.8,27.7,1736.0,37.0,30.9,3.0,0.7071067811865475,0.7071067811865476,47.7,55.4,59.4,43.0,49.0,53.0,28.6,26.6,24.9,6.028156158118957,-7.699999999999996,-5.900000000000006,-3.1999999999999957
2026-09-22 04:00:00+00:00,2026-09-22T11:00:00+07:00,38.6,25.5,1541.0,31.0,33.3,4.0,0.8660254037844386,0.5000000000000001,41.8,47.7,55.4,37.0,43.0,49.0,30.9,28.6,26.6,7.444931161535396,-5.900000000000006,-3.1999999999999957,8.5
2026-09-22 05:00:00+00:00,2026-09-22T12:00:00+07:00,47.1,31.1,2156.0,32.0,34.9,5.0,0.9659258262890683,0.25881904510252074,38.6,41.8,47.7,31.0,37.0,43.0,33.3,30.9,28.6,9.129220485160129,-3.1999999999999957,8.5,-3.200000000000003
2026-09-22 06:00:00+00:00,2026-09-22T13:00:00+07:00,43.9,29.4,1941.0,34.0,34.9,6.0,1.0,6.123233995736766e-17,47.1,38.6,41.8,32.0,31.0,37.0,34.9,33.3,30.9,7.896243832776901,8.5,-3.200000000000003,-4.899999999999999
2026-09-22 07:00:00+00:00,2026-09-22T14:00:00+07:00,39.0,26.3,1604.0,34.0,34.1,7.0,0.9659258262890683,-0.25881904510252063,43.9,47.1,38.6,34.0,32.0,31.0,34.9,34.9,33.3,5.811970405981126,-3.200000000000003,-4.899999999999999,-2.0
2026-09-22 08:00:00+00:00,2026-09-22T15:00:00+07:00,37.0,25.0,1482.0,36.0,32.2,8.0,0.8660254037844387,-0.4999999999999998,39.0,43.9,47.1,34.0,34.0,32.0,34.1,34.9,34.9,3.911734483150268,-4.899999999999999,-2.0,2.0
2026-09-22 09:00:00+00:00,2026-09-22T16:00:00+07:00,39.0,26.0,1582.0,40.0,30.6,9.0,0.7071067811865476,-0.7071067811865475,37.0,39.0,43.9,36.0,34.0,34.0,32.2,34.1,34.9,3.7866431924155144,-2.0,2.0,4.600000000000001
2026-09-22 10:00:00+00:00,2026-09-22T17:00:00+07:00,43.6,28.7,1861.0,48.0,28.7,10.0,0.49999999999999994,-0.8660254037844387,39.0,37.0,39.0,40.0,36.0,34.0,30.6,32.2,34.1,3.8743601622289496,2.0,4.600000000000001,-1.1000000000000014
2026-09-22 11:00:00+00:00,2026-09-22T18:00:00+07:00,42.5,27.9,1771.0,49.0,27.8,11.0,0.258819045102521,-0.9659258262890682,43.6,39.0,37.0,48.0,40.0,36.0,28.7,30.6,32.2,3.852791196003246,4.600000000000001,-1.1000000000000014,-2.700000000000003
2026-09-22 12:00:00+00:00,2026-09-22T19:00:00+07:00,39.8,26.3,1582.0,50.0,27.4,12.0,1.2246467991473532e-16,-1.0,42.5,43.6,39.0,49.0,48.0,40.0,27.8,28.7,30.6,2.872397372695278,-1.1000000000000014,-2.700000000000003,1.6000000000000014
2026-09-22 13:00:00+00:00,2026-09-22T20:00:00+07:00,41.4,27.5,1717.0,50.0,26.9,13.0,-0.2588190451025208,-0.9659258262890683,39.8,42.5,43.6,50.0,49.0,48.0,27.4,27.8,28.7,2.4541801074900795,-2.700000000000003,1.6000000000000014,-3.799999999999997
2026-09-22 14:00:00+00:00,2026-09-22T21:00:00+07:00,37.6,25.1,1483.0,53.0,26.4,14.0,-0.4999999999999997,-0.8660254037844388,41.4,39.8,42.5,50.0,50.0,49.0,26.9,27.4,27.8,2.4246649253041226,1.6000000000000014,-3.799999999999997,-0.20000000000000284
2026-09-22 15:00:00+00:00,2026-09-22T22:00:00+07:00,37.4,24.6,1442.0,55.0,25.9,15.0,-0.7071067811865471,-0.7071067811865479,37.6,41.4,39.8,53.0,50.0,50.0,26.4,26.9,27.4,2.255437873229953,-3.799999999999997,-0.20000000000000284,8.0
2026-09-22 16:00:00+00:00,2026-09-22T23:00:00+07:00,45.4,29.6,1975.0,56.0,25.4,16.0,-0.8660254037844384,-0.5000000000000004,37.4,37.6,41.4,55.0,53.0,50.0,25.9,26.4,26.9,2.5631360999109463,-0.20000000000000284,8.0,28.199999999999996
2026-09-22 17:00:00+00:00,2026-09-23T00:00:00+07:00,73.6,46.0,3426.0,57.0,24.7,17.0,-0.9659258262890683,-0.25881904510252063,45.4,37.4,37.6,56.0,55.0,53.0,25.4,25.9,26.4,3.070124861738804,8.0,28.199999999999996,9.200000000000003
2026-09-22 18:00:00+00:00,2026-09-23T01:00:00+07:00,82.8,50.5,3787.0,58.0,24.2,18.0,-1.0,-1.8369701987210297e-16,73.6,45.4,37.4,57.0,56.0,55.0,24.7,25.4,25.9,13.900599507455317,28.199999999999996,9.200000000000003,-11.099999999999994
2026-09-22 19:00:00+00:00,2026-09-23T02:00:00+07:00,71.7,44.7,3351.0,59.0,23.6,19.0,-0.9659258262890684,0.2588190451025203,82.8,73.6,45.4,58.0,57.0,56.0,24.2,24.7,25.4,19.926029877189972,9.200000000000003,-11.099999999999994,10.200000000000003
2026-09-22 20:00:00+00:00,2026-09-23T03:00:00+07:00,81.9,49.6,3744.0,58.0,23.5,20.0,-0.8660254037844386,0.5000000000000001,71.7,82.8,73.6,59.0,58.0,57.0,23.6,24.2,24.7,20.22537185484281,-11.099999999999994,10.200000000000003,-9.300000000000011
2026-09-22 21:00:00+00:00,2026-09-23T04:00:00+07:00,72.6,44.7,3360.0,57.0,23.4,21.0,-0.7071067811865477,0.7071067811865474,81.9,71.7,82.8,58.0,59.0,58.0,23.5,23.6,24.2,19.3179363977281,10.200000000000003,-9.300000000000011,37.400000000000006
2026-09-22 22:00:00+00:00,2026-09-23T05:00:00+07:00,110.0,66.6,4965.0,58.0,23.2,22.0,-0.5000000000000004,0.8660254037844384,72.6,81.9,71.7,57.0,58.0,59.0,23.4,23.5,23.6,13.583470346957307,-9.300000000000011,37.400000000000006,-13.400000000000006
2026-09-22 23:00:00+00:00,2026-09-23T06:00:00+07:00,96.6,59.9,4462.0,56.0,23.7,23.0,-0.25881904510252157,0.9659258262890681,110.0,72.6,81.9,58.0,57.0,58.0,23.2,23.4,23.5,14.488616221019944,37.400000000000006,-13.400000000000006,-22.89999999999999
2026-09-23 00:00:00+00:00,2026-09-23T07:00:00+07:00,73.7,46.9,3501.0,53.0,25.3,0.0,0.0,1.0,96.6,110.0,72.6,56.0,58.0,57.0,23.7,23.2,23.4,14.82857601614764,-13.400000000000006,-22.89999999999999,-26.300000000000004
2026-09-23 01:00:00+00:00,2026-09-23T08:00:00+07:00,47.4,31.0,2122.0,48.0,26.9,1.0,0.25881904510252074,0.9659258262890683,73.7,96.6,110.0,53.0,56.0,58.0,25.3,23.7,23.2,15.655467628489061,-22.89999999999999,-26.300000000000004,-5.600000000000001
2026-09-23 02:00:00+00:00,2026-09-23T09:00:00+07:00,41.8,27.6,1725.0,42.0,28.9,2.0,0.49999999999999994,0.8660254037844387,47.4,73.7,96.6,48.0,53.0,56.0,26.9,25.3,23.7,21.61283569239976,-26.300000000000004,-5.600000000000001,-1.6999999999999957
2026-09-23 03:00:00+00:00,2026-09-23T10:00:00+07:00,40.1,26.8,1666.0,38.0,31.1,3.0,0.7071067811865475,0.7071067811865476,41.8,47.4,73.7,42.0,48.0,53.0,28.9,26.9,25.3,26.65561229209843,-5.600000000000001,-1.6999999999999957,-0.20000000000000284
2026-09-23 04:00:00+00:00,2026-09-23T11:00:00+07:00,39.9,26.9,1672.0,33.0,33.1,4.0,0.8660254037844386,0.5000000000000001,40.1,41.8,47.4,38.0,42.0,48.0,31.1,28.9,26.9,30.0107758424648,-1.6999999999999957,-0.20000000000000284,4.600000000000001
2026-09-23 05:00:00+00:00,2026-09-23T12:00:00+07:00,44.5,29.7,1998.0,31.0,35.1,5.0,0.9659258262890683,0.25881904510252074,39.9,40.1,41.8,33.0,38.0,42.0,33.1,31.1,28.9,23.440257393353612,-0.20000000000000284,4.600000000000001,3.200000000000003
2026-09-23 06:00:00+00:00,2026-09-23T13:00:00+07:00,47.7,32.2,2265.0,32.0,35.7,6.0,1.0,6.123233995736766e-17,44.5,39.9,40.1,31.0,33.0,38.0,35.1,33.1,31.1,12.957623238850642,4.600000000000001,3.200000000000003,-1.9000000000000057
2026-09-23 07:00:00+00:00,2026-09-23T14:00:00+07:00,45.8,30.6,2093.0,34.0,34.4,7.0,0.9659258262890683,-0.25881904510252063,47.7,44.5,39.9,32.0,31.0,33.0,35.7,35.1,33.1,3.499523777125814,3.200000000000003,-1.9000000000000057,-6.399999999999999
2026-09-23 08:00:00+00:00,2026-09-23T15:00:00+07:00,39.4,26.5,1609.0,39.0,31.9,8.0,0.8660254037844387,-0.4999999999999998,45.8,47.7,44.5,34.0,32.0,31.0,34.4,35.7,35.1,3.19687347262951,-1.9000000000000057,-6.399999999999999,1.8999999999999986
2026-09-23 09:00:00+00:00,2026-09-23T16:00:00+07:00,41.3,27.4,1715.0,44.0,30.3,9.0,0.7071067811865476,-0.7071067811865475,39.4,45.8,47.7,39.0,34.0,32.0,31.9,34.4,35.7,3.552463933666642,-6.399999999999999,1.8999999999999986,-1.3999999999999986
2026-09-23 10:00:00+00:00,2026-09-23T17:00:00+07:00,39.9,26.3,1614.0,45.0,28.6,10.0,0.49999999999999994,-0.8660254037844387,41.3,39.4,45.8,44.0,39.0,34.0,30.3,31.9,34.4,3.393523242885227,1.8999999999999986,-1.3999999999999986,-2.6999999999999957
2026-09-23 11:00:00+00:00,2026-09-23T18:00:00+07:00,37.2,24.6,1461.0,47.0,28.1,11.0,0.258819045102521,-0.9659258262890682,39.9,41.3,39.4,45.0,44.0,39.0,28.6,30.3,31.9,3.393523242885227,-1.3999999999999986,-2.6999999999999957,-7.100000000000001
2026-09-23 12:00:00+00:00,2026-09-23T19:00:00+07:00,30.1,20.5,1101.0,46.0,27.9,12.0,1.2246467991473532e-16,-1.0,37.2,39.9,41.3,47.0,45.0,44.0,28.1,28.6,30.3,4.038522832257971,-2.6999999999999957,-7.100000000000001,-5.900000000000002
2026-09-23 13:00:00+00:00,2026-09-23T20:00:00+07:00,24.2,14.9,870.0,44.0,27.4,13.0,-0.2588190451025208,-0.9659258262890683,30.1,37.2,39.9,46.0,47.0,45.0,27.9,28.1,28.6,5.194901346512974,-7.100000000000001,-5.900000000000002,11.000000000000004
2026-09-23 14:00:00+00:00,2026-09-23T21:00:00+07:00,35.2,23.9,1408.0,46.0,26.8,14.0,-0.4999999999999997,-0.8660254037844388,24.2,30.1,37.2,44.0,46.0,47.0,27.4,27.9,28.1,6.7500370369356,-5.900000000000002,11.000000000000004,7.0
2026-09-23 15:00:00+00:00,2026-09-23T22:00:00+07:00,42.2,27.9,1767.0,47.0,26.3,15.0,-0.7071067811865471,-0.7071067811865479,35.2,24.2,30.1,46.0,44.0,46.0,26.8,27.4,27.9,6.4574762872195155,11.000000000000004,7.0,13.299999999999997
2026-09-23 16:00:00+00:00,2026-09-23T23:00:00+07:00,55.5,35.4,2635.0,49.0,25.9,16.0,-0.8660254037844384,-0.5000000000000004,42.2,35.2,24.2,47.0,46.0,44.0,26.3,26.8,27.4,6.650413520977652,7.0,13.299999999999997,16.400000000000006
2026-09-23 17:00:00+00:00,2026-09-24T00:00:00+07:00,71.9,44.4,3348.0,51.0,25.4,17.0,-0.9659258262890683,-0.25881904510252063,55.5,42.2,35.2,49.0,47.0,46.0,25.9,26.3,26.8,10.798703625898918,13.299999999999997,16.400000000000006,-3.200000000000003
2026-09-23 18:00:00+00:00,2026-09-24T01:00:00+07:00,68.7,42.4,3178.0,53.0,24.9,18.0,-1.0,-1.8369701987210297e-16,71.9,55.5,42.2,51.0,49.0,47.0,25.4,25.9,26.3,17.734645941395875,16.400000000000006,-3.200000000000003,-12.800000000000004
2026-09-23 19:00:00+00:00,2026-09-24T02:00:00+07:00,55.9,34.9,2613.0,52.0,24.4,19.0,-0.9659258262890684,0.2588190451025203,68.7,71.9,55.5,53.0,51.0,49.0,24.9,25.4,25.9,18.995727589820543,-3.200000000000003,-12.800000000000004,6.600000000000001
2026-09-23 20:00:00+00:00,2026-09-24T03:00:00+07:00,62.5,39.2,2944.0,54.0,23.8,20.0,-0.8660254037844386,0.5000000000000001,55.9,68.7,71.9,52.0,53.0,51.0,24.4,24.9,25.4,14.35395415904631,-12.800000000000004,6.600000000000001,-4.200000000000003
2026-09-23 21:00:00+00:00,2026-09-24T04:00:00+07:00,58.3,36.7,2759.0,54.0,23.5,21.0,-0.7071067811865477,0.7071067811865474,62.5,55.9,68.7,54.0,52.0,53.0,23.8,24.4,24.9,10.729725066375325,6.600000000000001,-4.200000000000003,-7.699999999999996
2026-09-23 22:00:00+00:00,2026-09-24T05:00:00+07:00,50.6,32.8,2374.0,52.0,23.4,22.0,-0.5000000000000004,0.8660254037844384,58.3,62.5,55.9,54.0,54.0,52.0,23.5,23.8,24.4,6.873039114297964,-4.200000000000003,-7.699999999999996,28.499999999999993
2026-09-23 23:00:00+00:00,2026-09-24T06:00:00+07:00,79.1,49.4,3705.0,54.0,23.9,23.0,-0.25881904510252157,0.9659258262890681,50.6,58.3,62.5,52.0,54.0,54.0,23.4,23.5,23.8,8.01508993503315,-7.699999999999996,28.499999999999993,6.800000000000011
2026-09-24 00:00:00+00:00,2026-09-24T07:00:00+07:00,85.9,54.8,4110.0,49.0,25.6,0.0,0.0,1.0,79.1,50.6,58.3,54.0,52.0,54.0,23.9,23.4,23.5,10.166693989034474,28.499999999999993,6.800000000000011,-18.10000000000001
2026-09-24 01:00:00+00:00,2026-09-24T08:00:00+07:00,67.8,44.8,3353.0,43.0,27.5,1.0,0.25881904510252074,0.9659258262890683,85.9,79.1,50.6,49.0,54.0,52.0,25.6,23.9,23.4,13.97174529780263,6.800000000000011,-18.10000000000001,-35.099999999999994
2026-09-24 02:00:00+00:00,2026-09-24T09:00:00+07:00,32.7,22.6,1256.0,35.0,30.3,2.0,0.49999999999999994,0.8660254037844387,67.8,85.9,79.1,43.0,49.0,54.0,27.5,25.6,23.9,13.17841669802067,-18.10000000000001,-35.099999999999994,1.2999999999999972
2026-09-24 03:00:00+00:00,2026-09-24T10:00:00+07:00,34.0,23.5,1354.0,32.0,32.4,3.0,0.7071067811865475,0.7071067811865476,32.7,67.8,85.9,35.0,43.0,49.0,30.3,27.5,25.6,19.485584415151706,-35.099999999999994,1.2999999999999972,4.299999999999997
2026-09-24 04:00:00+00:00,2026-09-24T11:00:00+07:00,38.3,26.5,1621.0,31.0,34.2,4.0,0.8660254037844386,0.5000000000000001,34.0,32.7,67.8,32.0,35.0,43.0,32.4,30.3,27.5,22.75862473876668,1.2999999999999972,4.299999999999997,-2.3999999999999986
2026-09-24 05:00:00+00:00,2026-09-24T12:00:00+07:00,35.9,24.9,1483.0,32.0,34.7,5.0,0.9659258262890683,0.25881904510252074,38.3,34.0,32.7,31.0,32.0,35.0,34.2,32.4,30.3,24.110163831878097,4.299999999999997,-2.3999999999999986,-4.899999999999999
2026-09-24 06:00:00+00:00,2026-09-24T13:00:00+07:00,31.0,22.0,1211.0,32.0,34.9,6.0,1.0,6.123233995736766e-17,35.9,38.3,34.0,32.0,31.0,32.0,34.7,34.2,32.4,22.32388855016084,-2.3999999999999986,-4.899999999999999,-0.8999999999999986
2026-09-24 07:00:00+00:00,2026-09-24T14:00:00+07:00,30.1,21.3,1162.0,36.0,33.5,7.0,0.9659258262890683,-0.25881904510252063,31.0,35.9,38.3,32.0,32.0,31.0,34.9,34.7,34.2,13.876707102191133,-4.899999999999999,-0.8999999999999986,-2.0
2026-09-24 08:00:00+00:00,2026-09-24T15:00:00+07:00,28.1,19.9,1032.0,43.0,31.0,8.0,0.8660254037844387,-0.4999999999999998,30.1,31.0,35.9,36.0,32.0,32.0,33.5,34.9,34.7,3.076794869124064,-0.8999999999999986,-2.0,-0.3000000000000007
2026-09-24 09:00:00+00:00,2026-09-24T16:00:00+07:00,27.8,19.6,1014.0,46.0,29.4,9.0,0.7071067811865476,-0.7071067811865475,28.1,30.1,31.0,43.0,36.0,32.0,31.0,33.5,34.9,3.8434359627814083,-2.0,-0.3000000000000007,0.09999999999999787
2026-09-24 10:00:00+00:00,2026-09-24T17:00:00+07:00,27.9,19.6,1022.0,48.0,28.1,10.0,0.49999999999999994,-0.8660254037844387,27.8,28.1,30.1,46.0,43.0,36.0,29.4,31.0,33.5,4.295423921648253,-0.3000000000000007,0.09999999999999787,1.7000000000000028
2026-09-24 11:00:00+00:00,2026-09-24T18:00:00+07:00,29.6,20.7,1084.0,51.0,27.5,11.0,0.258819045102521,-0.9659258262890682,27.9,27.8,28.1,48.0,46.0,43.0,28.1,29.4,31.0,3.116836002530124,0.09999999999999787,1.7000000000000028,-5.5
2026-09-24 12:00:00+00:00,2026-09-24T19:00:00+07:00,24.1,15.5,880.0,52.0,27.1,12.0,1.2246467991473532e-16,-1.0,29.6,27.9,27.8,51.0,48.0,46.0,27.5,28.1,29.4,1.3407709225173041,1.7000000000000028,-5.5,-2.200000000000003
2026-09-24 13:00:00+00:00,2026-09-24T20:00:00+07:00,21.9,12.1,799.0,51.0,26.9,13.0,-0.2588190451025208,-0.9659258262890683,24.1,29.6,27.9,52.0,51.0,48.0,27.1,27.5,28.1,2.1077634275857013,-5.5,-2.200000000000003,0.9000000000000021
2026-09-24 14:00:00+00:00,2026-09-24T21:00:00+07:00,22.8,13.9,830.0,52.0,26.7,14.0,-0.4999999999999997,-0.8660254037844388,21.9,24.1,29.6,51.0,52.0,51.0,26.9,27.1,27.5,2.922784060902846,-2.200000000000003,0.9000000000000021,-0.6000000000000014
2026-09-24 15:00:00+00:00,2026-09-24T22:00:00+07:00,22.2,12.6,814.0,55.0,26.4,15.0,-0.7071067811865471,-0.7071067811865479,22.8,21.9,24.1,52.0,51.0,52.0,26.7,26.9,27.1,3.158111249887766,0.9000000000000021,-0.6000000000000014,5.800000000000001
2026-09-24 16:00:00+00:00,2026-09-24T23:00:00+07:00,28.0,19.1,1053.0,55.0,26.2,16.0,-0.8660254037844384,-0.5000000000000004,22.2,22.8,21.9,55.0,52.0,51.0,26.4,26.7,26.9,3.234037723960705,-0.6000000000000014,5.800000000000001,47.8
2026-09-24 17:00:00+00:00,2026-09-25T00:00:00+07:00,75.8,48.2,3607.0,52.0,25.7,17.0,-0.9659258262890683,-0.25881904510252063,28.0,22.2,22.8,55.0,55.0,52.0,26.2,26.4,26.7,3.2537158245101256,5.800000000000001,47.8,-8.299999999999997
2026-09-24 18:00:00+00:00,2026-09-25T01:00:00+07:00,67.5,43.2,3228.0,52.0,25.1,18.0,-1.0,-1.8369701987210297e-16,75.8,28.0,22.2,52.0,55.0,55.0,25.7,26.2,26.4,21.345881726147272,47.8,-8.299999999999997,-4.899999999999999
2026-09-24 19:00:00+00:00,2026-09-25T02:00:00+07:00,62.6,40.1,3003.0,53.0,24.5,19.0,-0.9659258262890684,0.2588190451025203,67.5,75.8,28.0,52.0,52.0,55.0,25.1,25.7,26.2,24.986556385384556,-8.299999999999997,-4.899999999999999,-5.0
2026-09-24 20:00:00+00:00,2026-09-25T03:00:00+07:00,57.6,36.8,2770.0,54.0,24.1,20.0,-0.8660254037844386,0.5000000000000001,62.6,67.5,75.8,53.0,52.0,52.0,24.5,25.1,25.7,24.710841075662902,-4.899999999999999,-5.0,-2.8000000000000043
2026-09-24 21:00:00+00:00,2026-09-25T04:00:00+07:00,54.8,35.8,2627.0,55.0,23.8,21.0,-0.7071067811865477,0.7071067811865474,57.6,62.6,67.5,54.0,53.0,52.0,24.1,24.5,25.1,21.97256622851935,-5.0,-2.8000000000000043,8.100000000000001
2026-09-24 22:00:00+00:00,2026-09-25T05:00:00+07:00,62.9,40.7,3029.0,56.0,23.5,22.0,-0.5000000000000004,0.8660254037844384,54.8,57.6,62.6,55.0,54.0,53.0,23.8,24.1,24.5,16.359513032687417,-2.8000000000000043,8.100000000000001,49.300000000000004
2026-09-24 23:00:00+00:00,2026-09-25T06:00:00+07:00,112.2,70.0,5216.0,56.0,24.2,23.0,-0.25881904510252157,0.9659258262890681,62.9,54.8,57.6,56.0,55.0,54.0,23.5,23.8,24.1,7.4693150065230105,8.100000000000001,49.300000000000004,-6.5
2026-09-25 00:00:00+00:00,2026-09-25T07:00:00+07:00,105.7,65.5,4863.0,53.0,25.9,0.0,0.0,1.0,112.2,62.9,54.8,56.0,56.0,55.0,24.2,23.5,23.8,21.335885264033543,49.300000000000004,-6.5,-61.400000000000006
2026-09-25 01:00:00+00:00,2026-09-25T08:00:00+07:00,44.3,29.1,1929.0,44.0,28.3,1.0,0.25881904510252074,0.9659258262890683,105.7,112.2,62.9,53.0,56.0,56.0,25.9,24.2,23.5,25.813536500577968,-6.5,-61.400000000000006,-11.699999999999996
2026-09-25 02:00:00+00:00,2026-09-25T09:00:00+07:00,32.6,22.7,1283.0,37.0,30.5,2.0,0.49999999999999994,0.8660254037844387,44.3,105.7,112.2,44.0,53.0,56.0,28.3,25.9,24.2,28.635601384756544,-61.400000000000006,-11.699999999999996,2.1999999999999957
2026-09-25 03:00:00+00:00,2026-09-25T10:00:00+07:00,34.8,24.2,1407.0,35.0,32.0,3.0,0.7071067811865475,0.7071067811865476,32.6,44.3,105.7,37.0,44.0,53.0,30.5,28.3,25.9,32.82272078911198,-11.699999999999996,2.1999999999999957,-2.0999999999999943
2026-09-25 04:00:00+00:00,2026-09-25T11:00:00+07:00,32.7,22.9,1304.0,32.0,33.7,4.0,0.8660254037844386,0.5000000000000001,34.8,32.6,44.3,35.0,37.0,44.0,32.0,30.5,28.3,35.43441359281497,2.1999999999999957,-2.0999999999999943,-0.5
2026-09-25 05:00:00+00:00,2026-09-25T12:00:00+07:00,32.2,22.7,1271.0,31.0,35.0,5.0,0.9659258262890683,0.25881904510252074,32.7,34.8,32.6,32.0,35.0,37.0,33.7,32.0,30.5,37.92104516843741,-2.0999999999999943,-0.5,1.5999999999999943
2026-09-25 06:00:00+00:00,2026-09-25T13:00:00+07:00,33.8,23.5,1365.0,32.0,35.3,6.0,1.0,6.123233995736766e-17,32.2,32.7,34.8,31.0,32.0,35.0,35.0,33.7,32.0,29.09534327001491,-0.5,1.5999999999999943,-1.3999999999999986
2026-09-25 07:00:00+00:00,2026-09-25T14:00:00+07:00,32.4,22.8,1274.0,34.0,33.9,7.0,0.9659258262890683,-0.25881904510252063,33.8,32.2,32.7,32.0,31.0,32.0,35.3,35.0,33.7,4.622409184253104,1.5999999999999943,-1.3999999999999986,-2.3999999999999986
2026-09-25 08:00:00+00:00,2026-09-25T15:00:00+07:00,30.0,21.3,1126.0,38.0,31.9,8.0,0.8660254037844387,-0.4999999999999998,32.4,33.8,32.2,34.0,32.0,31.0,33.9,35.3,35.0,1.0087946603086644,-1.3999999999999986,-2.3999999999999986,2.3999999999999986
2026-09-25 09:00:00+00:00,2026-09-25T16:00:00+07:00,32.4,22.3,1242.0,42.0,30.2,9.0,0.7071067811865476,-0.7071067811865475,30.0,32.4,33.8,38.0,34.0,32.0,31.9,33.9,35.3,1.6269603560015127,-2.3999999999999986,2.3999999999999986,7.399999999999999
2026-09-25 10:00:00+00:00,2026-09-25T17:00:00+07:00,39.8,26.4,1615.0,46.0,28.7,10.0,0.49999999999999994,-0.8660254037844387,32.4,30.0,32.4,42.0,38.0,34.0,30.2,31.9,33.9,1.2421755109486488,2.3999999999999986,7.399999999999999,1.7000000000000028
2026-09-25 11:00:00+00:00,2026-09-25T18:00:00+07:00,41.5,27.8,1759.0,46.0,28.2,11.0,0.258819045102521,-0.9659258262890682,39.8,32.4,30.0,46.0,42.0,38.0,28.7,30.2,31.9,3.3500248755296287,7.399999999999999,1.7000000000000028,-7.0
2026-09-25 12:00:00+00:00,2026-09-25T19:00:00+07:00,34.5,23.4,1320.0,45.0,27.7,12.0,1.2246467991473532e-16,-1.0,41.5,39.8,32.4,46.0,46.0,42.0,28.2,28.7,30.2,4.587991572209725,1.7000000000000028,-7.0,-10.600000000000001
2026-09-25 13:00:00+00:00,2026-09-25T20:00:00+07:00,23.9,13.6,838.0,44.0,27.5,13.0,-0.2588190451025208,-0.9659258262890683,34.5,41.5,39.8,45.0,46.0,46.0,27.7,28.2,28.7,4.56070170039664,-7.0,-10.600000000000001,0.20000000000000284
2026-09-25 14:00:00+00:00,2026-09-25T21:00:00+07:00,24.1,15.0,887.0,46.0,27.1,14.0,-0.4999999999999997,-0.8660254037844388,23.9,34.5,41.5,44.0,45.0,46.0,27.5,27.7,28.2,6.482412102502227,-10.600000000000001,0.20000000000000284,15.899999999999999
2026-09-25 15:00:00+00:00,2026-09-25T22:00:00+07:00,40.0,26.3,1621.0,49.0,26.6,15.0,-0.7071067811865471,-0.7071067811865479,24.1,23.9,34.5,46.0,44.0,45.0,27.1,27.5,27.7,7.517712418016572,0.20000000000000284,15.899999999999999,32.900000000000006
2026-09-25 16:00:00+00:00,2026-09-25T23:00:00+07:00,72.9,46.8,3454.0,48.0,25.7,16.0,-0.8660254037844384,-0.5000000000000004,40.0,24.1,23.9,49.0,46.0,44.0,26.6,27.1,27.5,8.076550418753502,15.899999999999999,32.900000000000006,17.599999999999994
2026-09-25 17:00:00+00:00,2026-09-26T00:00:00+07:00,90.5,57.1,4241.0,51.0,25.0,17.0,-0.9659258262890683,-0.25881904510252063,72.9,40.0,24.1,48.0,49.0,46.0,25.7,26.6,27.1,18.02957755097628,32.900000000000006,17.599999999999994,11.0
2026-09-25 18:00:00+00:00,2026-09-26T01:00:00+07:00,101.5,63.0,4710.0,52.0,24.6,18.0,-1.0,-1.8369701987210297e-16,90.5,72.9,40.0,51.0,48.0,49.0,25.0,25.7,26.6,27.654276342005446,17.599999999999994,11.0,-5.299999999999997
2026-09-25 19:00:00+00:00,2026-09-26T02:00:00+07:00,96.2,59.9,4451.0,53.0,24.4,19.0,-0.9659258262890684,0.2588190451025203,101.5,90.5,72.9,52.0,51.0,48.0,24.6,25.0,25.7,34.06619536529828,11.0,-5.299999999999997,-28.799999999999997
2026-09-25 20:00:00+00:00,2026-09-26T03:00:00+07:00,67.4,42.7,3193.0,52.0,24.1,20.0,-0.8660254037844386,0.5000000000000001,96.2,101.5,90.5,53.0,52.0,51.0,24.4,24.6,25.0,31.967650315071182,-5.299999999999997,-28.799999999999997,7.699999999999989
2026-09-25 21:00:00+00:00,2026-09-26T04:00:00+07:00,75.1,47.1,3525.0,55.0,23.7,21.0,-0.7071067811865477,0.7071067811865474,67.4,96.2,101.5,52.0,53.0,52.0,24.1,24.4,24.6,22.90008005808432,-28.799999999999997,7.699999999999989,0.30000000000001137
2026-09-25 22:00:00+00:00,2026-09-26T05:00:00+07:00,75.4,47.8,3557.0,56.0,23.4,22.0,-0.5000000000000004,0.8660254037844384,75.1,67.4,96.2,55.0,52.0,53.0,23.7,24.1,24.4,13.966340489429282,7.699999999999989,0.30000000000001137,25.39999999999999
2026-09-25 23:00:00+00:00,2026-09-26T06:00:00+07:00,100.8,63.1,4697.0,56.0,24.2,23.0,-0.25881904510252157,0.9659258262890681,75.4,75.1,67.4,56.0,55.0,52.0,23.4,23.7,24.1,13.603933254761474,0.30000000000001137,25.39999999999999,5.900000000000006
2026-09-26 00:00:00+00:00,2026-09-26T07:00:00+07:00,106.7,66.8,4952.0,52.0,25.9,0.0,0.0,1.0,100.8,75.4,75.1,56.0,56.0,55.0,24.2,23.4,23.7,15.102538417983643,25.39999999999999,5.900000000000006,-66.30000000000001
2026-09-26 01:00:00+00:00,2026-09-26T08:00:00+07:00,40.4,27.4,1740.0,41.0,28.6,1.0,0.25881904510252074,0.9659258262890683,106.7,100.8,75.4,52.0,56.0,56.0,25.9,24.2,23.4,16.26943965435417,5.900000000000006,-66.30000000000001,-4.799999999999997
2026-09-26 02:00:00+00:00,2026-09-26T09:00:00+07:00,35.6,24.6,1452.0,35.0,30.9,2.0,0.49999999999999994,0.8660254037844387,40.4,106.7,100.8,41.0,52.0,56.0,28.6,25.9,24.2,24.0167164005963,-66.30000000000001,-4.799999999999997,1.6999999999999957
2026-09-26 03:00:00+00:00,2026-09-26T10:00:00+07:00,37.3,25.8,1568.0,33.0,32.7,3.0,0.7071067811865475,0.7071067811865476,35.6,40.4,106.7,35.0,41.0,52.0,30.9,28.6,25.9,29.58902949856029,-4.799999999999997,1.6999999999999957,0.0
2026-09-26 04:00:00+00:00,2026-09-26T11:00:00+07:00,37.3,26.0,1575.0,32.0,34.2,4.0,0.8660254037844386,0.5000000000000001,37.3,35.6,40.4,33.0,35.0,41.0,32.7,30.9,28.6,32.738641796303504,1.6999999999999957,0.0,-10.399999999999999
2026-09-26 05:00:00+00:00,2026-09-26T12:00:00+07:00,26.9,19.8,1026.0,26.0,35.2,5.0,0.9659258262890683,0.25881904510252074,37.3,37.3,35.6,32.0,33.0,35.0,34.2,32.7,30.9,34.21996006231846,0.0,-10.399999999999999,-1.0999999999999979
2026-09-26 06:00:00+00:00,2026-09-26T13:00:00+07:00,25.8,18.6,978.0,27.0,35.4,6.0,1.0,6.123233995736766e-17,26.9,37.3,37.3,26.0,32.0,33.0,35.2,34.2,32.7,29.424456947693525,-10.399999999999999,-1.0999999999999979,-0.10000000000000142
2026-09-26 07:00:00+00:00,2026-09-26T14:00:00+07:00,25.7,17.8,971.0,28.0,34.3,7.0,0.9659258262890683,-0.25881904510252063,25.8,26.9,37.3,27.0,26.0,32.0,35.4,35.2,34.2,6.047616610423395,-1.0999999999999979,-0.10000000000000142,3.900000000000002
2026-09-26 08:00:00+00:00,2026-09-26T15:00:00+07:00,29.6,20.9,1108.0,34.0,32.1,8.0,0.8660254037844387,-0.4999999999999998,25.7,25.8,26.9,28.0,27.0,26.0,34.3,35.4,35.2,5.8541153615784545,-0.10000000000000142,3.900000000000002,5.600000000000001
2026-09-26 09:00:00+00:00,2026-09-26T16:00:00+07:00,35.2,23.7,1371.0,40.0,30.3,9.0,0.7071067811865476,-0.7071067811865475,29.6,25.7,25.8,34.0,28.0,27.0,32.1,34.3,35.4,5.501878467093651,3.900000000000002,5.600000000000001,6.799999999999997
2026-09-26 10:00:00+00:00,2026-09-26T17:00:00+07:00,42.0,27.6,1755.0,43.0,28.8,10.0,0.49999999999999994,-0.8660254037844387,35.2,29.6,25.7,40.0,34.0,28.0,30.3,32.1,34.3,5.023710448131818,5.600000000000001,6.799999999999997,-6.799999999999997
2026-09-26 11:00:00+00:00,2026-09-26T18:00:00+07:00,35.2,23.1,1316.0,42.0,28.0,11.0,0.258819045102521,-0.9659258262890682,42.0,35.2,29.6,43.0,40.0,34.0,28.8,30.3,32.1,6.5181797049996115,6.799999999999997,-6.799999999999997,-11.100000000000001
2026-09-26 12:00:00+00:00,2026-09-26T19:00:00+07:00,24.1,14.3,859.0,42.0,27.5,12.0,1.2246467991473532e-16,-1.0,35.2,42.0,35.2,42.0,43.0,40.0,28.0,28.8,30.3,6.3874094905526615,-6.799999999999997,-11.100000000000001,-5.900000000000002
2026-09-26 13:00:00+00:00,2026-09-26T20:00:00+07:00,18.2,8.3,687.0,43.0,27.2,13.0,-0.2588190451025208,-0.9659258262890683,24.1,35.2,42.0,42.0,42.0,43.0,27.5,28.0,28.8,6.757711644237927,-11.100000000000001,-5.900000000000002,5.800000000000001
2026-09-26 14:00:00+00:00,2026-09-26T21:00:00+07:00,24.0,14.9,897.0,43.0,26.9,14.0,-0.4999999999999997,-0.8660254037844388,18.2,24.1,35.2,43.0,42.0,42.0,27.2,27.5,28.0,8.59311740095926,-5.900000000000002,5.800000000000001,6.800000000000001
2026-09-26 15:00:00+00:00,2026-09-26T22:00:00+07:00,30.8,20.9,1170.0,44.0,26.7,15.0,-0.7071067811865471,-0.7071067811865479,24.0,18.2,24.1,43.0,43.0,42.0,26.9,27.2,27.5,9.031592698227085,5.800000000000001,6.800000000000001,20.7
2026-09-26 16:00:00+00:00,2026-09-26T23:00:00+07:00,51.5,33.8,2385.0,45.0,25.9,16.0,-0.8660254037844384,-0.5000000000000004,30.8,24.0,18.2,44.0,43.0,43.0,26.7,26.9,27.2,8.675425061632549,6.800000000000001,20.7,-19.8
2026-09-26 17:00:00+00:00,2026-09-27T00:00:00+07:00,31.7,21.9,1227.0,41.0,25.9,17.0,-0.9659258262890683,-0.25881904510252063,51.5,30.8,24.0,45.0,44.0,43.0,25.9,26.7,26.9,11.811632684208767,20.7,-19.8,-10.399999999999999
2026-09-26 18:00:00+00:00,2026-09-27T01:00:00+07:00,21.3,12.0,800.0,39.0,26.1,18.0,-1.0,-1.8369701987210297e-16,31.7,51.5,30.8,41.0,45.0,44.0,25.9,25.9,26.7,11.625962325760485,-19.8,-10.399999999999999,17.2
2026-09-26 19:00:00+00:00,2026-09-27T02:00:00+07:00,38.5,24.7,1754.0,42.0,25.6,19.0,-0.9659258262890684,0.2588190451025203,21.3,31.7,51.5,39.0,41.0,45.0,26.1,25.9,25.9,11.963848321784626,-10.399999999999999,17.2,29.400000000000006
2026-09-26 20:00:00+00:00,2026-09-27T03:00:00+07:00,67.9,43.2,3247.0,50.0,24.5,20.0,-0.8660254037844386,0.5000000000000001,38.5,21.3,31.7,42.0,39.0,41.0,25.6,26.1,25.9,10.926237534790689,17.2,29.400000000000006,9.799999999999997
2026-09-26 21:00:00+00:00,2026-09-27T04:00:00+07:00,77.7,48.8,3648.0,54.0,23.7,21.0,-0.7071067811865477,0.7071067811865474,67.9,38.5,21.3,50.0,42.0,39.0,24.5,25.6,26.1,16.826457341540117,29.400000000000006,9.799999999999997,13.299999999999997
2026-09-26 22:00:00+00:00,2026-09-27T05:00:00+07:00,91.0,55.3,4145.0,58.0,23.4,22.0,-0.5000000000000004,0.8660254037844384,77.7,67.9,38.5,54.0,50.0,42.0,23.7,24.5,25.6,21.721510076419708,9.799999999999997,13.299999999999997,22.0
2026-09-26 23:00:00+00:00,2026-09-27T06:00:00+07:00,113.0,68.1,5085.0,59.0,23.9,23.0,-0.25881904510252157,0.9659258262890681,91.0,77.7,67.9,58.0,54.0,50.0,23.4,23.7,24.5,28.0283011733974,13.299999999999997,22.0,-13.200000000000003
2026-09-27 00:00:00+00:00,2026-09-27T07:00:00+07:00,99.8,61.4,4561.0,53.0,25.4,0.0,0.0,1.0,113.0,91.0,77.7,59.0,58.0,54.0,23.9,23.4,23.7,33.760667449958255,22.0,-13.200000000000003,-29.700000000000003
2026-09-27 01:00:00+00:00,2026-09-27T08:00:00+07:00,70.1,45.0,3386.0,44.0,27.5,1.0,0.25881904510252074,0.9659258262890683,99.8,113.0,91.0,53.0,59.0,58.0,25.4,23.9,23.4,26.32712796084434,-13.200000000000003,-29.700000000000003,-17.999999999999993
2026-09-27 02:00:00+00:00,2026-09-27T09:00:00+07:00,52.1,34.8,2578.0,37.0,30.3,2.0,0.49999999999999994,0.8660254037844387,70.1,99.8,113.0,44.0,53.0,59.0,27.5,25.4,23.9,17.842131785935003,-29.700000000000003,-17.999999999999993,-12.399999999999999
2026-09-27 03:00:00+00:00,2026-09-27T10:00:00+07:00,39.7,27.2,1713.0,30.0,32.7,3.0,0.7071067811865475,0.7071067811865476,52.1,70.1,99.8,37.0,44.0,53.0,30.3,27.5,25.4,21.86382857598379,-17.999999999999993,-12.399999999999999,-0.9000000000000057
2026-09-27 04:00:00+00:00,2026-09-27T11:00:00+07:00,38.8,26.4,1635.0,28.0,35.0,4.0,0.8660254037844386,0.5000000000000001,39.7,52.1,70.1,30.0,37.0,44.0,32.7,30.3,27.5,28.52531624130873,-12.399999999999999,-0.9000000000000057,2.6000000000000014
2026-09-27 05:00:00+00:00,2026-09-27T12:00:00+07:00,41.4,28.5,1835.0,29.0,36.2,5.0,0.9659258262890683,0.25881904510252074,38.8,39.7,52.1,28.0,30.0,37.0,35.0,32.7,30.3,31.43866515402127,-0.9000000000000057,2.6000000000000014,-3.799999999999997
2026-09-27 06:00:00+00:00,2026-09-27T13:00:00+07:00,37.6,26.1,1585.0,31.0,35.6,6.0,1.0,6.123233995736766e-17,41.4,38.8,39.7,29.0,28.0,30.0,36.2,35.0,32.7,24.088787156406827,2.6000000000000014,-3.799999999999997,-1.8000000000000043
2026-09-27 07:00:00+00:00,2026-09-27T14:00:00+07:00,35.8,24.3,1436.0,35.0,33.7,7.0,0.9659258262890683,-0.25881904510252063,37.6,41.4,38.8,31.0,29.0,28.0,35.6,36.2,35.0,12.641110183313407,-3.799999999999997,-1.8000000000000043,-3.299999999999997
2026-09-27 08:00:00+00:00,2026-09-27T15:00:00+07:00,32.5,22.7,1279.0,38.0,32.2,8.0,0.8660254037844387,-0.4999999999999998,35.8,37.6,41.4,35.0,31.0,29.0,33.7,35.6,36.2,5.80413645601161,-1.8000000000000043,-3.299999999999997,-0.10000000000000142
2026-09-27 09:00:00+00:00,2026-09-27T16:00:00+07:00,32.4,22.4,1247.0,44.0,30.7,9.0,0.7071067811865476,-0.7071067811865475,32.5,35.8,37.6,38.0,35.0,31.0,32.2,33.7,35.6,3.1474857690972176,-3.299999999999997,-0.10000000000000142,5.600000000000001
2026-09-27 10:00:00+00:00,2026-09-27T17:00:00+07:00,38.0,25.4,1537.0,49.0,29.5,10.0,0.49999999999999994,-0.8660254037844387,32.4,32.5,35.8,44.0,38.0,35.0,30.7,32.2,33.7,3.5712276133942282,-0.10000000000000142,5.600000000000001,1.1000000000000014
2026-09-27 11:00:00+00:00,2026-09-27T18:00:00+07:00,39.1,26.2,1592.0,52.0,28.7,11.0,0.258819045102521,-0.9659258262890682,38.0,32.4,32.5,49.0,44.0,38.0,29.5,30.7,32.2,3.4781700169297975,5.600000000000001,1.1000000000000014,0.19999999999999574
2026-09-27 12:00:00+00:00,2026-09-27T19:00:00+07:00,39.3,26.1,1571.0,54.0,28.1,12.0,1.2246467991473532e-16,-1.0,39.1,38.0,32.4,52.0,49.0,44.0,28.7,29.5,30.7,2.876108481960085,1.1000000000000014,0.19999999999999574,-2.299999999999997
